<?xml version='1.0' encoding='utf-8'?>
<list>
	<char>
		<PlayerID set="-1"/>
		<IsGM set="true"/>
		<CanUseGMCommand set="true"/>
		<GodMode set="true"/>
		<CanAnnounce set="true"/>
		<UseGMShop set="true"/>
		<CanTeleport set="true"/>
		<Rider set="true"/>
		<FastUnstuck set="true"/>
		<ResurectFixed set="true"/>
		<CanChangeClass set="false"/>
		<UseTrade set="false"/>
		<CanAttack set="false"/>
		<CanJoinClan set="false"/>
		<BlockInventory set="true"/>
		<IsEventGm set="true"/>
		<CanJail set="true"/>
		<CanPolymorph set="true"/>
		<Door set="true"/>
	</char>
</list>