<?xml version='1.0' encoding='utf-8'?>
<list>
	<char>
		<PlayerID set="-1"/>
		<IsGM set="true"/>
		<CanUseGMCommand set="true"/>
		<CanAnnounce set="true"/>
		<CanBan set="true"/>
		<CanBanChat set="true"/>
		<UseGMShop set="true"/>
		<CanKick set="true"/>
		<GodMode set="true"/>
		<CanViewChar set="true"/>
		<CanViewNPC set="true"/>
		<CanTeleport set="true"/>
		<CanRestart set="true"/>
		<FastUnstuck set="true"/>
		<ResurectFixed set="true"/>
		<Door set="true"/>
		<PeaceAttack set="false"/>
		<UseTrade set="false"/>
		<CanAttack set="false"/>
		<CanJoinClan set="false"/>
		<BlockInventory set="true"/>
		<CanRename set="true"/>
		<CanJail set="true"/>
	</char>
</list>