<?xml version='1.0' encoding='utf-8'?>
<!DOCTYPE list SYSTEM "armor_sets.dtd">
<!-- 
@pchayka
id - порядковый номер сета (хранение, соответствует скриптам)
Все прочие параметры могут быть указаны как массив строк, разделенных ";" - legs="2402;11378". 
Уровень и ид скила разделяется "-"
Если у сета нет части или умения, параметр указывать не нужно
3006 скилл сета добавляется сервером, вносить сюда его не нужно
 -->
<list>
	<set id="1" chest="23" legs="2386" head="43" skills="3500-1" />
	<set id="2" chest="1101" legs="1104" head="44" skills="3501-1" />
	<set id="3" chest="9670" legs="9671" head="9669" skills="3359-1" />
	<set id="4" chest="58" legs="59" head="47" skills="3502-1" shield="628" shield_skills="3543-1" enchant6skills="3611-1" />
	<set id="5" chest="352" legs="2378" head="2411" skills="3506-1" shield="2493" shield_skills="3544-1" enchant6skills="3611-1" />
	<set id="6" chest="394" legs="416" feet="2422" skills="3503-1" enchant6skills="3612-1" />
	<set id="7" chest="395" legs="417" feet="2424" skills="3505-1" enchant6skills="3612-1" />
	<set id="8" chest="436" legs="469" gloves="2447" skills="3504-1" enchant6skills="3613-1" />
	<set id="9" chest="437" legs="470" gloves="2450" skills="3507-1" enchant6skills="3613-1" />
	<set id="10" chest="7851" head="7850" gloves="7852" feet="7853" skills="3605-1" enchant6skills="3611-1" />
	<set id="11" chest="7854" head="7850" gloves="7855" feet="7856" skills="3606-1" enchant6skills="3612-1" />
	<set id="12" chest="7857" head="7850" gloves="7858" feet="7859" skills="3607-1" enchant6skills="3613-1" />
	<set id="13" chest="9821" head="9820" gloves="9822" feet="9823" skills="3605-1" enchant6skills="3611-1" />
	<set id="14" chest="9824" head="9820" gloves="9825" feet="9826" skills="3606-1" enchant6skills="3612-1" />
	<set id="15" chest="9827" head="9820" gloves="9828" feet="9829" skills="3607-1" enchant6skills="3613-1" />
	<set id="16" chest="16880" legs="16881" gloves="16882" skills="3507-1" />
	<set id="17" chest="15106" legs="15107;14993" gloves="15108;14994" skills="3507-1" />
	<set id="18" chest="14992" legs="15107;14993" gloves="15108;14994" skills="3507-1" />
	<set id="19" chest="16905" legs="16906" feet="16907" skills="3505-1" />
	<set id="20" chest="15131" legs="15132;15018" feet="15133;15019" skills="3505-1" />
	<set id="21" chest="15017" legs="15132;15018" feet="15133;15019" skills="3505-1" />
	<set id="22" chest="16909" legs="16910" head="16911" skills="3506-1" shield="16914" shield_skills="3544-1" />
	<set id="23" chest="15135" legs="15022;15136" head="15023;15137" skills="3506-1" shield="15026;15140" shield_skills="3544-1" />
	<set id="24" chest="15021" legs="15022;15136" head="15023;15137" skills="3506-1" shield="15026;15140" shield_skills="3544-1" />
	<set id="25" chest="354" legs="381" head="2413" skills="3509-1" shield="2495" shield_skills="3545-1" enchant6skills="3614-1" />
	<set id="26" chest="60" head="517" skills="3512-1" shield="107" shield_skills="3546-1" enchant6skills="3614-1" />
	<set id="27" chest="356" head="2414" skills="3516-1" shield="2497" shield_skills="3547-1" enchant6skills="3614-1" />
	<set id="28" chest="397" legs="2387" feet="62" skills="3508-1" enchant6skills="3615-1" />
	<set id="29" chest="398" legs="418" feet="2431" skills="3511-1" enchant6skills="3615-1" />
	<set id="30" chest="400" legs="420" feet="2436" skills="3514-1" enchant6skills="3615-1" />
	<set id="31" chest="401" feet="2437" skills="3515-1" enchant6skills="3615-1" />
	<set id="32" chest="439" legs="471" gloves="2454" skills="3510-1" enchant6skills="3616-1" />
	<set id="33" chest="441" legs="472" gloves="2459" skills="3513-1" enchant6skills="3616-1" />
	<set id="34" chest="442" legs="473" gloves="2463" skills="3517-1" enchant6skills="3616-1" />
	<set id="35" chest="16876" legs="16877" gloves="16878" skills="3510-1" />
	<set id="36" chest="15102" legs="15103;14989" gloves="15104;14990" skills="3510-1" />
	<set id="37" chest="14988" legs="15103;14989" gloves="15104;14990" skills="3510-1" />
	<set id="38" chest="16896" legs="16897" feet="16898" skills="3511-1" />
	<set id="39" chest="15122" legs="15123;15009" feet="15124;15010" skills="3511-1" />
	<set id="40" chest="15008" legs="15123;15009" feet="15124;15010" skills="3511-1" />
	<set id="41" chest="16901" head="16900" skills="3516-1" shield="16904" shield_skills="3547-1" />
	<set id="42" chest="15127" head="15012;15126" skills="3516-1" shield="15016;15130" shield_skills="3547-1" />
	<set id="43" chest="15013" head="15012;15126" skills="3516-1" shield="15016;15130" shield_skills="3547-1" />
	<set id="44" chest="357" legs="383;11355" head="503;11363" gloves="5710;11356" feet="5726;11359" skills="3518-1" shield="633" shield_skills="3547-1" enchant6skills="3617-1" />
	<set id="45" chest="2384" legs="2388;11353" head="503;12978" gloves="5711;11357" feet="5727;11360" skills="3520-1" enchant6skills="3618-1" />
	<set id="46" chest="2397" legs="2402;11378" head="503;12979" gloves="5712;11358" feet="5728;11361" skills="3522-1" enchant6skills="3619-1" />
	<set id="47" chest="2376" legs="2379;11375" head="2415;11373" gloves="5714;11365" feet="5730;11370" skills="3519-1" shield="673;11374" shield_skills="3548-1" enchant6skills="3617-1" />
	<set id="48" chest="2390" head="2415;12980" gloves="5715;11366" feet="5731;11371" skills="3521-1" enchant6skills="3618-1" />
	<set id="49" chest="2406" head="2415;12981" gloves="5716;11367" feet="5732;11372" skills="3523-1" enchant6skills="3619-1" />
	<set id="50" chest="358" legs="2380;11394" head="2416;11403" gloves="5718;11399" feet="5734;11396" skills="3524-1" enchant6skills="3617-1" />
	<set id="51" chest="2391" head="2416;12984" gloves="5719;11400" feet="5735;11397" skills="3526-1" enchant6skills="3618-1" />
	<set id="52" chest="2398" legs="2403;11404" head="2416;12985" gloves="5720;11401" feet="5736;11398" skills="3528-1" enchant6skills="3619-1" />
	<set id="53" chest="2381" head="2417;11387" gloves="5722;11379" feet="5738;11382" skills="3525-1" shield="110;11385" shield_skills="3549-1" enchant6skills="3617-1" />
	<set id="54" chest="2392" head="2417;12982" gloves="5723;11380" feet="5739;11383" skills="3527-1" enchant6skills="3618-1" />
	<set id="55" chest="2399" legs="2404;11406" head="2417;12983" gloves="5724;11381" feet="5740;11384" skills="3529-1" enchant6skills="3619-1" />
	<set id="56" chest="16888" head="16889" gloves="16891" feet="16893" skills="3527-1" />
	<set id="57" chest="15114" head="15115;15001" gloves="15117;15003" feet="15119;15005" skills="3527-1" />
	<set id="58" chest="15000" head="15115;15001" gloves="15117;15003" feet="15119;15005" skills="3527-1" />
	<set id="59" chest="16871" head="16872" gloves="16873" feet="16874" skills="3523-1" />
	<set id="60" chest="15097" head="14984;15098" gloves="14985;15099" feet="14986;15100" skills="3523-1" />
	<set id="61" chest="14983" head="14984;15098" gloves="14985;15099" feet="14986;15100" skills="3523-1" />
	<set id="62" chest="16894" head="16889" gloves="16890" feet="16892" skills="3525-1" shield="16895" shield_skills="3549-1" />
	<set id="63" chest="15120" head="15001;15115" gloves="15002;15116" feet="15004;15118" skills="3525-1" shield="15007;15121" shield_skills="3549-1" />
	<set id="64" chest="15006" head="15001;15115" gloves="15002;15116" feet="15004;15118" skills="3525-1" shield="15007;15121" shield_skills="3549-1" />
	<set id="65" chest="365" legs="388;11407" head="512;11417" gloves="5765;11408" feet="5777;11413" skills="3530-1" shield="641;11416" shield_skills="3550-1" enchant6skills="3620-1" />
	<set id="66" chest="2385" legs="2389;11419" head="512;12986" gloves="5766;11409" feet="5778;11414" skills="3532-1" enchant6skills="3621-1" />
	<set id="67" chest="2407" head="512;12987" gloves="5767;11410" feet="5779;11415" skills="3535-1" enchant6skills="3622-1" />
	<set id="68" chest="2382" head="547;11446" gloves="5768;11437" feet="5780;11441" skills="3531-1" enchant6skills="3620-1" />
	<set id="69" chest="2393" head="547;12988" gloves="5769;11438" feet="5781;11442" skills="3533-1" enchant6skills="3621-1" />
	<set id="70" chest="2400" legs="2405;11447" head="547;12989" gloves="5770;11439" feet="5782;11443" skills="3534-1" enchant6skills="3622-1" />
	<set id="71" chest="374" head="2418;11481" gloves="5771;11472" feet="5783;11477" skills="3536-1" shield="2498;11480" shield_skills="3551-1" enchant6skills="3620-1" />
	<set id="72" chest="2394" head="2418;12992" gloves="5772;11473" feet="5784;11478" skills="3538-1" enchant6skills="3621-1" />
	<set id="73" chest="2408" head="2418;12993" gloves="5773;11474" feet="5785;11479" skills="3540-1" enchant6skills="3622-1" />
	<set id="74" chest="2383" head="2419;11456" gloves="5774;11448" feet="5786;11453" skills="3537-1" enchant6skills="3620-1" />
	<set id="75" chest="2395" head="2419;12990" gloves="5775;11449" feet="5787;11454" skills="3539-1" enchant6skills="3621-1" />
	<set id="76" chest="2409" head="2419;12991" gloves="5776;11450" feet="5788;11455" skills="3541-1" enchant6skills="3622-1" />
	<set id="77" chest="7861" head="7860" gloves="7862" feet="7863" skills="3608-1" enchant6skills="3620-1" />
	<set id="78" chest="7864" head="7860" gloves="7865" feet="7866" skills="3609-1" enchant6skills="3621-1" />
	<set id="79" chest="7867" head="7860" gloves="7868" feet="7869" skills="3610-1" enchant6skills="3622-1" />
	<set id="80" chest="9831" head="9830" gloves="9832" feet="9833" skills="3608-2" enchant6skills="3620-1" />
	<set id="81" chest="9834" head="9830" gloves="9835" feet="9836" skills="3609-2" enchant6skills="3621-1" />
	<set id="82" chest="9837" head="9830" gloves="9838" feet="9839" skills="3610-2" enchant6skills="3622-1" />
	<set id="83" chest="14583" head="14582" gloves="14584" feet="14585" skills="3608-2" enchant6skills="3620-1" />
	<set id="84" chest="14586" head="14582" gloves="14587" feet="14588" skills="3609-2" enchant6skills="3621-1" />
	<set id="85" chest="14589" head="14582" gloves="14590" feet="14591" skills="3610-2" enchant6skills="3622-1" />
	<set id="86" chest="16866" head="16867" gloves="16868" feet="16869" skills="3535-1" />
	<set id="87" chest="15092" head="15093;14979" gloves="15094;14980" feet="15095;14981" skills="3535-1" />
	<set id="88" chest="14978" head="15093;14979" gloves="15094;14980" feet="15095;14981" skills="3535-1" />
	<set id="89" chest="16884" legs="16885" head="16867" gloves="16886" feet="16887" skills="3532-1" />
	<set id="90" chest="15110" legs="15111;14997" head="15093;14979" gloves="15112;14998" feet="15113;14999" skills="3532-1" />
	<set id="91" chest="14996" legs="15111;14997" head="15093;14979" gloves="15112;14998" feet="15113;14999" skills="3532-1" />
	<set id="92" chest="16915" head="16916" gloves="16917" feet="16918" skills="3536-1" shield="16919" shield_skills="3551-1" />
	<set id="93" chest="15141" head="15142;15028" gloves="15143;15029" feet="15144;15030" skills="3536-1" shield="15145;15031" shield_skills="3551-1" />
	<set id="94" chest="15027" head="15142;15028" gloves="15143;15029" feet="15144;15030" skills="3536-1" shield="15145;15031" shield_skills="3551-1" />
	<set id="95" chest="6373" legs="6374;11505" head="6378;11509" gloves="6375;11506" feet="6376;11507" skills="3553-1" shield="6377;11508" shield_skills="3554-1" enchant6skills="3623-1" />
	<set id="96" chest="6379" head="6382;11486" gloves="6380;11483" feet="6381;11484" skills="3555-1" enchant6skills="3624-1" />
	<set id="97" chest="6383" head="6386;11490" gloves="6384;11487" feet="6385;11489" skills="3556-1" enchant6skills="3625-1" />
	<set id="98" chest="9432" legs="9437;11558" head="9438;11539" gloves="9439;11514" feet="9440;11533" skills="3416-1" enchant6skills="3625-1" />
	<set id="99" chest="9433" legs="9437;11558" head="9438;11539" gloves="9439;11514" feet="9440;11533" skills="3354-1" enchant6skills="3625-1" />
	<set id="100" chest="9434" legs="9437;11558" head="9438;11539" gloves="9439;11514" feet="9440;11533" skills="3355-1" enchant6skills="3625-1" />
	<set id="101" chest="9435" legs="9437;11558" head="9438;11539" gloves="9439;11514" feet="9440;11533" skills="3356-1" enchant6skills="3625-1" />
	<set id="102" chest="9436" legs="9437;11558" head="9438;11539" gloves="9439;11514" feet="9440;11533" skills="3357-1" enchant6skills="3625-1" />
	<set id="103" chest="9416" legs="9421;11512" head="9422;11557" gloves="9423;11513" feet="9424;11526" skills="3412-1" shield="9441;11532" shield_skills="3417-1" enchant6skills="3623-1" />
	<set id="104" chest="9417" legs="9421;11512" head="9422;11557" gloves="9423;11513" feet="9424;11526" skills="3348-1" shield="9441;11532" shield_skills="3417-1" enchant6skills="3623-1" />
	<set id="105" chest="9418" legs="9421;11512" head="9422;11557" gloves="9423;11513" feet="9424;11526" skills="3349-1" shield="9441;11532" shield_skills="3417-1" enchant6skills="3623-1" />
	<set id="106" chest="9419" legs="9421;11512" head="9422;11557" gloves="9423;11513" feet="9424;11526" skills="3350-1" shield="9441;11532" shield_skills="3417-1" enchant6skills="3623-1" />
	<set id="107" chest="9420" legs="9421;11512" head="9422;11557" gloves="9423;11513" feet="9424;11526" skills="3351-1" shield="9441;11532" shield_skills="3417-1" enchant6skills="3623-1" />
	<set id="108" chest="9425" legs="9428;11516" head="9429;11525" gloves="9430;11515" feet="9431;11524" skills="3413-1" enchant6skills="3624-1" />
	<set id="109" chest="9426" legs="9428;11516" head="9429;11525" gloves="9430;11515" feet="9431;11524" skills="3352-1" enchant6skills="3624-1" />
	<set id="110" chest="9427" legs="9428;11516" head="9429;11525" gloves="9430;11515" feet="9431;11524" skills="3353-1" enchant6skills="3624-1" />
	<set id="111" chest="10126" legs="9428;11516" head="9429;11525" gloves="9430;11515" feet="9431;11524" skills="3414-1" enchant6skills="3624-1" />
	<set id="112" chest="10127" legs="9428;11516" head="9429;11525" gloves="9430;11515" feet="9431;11524" skills="3415-1" enchant6skills="3624-1" />
	<set id="113" chest="10168" legs="9428;11516" head="9429;11525" gloves="9430;11515" feet="9431;11524" skills="3355-1" enchant6skills="3624-1" />
	<set id="114" chest="10214" legs="9428;11516" head="9429;11525" gloves="9430;11515" feet="9431;11524" skills="3420-1" enchant6skills="3624-1" />
	<set id="115" chest="10228" legs="9421;11512" head="9422;11557" gloves="9423;11513" feet="9424;11526" skills="3636-1" shield="9441;11532" shield_skills="3417-1" enchant6skills="3623-1" />
	<set id="116" chest="10229" legs="9421;11512" head="9422;11557" gloves="9423;11513" feet="9424;11526" skills="3637-1" shield="9441;11532" shield_skills="3417-1" enchant6skills="3623-1" />
	<set id="117" chest="10230" legs="9421;11512" head="9422;11557" gloves="9423;11513" feet="9424;11526" skills="3639-1" shield="9441;11532" shield_skills="3417-1" enchant6skills="3623-1" />
	<set id="118" chest="10231" legs="9421;11512" head="9422;11557" gloves="9423;11513" feet="9424;11526" skills="3638-1" shield="9441;11532" shield_skills="3417-1" enchant6skills="3623-1" />
	<set id="119" chest="10233" legs="9428;11516" head="9429;11525" gloves="9430;11515" feet="9431;11524" skills="3640-1" enchant6skills="3624-1" />
	<set id="120" chest="10234" legs="9428;11516" head="9429;11525" gloves="9430;11515" feet="9431;11524" skills="3641-1" enchant6skills="3624-1" />
	<set id="121" chest="10236" legs="9437;11558" head="9438;11539" gloves="9439;11514" feet="9440;11533" skills="3645-1" enchant6skills="3625-1" />
	<set id="122" chest="10237" legs="9437;11558" head="9438;11539" gloves="9439;11514" feet="9440;11533" skills="3646-1" enchant6skills="3625-1" />
	<set id="123" chest="10238" legs="9437;11558" head="9438;11539" gloves="9439;11514" feet="9440;11533" skills="3647-1" enchant6skills="3625-1" />
	<set id="124" chest="10239" legs="9437;11558" head="9438;11539" gloves="9439;11514" feet="9440;11533" skills="3648-1" enchant6skills="3625-1" />
	<set id="125" chest="10487" legs="9428;11516" head="9429;11525" gloves="9430;11515" feet="9431;11524" skills="3642-1" enchant6skills="3624-1" />
	<set id="126" chest="10488" legs="9428;11516" head="9429;11525" gloves="9430;11515" feet="9431;11524" skills="3643-1" enchant6skills="3624-1" />
	<set id="127" chest="10489" legs="9428;11516" head="9429;11525" gloves="9430;11515" feet="9431;11524" skills="3646-1" enchant6skills="3624-1" />
	<set id="128" chest="10490" legs="9428;11516" head="9429;11525" gloves="9430;11515" feet="9431;11524" skills="3644-1" enchant6skills="3624-1" />
	<set id="129" chest="15609" legs="15612;16295" head="15606;16289" gloves="15615;16298" feet="15618;16301" skills="8397-1" shield="15621;16304" shield_skills="8493-1" enchant6skills="3623-1" />
	<set id="130" chest="15610" legs="15613;16296" head="15607;16290" gloves="15616;16299" feet="15619;16302" skills="8398-1" enchant6skills="3624-1" />
	<set id="131" chest="15611" legs="15614;16297" head="15608;16291" gloves="15617;16300" feet="15620;16303" skills="8399-1" enchant6skills="3625-1" />
	<set id="132" chest="13432" legs="13438;16312" head="13137;16306" gloves="13439;16315" feet="13440;16318" skills="8283-1" shield="13471;16321" shield_skills="8494-1" enchant6skills="3623-1" />
	<set id="133" chest="13435" legs="13448;16843" head="13140;16837" gloves="13449;16846" feet="13450;16849" skills="8284-1" shield="13471;16321" shield_skills="8494-1" enchant6skills="3623-1" />
	<set id="134" chest="13433" legs="13441;16313" head="13138;16307" gloves="13442;16316" feet="13443;16319" skills="8285-1" enchant6skills="3624-1" />
	<set id="135" chest="13436" legs="13451;16844" head="13141;16838" gloves="13452;16847" feet="13453;16850" skills="8286-1" enchant6skills="3624-1" />
	<set id="136" chest="13434" legs="13444;16314" head="13139;16308" gloves="13445;16317" feet="13446;16320" skills="8287-1" enchant6skills="3625-1" />
	<set id="137" chest="13437" legs="13454;16845" head="13142;16839" gloves="13455;16848" feet="13456;16851" skills="8288-1" enchant6skills="3625-1" />
	<set id="138" chest="15592" legs="15595" head="15589" gloves="15598" feet="15601" skills="8400-1" shield="15604" shield_skills="8495-1" enchant6skills="3623-1" />
	<set id="139" chest="15593" legs="15596" head="15590" gloves="15599" feet="15602" skills="8401-1" enchant6skills="3624-1" />
	<set id="140" chest="15594" legs="15597" head="15591" gloves="15600" feet="15603" skills="8402-1" enchant6skills="3625-1" />
	<set id="141" chest="15575" legs="15578" head="15572" gloves="15581" feet="15584" skills="8403-1" shield="15587" shield_skills="8496-1" enchant6skills="3623-1" />
	<set id="142" chest="15576" legs="15579" head="15573" gloves="15582" feet="15585" skills="8404-1" enchant6skills="3624-1" />
	<set id="143" chest="15577" legs="15580" head="15574" gloves="15583" feet="15586" skills="8405-1" enchant6skills="3625-1" />
	<set id="144" chest="10793" head="2418;11481" gloves="5771;11472" feet="5783;11477" skills="8193-1" shield="2498;11480" shield_skills="3551-1" enchant6skills="3620-1" />
	<set id="145" chest="10795" head="2418;12992" gloves="5772;11473" feet="5784;11478" skills="8195-1" enchant6skills="3621-1" />
	<set id="146" chest="10797" head="2418;12993" gloves="5773;11474" feet="5785;11479" skills="8197-1" enchant6skills="3622-1" />
	<set id="147" chest="10794" head="2419;11456" gloves="5774;11448" feet="5786;11453" skills="8194-1" enchant6skills="3620-1" />
	<set id="148" chest="10796" head="2419;12990" gloves="5775;11449" feet="5787;11454" skills="8196-1" enchant6skills="3621-1" />
	<set id="149" chest="10798" head="2419;12991" gloves="5776;11450" feet="5788;11455" skills="8198-1" enchant6skills="3622-1" />
	<set id="150" chest="10799" legs="6374;11505" head="6378;11509" gloves="6375;11506" feet="6376;11507" skills="8199-1" shield="6377;11508" shield_skills="3554-1" enchant6skills="3623-1" />
	<set id="151" chest="10800" head="6382;11486" gloves="6380;11483" feet="6381;11484" skills="8200-1" enchant6skills="3624-1" />
	<set id="152" chest="10801" head="6386;11490" gloves="6384;11487" feet="6385;11489" skills="8201-1" enchant6skills="3625-1" />
	<set id="153" chest="10802" legs="9421;11512" head="9422;11557" gloves="9423;11513" feet="9424;11526" skills="8202-1" shield="9441;11532" shield_skills="3417-1" enchant6skills="3623-1" />
	<set id="154" chest="10803" legs="9421;11512" head="9422;11557" gloves="9423;11513" feet="9424;11526" skills="8203-1" shield="9441;11532" shield_skills="3417-1" enchant6skills="3623-1" />
	<set id="155" chest="10804" legs="9421;11512" head="9422;11557" gloves="9423;11513" feet="9424;11526" skills="8204-1" shield="9441;11532" shield_skills="3417-1" enchant6skills="3623-1" />
	<set id="156" chest="10805" legs="9421;11512" head="9422;11557" gloves="9423;11513" feet="9424;11526" skills="8205-1" shield="9441;11532" shield_skills="3417-1" enchant6skills="3623-1" />
	<set id="157" chest="10806" legs="9421;11512" head="9422;11557" gloves="9423;11513" feet="9424;11526" skills="8206-1" shield="9441;11532" shield_skills="3417-1" enchant6skills="3623-1" />
	<set id="158" chest="10807" legs="9428;11516" head="9429;11525" gloves="9430;11515" feet="9431;11524" skills="8207-1" enchant6skills="3624-1" />
	<set id="159" chest="10808" legs="9428;11516" head="9429;11525" gloves="9430;11515" feet="9431;11524" skills="8208-1" enchant6skills="3624-1" />
	<set id="160" chest="10809" legs="9428;11516" head="9429;11525" gloves="9430;11515" feet="9431;11524" skills="8209-1" enchant6skills="3624-1" />
	<set id="161" chest="10810" legs="9437;11558" head="9438;11539" gloves="9439;11514" feet="9440;11533" skills="8210-1" enchant6skills="3625-1" />
	<set id="162" chest="10811" legs="9437;11558" head="9438;11539" gloves="9439;11514" feet="9440;11533" skills="8211-1" enchant6skills="3625-1" />
	<set id="163" chest="10812" legs="9437;11558" head="9438;11539" gloves="9439;11514" feet="9440;11533" skills="8212-1" enchant6skills="3625-1" />
	<set id="164" chest="10813" legs="9437;11558" head="9438;11539" gloves="9439;11514" feet="9440;11533" skills="8213-1" enchant6skills="3625-1" />
	<set id="165" chest="10814" legs="9437;11558" head="9438;11539" gloves="9439;11514" feet="9440;11533" skills="8214-1" enchant6skills="3625-1" />
	<set id="166" chest="10815" legs="9428;11516" head="9429;11525" gloves="9430;11515" feet="9431;11524" skills="8215-1" enchant6skills="3624-1" />
	<set id="167" chest="10816" legs="9428;11516" head="9429;11525" gloves="9430;11515" feet="9431;11524" skills="8216-1" enchant6skills="3624-1" />
	<set id="168" chest="10817" legs="9428;11516" head="9429;11525" gloves="9430;11515" feet="9431;11524" skills="8217-1" enchant6skills="3624-1" />
	<set id="169" chest="10818" legs="9428;11516" head="9429;11525" gloves="9430;11515" feet="9431;11524" skills="8218-1" enchant6skills="3624-1" />
	<set id="170" chest="10820" legs="9421;11512" head="9422;11557" gloves="9423;11513" feet="9424;11526" skills="8219-1" shield="9441;11532" shield_skills="3417-1" enchant6skills="3623-1" />
	<set id="171" chest="10821" legs="9421;11512" head="9422;11557" gloves="9423;11513" feet="9424;11526" skills="8220-1" shield="9441;11532" shield_skills="3417-1" enchant6skills="3623-1" />
	<set id="172" chest="10822" legs="9421;11512" head="9422;11557" gloves="9423;11513" feet="9424;11526" skills="8222-1" shield="9441;11532" shield_skills="3417-1" enchant6skills="3623-1" />
	<set id="173" chest="10823" legs="9421;11512" head="9422;11557" gloves="9423;11513" feet="9424;11526" skills="8221-1" shield="9441;11532" shield_skills="3417-1" enchant6skills="3623-1" />
	<set id="174" chest="10825" legs="9428;11516" head="9429;11525" gloves="9430;11515" feet="9431;11524" skills="8223-1" enchant6skills="3624-1" />
	<set id="175" chest="10826" legs="9428;11516" head="9429;11525" gloves="9430;11515" feet="9431;11524" skills="8224-1" enchant6skills="3624-1" />
	<set id="176" chest="10828" legs="9437;11558" head="9438;11539" gloves="9439;11514" feet="9440;11533" skills="8229-1" enchant6skills="3625-1" />
	<set id="177" chest="10829" legs="9437;11558" head="9438;11539" gloves="9439;11514" feet="9440;11533" skills="8230-1" enchant6skills="3625-1" />
	<set id="178" chest="10830" legs="9437;11558" head="9438;11539" gloves="9439;11514" feet="9440;11533" skills="8231-1" enchant6skills="3625-1" />
	<set id="179" chest="10831" legs="9437;11558" head="9438;11539" gloves="9439;11514" feet="9440;11533" skills="8232-1" enchant6skills="3625-1" />
	<set id="180" chest="10832" legs="9428;11516" head="9429;11525" gloves="9430;11515" feet="9431;11524" skills="8225-1" enchant6skills="3624-1" />
	<set id="181" chest="10833" legs="9428;11516" head="9429;11525" gloves="9430;11515" feet="9431;11524" skills="8226-1" enchant6skills="3624-1" />
	<set id="182" chest="10834" legs="9428;11516" head="9429;11525" gloves="9430;11515" feet="9431;11524" skills="8228-1" enchant6skills="3624-1" />
	<set id="183" chest="10835" legs="9428;11516" head="9429;11525" gloves="9430;11515" feet="9431;11524" skills="8227-1" enchant6skills="3624-1" />
	<set id="184" chest="16174" legs="15612;16295" head="15606;16289" gloves="15615;16298" feet="15618;16301" skills="8406-1" shield="15621;16304" shield_skills="3417-1" enchant6skills="3623-1" />
	<set id="185" chest="16175" legs="15613;16296" head="15607;16290" gloves="15616;16299" feet="15619;16302" skills="8407-1" enchant6skills="3624-1" />
	<set id="186" chest="16176" legs="15614;16297" head="15608;16291" gloves="15617;16300" feet="15620;16303" skills="8408-1" enchant6skills="3625-1" />
	<set id="187" chest="14520" legs="13438;16312" head="13137;16306" gloves="13439;16315" feet="13440;16318" skills="8301-1" shield="13471;16321" shield_skills="3417-1" enchant6skills="3623-1" />
	<set id="188" chest="14523" legs="13448;16843" head="13140;16837" gloves="13449;16846" feet="13450;16849" skills="8302-1" shield="13471;16321" shield_skills="3417-1" enchant6skills="3623-1" />
	<set id="189" chest="14521" legs="13441;16313" head="13138;16307" gloves="13442;16316" feet="13443;16319" skills="8303-1" enchant6skills="3624-1" />
	<set id="190" chest="14524" legs="13451;16844" head="13141;16838" gloves="13452;16847" feet="13453;16850" skills="8304-1" enchant6skills="3624-1" />
	<set id="191" chest="14522" legs="13444;16314" head="13139;16308" gloves="13445;16317" feet="13446;16320" skills="8305-1" enchant6skills="3625-1" />
	<set id="192" chest="14525" legs="13454;16845" head="13142;16839" gloves="13455;16848" feet="13456;16851" skills="8306-1" enchant6skills="3625-1" />
	<set id="193" chest="16171" legs="15595" head="15589" gloves="15598" feet="15601" skills="8409-1" shield="15604" shield_skills="3417-1" enchant6skills="3623-1" />
	<set id="194" chest="16172" legs="15596" head="15590" gloves="15599" feet="15602" skills="8410-1" enchant6skills="3624-1" />
	<set id="195" chest="16173" legs="15597" head="15591" gloves="15600" feet="15603" skills="8411-1" enchant6skills="3625-1" />
	<set id="196" chest="16168" legs="15578" head="15572" gloves="15581" feet="15584" skills="8412-1" shield="15587" shield_skills="3417-1" enchant6skills="3623-1" />
	<set id="197" chest="16169" legs="15579" head="15573" gloves="15582" feet="15585" skills="8413-1" enchant6skills="3624-1" />
	<set id="198" chest="16170" legs="15580" head="15574" gloves="15583" feet="15586" skills="8414-1" enchant6skills="3625-1" />
</list>