﻿<list>
	<teleport_list id="1" name_en="Towns" name_ru="Города">
		<teleport_list2 id2="1" name_en2="Giran" name_ru2="Гиран">
			<point id="1" x="82698" y="148638" z="-3473" name_en="Giran" name_ru="Центр" />
			<point id="2" x="79768" y="146559" z="-3525" name_en="Weapons Shop" name_ru="Оружейная" />
			<point id="3" x="80328" y="147800" z="-3504" name_en="Grocery Shop" name_ru="Торговая Лавка" />
			<point id="4" x="79576" y="150552" z="-3520" name_en="Armor Shop" name_ru="Магазин Брони" />
			<point id="5" x="79816" y="145560" z="-3496" name_en="Luxury Shop" name_ru="Люксор" />
			<point id="6" x="80402" y="149209" z="-3515" name_en="Accessory Shop" name_ru="Лавка Аксессуаров" />
			<point id="7" x="83128" y="150536" z="-3512" name_en="Magic Shop" name_ru="Магическая Лавка" />
			<point id="8" x="77528" y="148183" z="-3596" name_en="Blacksmith" name_ru="Кузница" />
			<point id="9" x="83096" y="146659" z="-3469" name_en="Warehouse" name_ru="Хранилище" />
			<point id="10" x="80518" y="144416" z="-3537" name_en="Orc Guild" name_ru="Гильдия Орков" />
			<point id="11" x="78790" y="149358" z="-3601" name_en="Dark Elven Guild" name_ru="Гильдия Темных Эльфов" />
			<point id="12" x="85439" y="146446" z="-3405" name_en="Warrior Guild" name_ru="Гильдия Воинов" />
			<point id="13" x="80882" y="150572" z="-3532" name_en="Kamael Guild" name_ru="Гильдия Камаэлей" />
			<point id="14" x="86674" y="148630" z="-3406" name_en="Einhasad Temple" name_ru="Храм Эйнхасад" />
			<point id="15" x="85824" y="153086" z="-3500" name_en="Magic Guild" name_ru="Гильдия Магов" />
			<point id="16" x="47864" y="186488" z="-3480" name_en="Giran Harbor" name_ru="Гиран Харбор" />
		</teleport_list2>
		<teleport_list2 id2="2" name_en2="Aden" name_ru2="Аден">
			<point id="1" x="147450" y="27064" z="-2208" name_en="Aden" name_ru="Центр" />
			<point id="2" x="146086" y="26302" z="-2195" name_en="Weapons Shop" name_ru="Оружейная" />
			<point id="3" x="146754" y="28968" z="-2259" name_en="Grocery Shop" name_ru="Торговая Лавка" />
			<point id="4" x="148205" y="28984" z="-2259" name_en="Accessory Shop" name_ru="Лавка Аксессуаров" />
			<point id="5" x="150631" y="28341" z="-2252" name_en="Blacksmith Shop" name_ru="Кузница" />
			<point id="6" x="148925" y="26664" z="-2195" name_en="Warehouse" name_ru="Хранилище" />
			<point id="7" x="143961" y="23944" z="-2124" name_en="Orc Guild" name_ru="Гильдия Орков" />
			<point id="8" x="149200" y="25193" z="-2127" name_en="Dark Elven Guild" name_ru="Гильдия Темных Эльфов" />
			<point id="9" x="144082" y="22710" z="-2140" name_en="Kamael Guild" name_ru="Гильдия Камаэлей" />
			<point id="10" x="145661" y="23154" z="-2122" name_en="Magic Guild" name_ru="Гильдия Магов" />
			<point id="11" x="149192" y="25288" z="-2120" name_en="Warrior Guild" name_ru="Гильдия Воинов" />
			<point id="12" x="147441" y="22883" z="-1996" name_en="Einhasad Temple" name_ru="Храм Эйнхасад" />
		</teleport_list2>
		<teleport_list2 id2="3" name_en2="Goddard" name_ru2="Годдард">
			<point id="1" x="147725" y="-56517" z="-2780" name_en="Goddard" name_ru="Центр" />
			<point id="2" x="148909" y="-58773" z="-2966" name_en="Weapons Shop" name_ru="Оружейная" />
			<point id="3" x="149216" y="-57550" z="-2967" name_en="Grocery Shop" name_ru="Торговая Лавка" />
			<point id="4" x="148909" y="-58773" z="-2966" name_en="Armor Shop" name_ru="Магазин Брони" />
			<point id="5" x="146603" y="-58858" z="-2973" name_en="Blacksmith" name_ru="Кузница" />
			<point id="6" x="146329" y="-57662" z="-2966" name_en="Warehouse" name_ru="Хранилище" />
			<point id="7" x="144360" y="-55751" z="-2966" name_en="Orc Guild" name_ru="Гильдия Орков" />
			<point id="8" x="145015" y="-54680" z="-2966" name_en="Dark Elven Guild" name_ru="Гильдия Темных Эльфов" />
			<point id="9" x="148783" y="-53170" z="-2732" name_en="Warrior Guild" name_ru="Гильдия Воинов" />
			<point id="10" x="151283" y="-55638" z="-2967" name_en="Kamael Guild" name_ru="Гильдия Камаэлей" />
			<point id="11" x="146577" y="-53114" z="-2732" name_en="Mystic Guild" name_ru="Гильдия Магов" />
			<point id="12" x="147705" y="-53066" z="-2731" name_en="Einhasad Temple" name_ru="Храм Эйнхасад" />
		</teleport_list2>
		<teleport_list2 id2="4" name_en2="Rune" name_ru2="Руна">
			<point id="1" x="44070" y="-50243" z="-796" name_en="Rune" name_ru="Центр" />
			<point id="2" x="44770" y="-47412" z="-796" name_en="Weapons Shop" name_ru="Оружейная" />
			<point id="3" x="45093" y="-47447" z="-796" name_en="Grocery Shop" name_ru="Торговая Лавка" />
			<point id="4" x="44770" y="-47412" z="-796" name_en="Armor Shop" name_ru="Магазин Брони" />
			<point id="5" x="45342" y="-49374" z="-796" name_en="Blacksmith" name_ru="Кузница" />
			<point id="6" x="43532" y="-49123" z="-796" name_en="Warehouse" name_ru="Хранилище" />
			<point id="7" x="37350" y="-47043" z="-1144" name_en="Warrior Guild" name_ru="Гильдия Воинов" />
			<point id="8" x="42956" y="-51453" z="-792" name_en="Kamael Guild" name_ru="Гильдия Камаэлей" />
			<point id="9" x="37342" y="-49538" z="-1128" name_en="Mystic Guild" name_ru="Гильдия Магов" />
		</teleport_list2>
		<teleport_list2 id2="5" name_en2="Shuttgart" name_ru2="Штутгарт">
			<point id="1" x="87358" y="-141982" z="-1341" name_en="Goddard" name_ru="Центр" />
			<point id="2" x="86361" y="-139805" z="-1526" name_en="Weapons Shop" name_ru="Оружейная" />
			<point id="3" x="85810" y="-141206" z="-1528" name_en="Grocery Shop" name_ru="Торговая Лавка" />
			<point id="4" x="86361" y="-139805" z="-1526" name_en="Armor Shop" name_ru="Магазин Брони" />
			<point id="5" x="88172" y="-139704" z="-1533" name_en="Blacksmith" name_ru="Кузница" />
			<point id="6" x="88737" y="-141034" z="-1526" name_en="Warehouse" name_ru="Хранилище" />
			<point id="7" x="90154" y="-143219" z="-1526" name_en="Orc Guild" name_ru="Гильдия Орков" />
			<point id="8" x="90403" y="-141984" z="-1526" name_en="Dark Elven Guild" name_ru="Гильдия Темных Эльфов" />
			<point id="9" x="86264" y="-145540" z="-1292" name_en="Warrior Guild" name_ru="Гильдия Воинов" />
			<point id="10" x="90216" y="-144253" z="-1537" name_en="Kamael Guild" name_ru="Гильдия Камаэлей" />
			<point id="11" x="88510" y="-145588" z="-1292" name_en="Mystic Guild" name_ru="Гильдия Магов" />
			<point id="12" x="87358" y="-145246" z="-1292" name_en="Einhasad Temple" name_ru="Храм Эйнхасад" />
		</teleport_list2>
		<teleport_list2 id2="6" name_en2="Heine" name_ru2="Хейн">
			<point id="1" x="111115" y="219017" z="-3547" name_en="Heine" name_ru="Центр" />
			<point id="2" x="115783" y="217942" z="-3587" name_en="Weapons Shop" name_ru="Оружейная" />
			<point id="3" x="107107" y="216871" z="-3600" name_en="Grocery Shop" name_ru="Торговая Лавка" />
			<point id="4" x="115783" y="217942" z="-3587" name_en="Armor Shop" name_ru="Магазин Брони" />
			<point id="5" x="107905" y="218858" z="-3613" name_en="Blacksmith" name_ru="Кузница" />
			<point id="6" x="109759" y="220155" z="-3520" name_en="Warehouse" name_ru="Хранилище" />
			<point id="7" x="108613" y="218940" z="-3676" name_en="Orc Guild" name_ru="Гильдия Орков" />
			<point id="8" x="115775" y="219952" z="-3631" name_en="Dark Elven Guild" name_ru="Гильдия Темных Эльфов" />
			<point id="9" x="114164" y="218612" z="-3630" name_en="Warrior Guild" name_ru="Гильдия Воинов" />
			<point id="10" x="113391" y="218304" z="-3630" name_en="Kamael Guild" name_ru="Гильдия Камаэлей" />
			<point id="11" x="111374" y="217010" z="-3463" name_en="Einhasad Temple" name_ru="Храм Эйнхасад" />
			<point id="12" x="111332" y="224636" z="-3555" name_en="Eva's Temple" name_ru="Храм Евы" />
		</teleport_list2>
		<teleport_list2 id2="7" name_en2="Dion" name_ru2="Дион">
			<point id="1" x="18748" y="145437" z="-3132" name_en="Dion" name_ru="Центр" />
			<point id="2" x="18087" y="144594" z="-3051" name_en="Weapons Shop" name_ru="Оружейная" />
			<point id="3" x="19274" y="146132" z="-3074" name_en="Grocery Shop" name_ru="Торговая Лавка" />
			<point id="4" x="18087" y="144594" z="-3051" name_en="Armor Shop" name_ru="Магазин Брони" />
			<point id="5" x="19675" y="143153" z="-3032" name_en="Blacksmith" name_ru="Кузница" />
			<point id="6" x="20861" y="144576" z="-3074" name_en="Warehouse" name_ru="Хранилище" />
			<point id="7" x="20062" y="143178" z="-3053" name_en="Orc Guild" name_ru="Гильдия Орков" />
			<point id="8" x="17229" y="146773" z="-3091" name_en="Dark Elven Guild" name_ru="Гильдия Темных Эльфов" />
			<point id="9" x="19565" y="144624" z="-3094" name_en="Warrior Guild" name_ru="Гильдия Воинов" />
			<point id="10" x="16497" y="146244" z="-3113" name_en="Kamael Guild" name_ru="Гильдия Камаэлей" />
			<point id="11" x="16028" y="142329" z="-2697" name_en="Einhasad Temple" name_ru="Храм Эйнхасад" />
		</teleport_list2>
		<teleport_list2 id2="8" name_en2="Hunter Village" name_ru2="Глудио">
			<point id="1" x="116589" y="76268" z="-2734" name_en="Hunter" name_ru="Центр" />
			<point id="2" x="115344" y="75620" z="-2587" name_en="Weapons Shop" name_ru="Оружейная" />
			<point id="3" x="116270" y="74838" z="-2588" name_en="Grocery Shop" name_ru="Торговая Лавка" />
			<point id="4" x="115344" y="75620" z="-2587" name_en="Armor Shop" name_ru="Магазин Брони" />
			<point id="5" x="117540" y="75360" z="-2654" name_en="Blacksmith" name_ru="Кузница" />
			<point id="6" x="115429" y="76754" z="-2656" name_en="Warehouse" name_ru="Хранилище" />
			<point id="7" x="119986" y="74742" z="-2378" name_en="Orc Guild" name_ru="Гильдия Орков" />
			<point id="8" x="120120" y="76018" z="-2268" name_en="Dark Elven Guild" name_ru="Гильдия Темных Эльфов" />
			<point id="9" x="119652" y="77450" z="-2249" name_en="Warrior Guild" name_ru="Гильдия Воинов" />
			<point id="10" x="116001" y="79061" z="-2389" name_en="Kamael Guild" name_ru="Гильдия Камаэлей" />
			<point id="11" x="118924" y="78397" z="-2166" name_en="Mystic Guild" name_ru="Гильдия Магов" />
		</teleport_list2>		
		<teleport_list2 id2="9" name_en2="Gludio" name_ru2="Глудио">
			<point id="1" x="-14225" y="123540" z="-3121" name_en="Gludio" name_ru="Центр" />
			<point id="2" x="-15176" y="123389" z="-3112" name_en="Weapons Shop" name_ru="Оружейная" />
			<point id="3" x="-14831" y="124488" z="-3118" name_en="Grocery Shop" name_ru="Торговая Лавка" />
			<point id="4" x="-15176" y="123389" z="-3112" name_en="Armor Shop" name_ru="Магазин Брони" />
			<point id="5" x="-15258" y="124736" z="-3119" name_en="Blacksmith" name_ru="Кузница" />
			<point id="6" x="-13136" y="124848" z="-3122" name_en="Warehouse" name_ru="Хранилище" />
			<point id="7" x="-12762" y="124771" z="-3131" name_en="Orc Guild" name_ru="Гильдия Орков" />
			<point id="8" x="-12698" y="123146" z="-3106" name_en="Dark Elven Guild" name_ru="Гильдия Темных Эльфов" />
			<point id="9" x="-13587" y="122840" z="-3109" name_en="Warrior Guild" name_ru="Гильдия Воинов" />
			<point id="10" x="-13520" y="125337" z="-3131" name_en="Kamael Guild" name_ru="Гильдия Камаэлей" />
			<point id="11" x="-12982" y="121706" z="-2972" name_en="Einhasad Temple" name_ru="Храм Эйнхасад" />
		</teleport_list2>
		<teleport_list2 id2="10" name_en2="Gludin" name_ru2="Глудин">
			<point id="1" x="-83063" y="150791" z="-3133" name_en="Gludin" name_ru="Центр" />
			<point id="2" x="-80392" y="155301" z="-3165" name_en="Weapons Shop" name_ru="Оружейная" />
			<point id="3" x="-79423" y="153550" z="-3165" name_en="Grocery Shop" name_ru="Торговая Лавка" />
			<point id="4" x="-80392" y="155301" z="-3165" name_en="Armor Shop" name_ru="Магазин Брони" />
			<point id="5" x="-82971" y="155479" z="-3180" name_en="Blacksmith" name_ru="Кузница" />
			<point id="6" x="-81970" y="153402" z="-3178" name_en="Warehouse" name_ru="Хранилище" />
			<point id="7" x="-80466" y="153281" z="-3182" name_en="Orc Guild" name_ru="Гильдия Орков" />
			<point id="8" x="-84534" y="149772" z="-3132" name_en="Dark Elven Guild" name_ru="Гильдия Темных Эльфов" />
			<point id="9" x="-82085" y="149369" z="-3129" name_en="Warrior Guild" name_ru="Гильдия Воинов" />
			<point id="10" x="-84746" y="153384" z="-3204" name_en="Kamael Guild" name_ru="Гильдия Камаэлей" />
			<point id="11" x="-79310" y="150930" z="-3045" name_en="Einhasad Temple" name_ru="Храм Эйнхасад" />
		</teleport_list2>
		<teleport_list2 id2="11" name_en2="Floran" name_ru2="Флоран">
			<point id="1" x="17144" y="170156" z="-3502" name_en="Floran" name_ru="Центр" />
			<point id="2" x="17824" y="169874" z="-3500" name_en="Warehouse" name_ru="Хранилище" />
			<point id="3" x="16984" y="170385" z="-3503" name_en="Grocery Shop" name_ru="Торговая Лавка" />
		</teleport_list2>
		<teleport_list2 id2="12" name_en2="Ivory Tower" name_ru2="Башня Слоновой Кости">
			<point id="1" x="85352" y="16152" z="-3672" name_en="Ivory Center" name_ru="Центр" />
			<point id="2" x="84885" y="15958" z="-4288" name_en="Underground Area" name_ru="Подвал - Торговая Зона" />
			<point id="3" x="85415" y="16046" z="-2808" name_en="2nd Floor Human Guild" name_ru="2-й этаж - Магов" />
			<point id="2" x="85444" y="16204" z="-2288" name_en="3rd Floor Elven Guild" name_ru="3-й этаж - Светлых Магов" />
			<point id="3" x="85464" y="16056" z="-1776" name_en="4nd Floor Dark Guild" name_ru="4-й этаж - Темных Магов" />
		</teleport_list2>
		<teleport_list2 id2="13" name_en2="Dark Elven Village" name_ru2="Деревня Темных Эльфов">
			<point id="1" x="12428" y="16551" z="-4588" name_en="Village Center" name_ru="Центр" />
			<point id="2" x="10842" y="17909" z="-4562" name_en="Weapon Shop" name_ru="Оружейная" />
			<point id="3" x="11914" y="15786" z="-4559" name_en="Grocery Shop" name_ru="Торговая Лавка" />
			<point id="4" x="10842" y="17909" z="-4562" name_en="Armor Shop" name_ru="Магазин Брони" />
			<point id="5" x="13545" y="17555" z="-4546" name_en="Warehouse" name_ru="Хранилище" />
			<point id="6" x="10793" y="14287" z="-4246" name_en="Shilen Temple" name_ru="Храм Шилен" />
		</teleport_list2>
		<teleport_list2 id2="14" name_en2="Elven Village" name_ru2="Деревня Эльфов">
			<point id="1" x="45873" y="49288" z="-3064" name_en="Village Center" name_ru="Центр" />
			<point id="2" x="44535" y="46989" z="-2988" name_en="Weapon Shop" name_ru="Оружейная" />
			<point id="3" x="42784" y="50218" z="-2988" name_en="Grocery Shop" name_ru="Торговая Лавка" />
			<point id="4" x="44535" y="46989" z="-2988" name_en="Armor Shop" name_ru="Магазин Брони" />
			<point id="5" x="47897" y="50005" z="-2989" name_en="Warehouse" name_ru="Хранилище" />
			<point id="6" x="45280" y="52281" z="-2801" name_en="Shilen Temple" name_ru="Храм Евы" />
		</teleport_list2>
		<teleport_list2 id2="15" name_en2="Ork Village" name_ru2="Деревня Орков">
			<point id="1" x="-44133" y="-113911" z="-244" name_en="Village Center" name_ru="Центр" />
			<point id="2" x="-44290" y="-111618" z="-227" name_en="Weapon Shop" name_ru="Оружейная" />
			<point id="3" x="-44011" y="-115535" z="-227" name_en="Grocery Shop" name_ru="Торговая Лавка" />
			<point id="4" x="-44290" y="-111618" z="-227" name_en="Armor Shop" name_ru="Магазин Брони" />
			<point id="5" x="-43248" y="-113517" z="-227" name_en="Warehouse" name_ru="Хранилище" />
			<point id="6" x="-46422" y="-113608" z="-22" name_en="King's Hall" name_ru="Зал Королей" />
		</teleport_list2>
		<teleport_list2 id2="16" name_en2="Dwarven Village" name_ru2="Деревня Гномов">
			<point id="1" x="116551" y="-182493" z="-1525" name_en="Village Center" name_ru="Центр" />
			<point id="2" x="115843" y="-181207" z="-1344" name_en="Weapon Shop" name_ru="Оружейная" />
			<point id="3" x="116005" y="-177377" z="-889" name_en="Grocery Shop" name_ru="Торговая Лавка" />
			<point id="4" x="115843" y="-181207" z="-1344" name_en="Armor Shop" name_ru="Магазин Брони" />
			<point id="5" x="114846" y="-179977" z="-876" name_en="Warehouse" name_ru="Хранилище" />
			<point id="6" x="115347" y="-182386" z="-1446" name_en="Blacksmith" name_ru="Кузница" />
			<point id="7" x="114445" y="-178535" z="-818" name_en="Maphre Temple" name_ru="Храм Мафр" />
			<point id="8" x="116117" y="-178532" z="-954" name_en="Elder Council" name_ru="Совет Старейшин" />
			<point id="9" x="115765" y="-183422" z="-1483" name_en="Bronze Key Guild" name_ru="Гильдия Бронзового Ключа" />
		</teleport_list2>
		<teleport_list2 id2="17" name_en2="Kamael Village" name_ru2="Деревня Камаэлей">
			<point id="1" x="-116934" y="46616" z="368" name_en="Village Center" name_ru="Центр" />
			<point id="2" x="-115693" y="43737" z="515" name_en="Weapon Shop" name_ru="Оружейная" />
			<point id="3" x="-116948" y="47967" z="457" name_en="Grocery Shop" name_ru="Торговая Лавка" />
			<point id="4" x="-115693" y="43737" z="515" name_en="Armor Shop" name_ru="Магазин Брони" />
			<point id="5" x="-114972" y="44942" z="517" name_en="Warehouse" name_ru="Хранилище" />
			<point id="6" x="-118075" y="43126" z="547" name_en="Kamael Guild" name_ru="Гильдия Камаэлей" />
			<point id="7" x="-120549" y="45199" z="399" name_en="Human Guild" name_ru="Гильдия Людей" />
			<point id="8" x="-120183" y="46016" z="347" name_en="Orc Guild" name_ru="Гильдия Орков" />
			<point id="9" x="-120259" y="46920" z="406" name_en="Elf Guild" name_ru="Гильдия Эльфов" />
			<point id="10" x="-118728" y="47935" z="457" name_en="Dark Elf Guild" name_ru="Гильдия Темных Эльфов" />
			<point id="11" x="-117821" y="47953" z="457" name_en="Dwarf Guild" name_ru="Гильдия Гномов" />
		</teleport_list2>
		<teleport_list2 id2="18" name_en2="Talking Island" name_ru2="Говорящий Остров">
			<point id="1" x="-82687" y="243157" z="-3734" name_en="Village Center" name_ru="Центр" />
			<point id="2" x="-86475" y="242946" z="-3726" name_en="Weapon Shop" name_ru="Оружейная" />
			<point id="3" x="-84165" y="240670" z="-3724" name_en="Grocery Shop" name_ru="Торговая Лавка" />
			<point id="4" x="-86475" y="242946" z="-3726" name_en="Armor Shop" name_ru="Магазин Брони" />
			<point id="5" x="-81785" y="243664" z="-3720" name_en="Warehouse" name_ru="Хранилище" />
			<point id="6" x="-84981" y="242677" z="-3734" name_en="Blacksmith" name_ru="Кузница" />
			<point id="7" x="-83159" y="242858" z="-3726" name_en="Warrior Guild" name_ru="Храм Мафр" />
			<point id="8" x="-84626" y="245314" z="-3731" name_en="Einhasad Temple" name_ru="Совет Старейшин" />
		</teleport_list2>
	</teleport_list>	
	<teleport_list id="2" name_en="Other" name_ru="Окрестности Городов">
	    <teleport_list2 id2="1" name_en2="Giran Area" name_ru2="Гиран">
		    <point id="1" x="70000" y="126636" z="-3804" name_en="Death Pass" name_ru="Death Pass"/>
		    <point id="2" x="47114" y="187152" z="-3485" name_en="Giran Harbor" name_ru="Giran Harbor"/>
		    <point id="3" x="42006" y="208234" z="-3756" name_en="Devil's Isle" name_ru="Devil's Isle"/>
		    <point id="4" x="41298" y="200350" z="-4583" name_en="Pirate's Tunnel" name_ru="Pirate's Tunnel"/>
		    <point id="5" x="122881" y="110792" z="-3727" name_en="Dragon Valley" name_ru="Dragon Valley"/>
		    <point id="6" x="131355" y="114451" z="-3718" name_en="Antharas' Lair Entrance" name_ru="Antharas' Lair Entrance"/>
		    <point id="7" x="173826" y="115333" z="-7708" name_en="Antharas' Nest" name_ru="Antharas' Nest"/>
		    <point id="8" x="154623" y="121134" z="-3809" name_en="Antharas' Heart" name_ru="Antharas' Heart"/>		
		</teleport_list2>
		<teleport_list2 id2="2" name_en2="Aden Area" name_ru2="Аден">
		    <point id="1" x="165584" y="85997" z="-2338" name_en="Anghel Waterfall" name_ru="Anghel Waterfall"/>
		    <point id="2" x="146828" y="-12859" z="-4455" name_en="The Blazing Swamp" name_ru="The Blazing Swamp"/>
		    <point id="3" x="109699" y="-7908" z="-2902" name_en="Border Outpost(East Side)" name_ru="Border Outpost(East Side)"/>
		    <point id="4" x="114172" y="-18034" z="-1875" name_en="Border Outpost(West Side)" name_ru="Border Outpost(West Side)"/>
		    <point id="5" x="172136" y="20325" z="-3326" name_en="Cemetary" name_ru="Cemetary"/>
		    <point id="6" x="150086" y="46733" z="-3412" name_en="Coliseum" name_ru="Coliseum"/>
		    <point id="7" x="185395" y="20359" z="-3270" name_en="The Forbidden Gateway" name_ru="The Forbidden Gateway"/>
		    <point id="8" x="150477" y="85907" z="-2753" name_en="The Forest Of Mirrors" name_ru="The Forest Of Mirrors"/>
		    <point id="9" x="174491" y="50942" z="-4360" name_en="The Giants Cave" name_ru="The Giants Cave"/>
		</teleport_list2>	
	    <teleport_list2 id2="3" name_en2="Goddard Area" name_ru2="Окрестности Годдарда">
		    <point id="1" x="107944" y="-87728" z="-2917" name_en="Monastery of Silence" name_ru="Monastery of Silence"/>
		    <point id="2" x="149616" y="-112428" z="-2065" name_en="Hot Springs" name_ru="Hot Springs"/>
		    <point id="3" x="152180" y="-126093" z="-2282" name_en="Hot Springs Arena" name_ru="Hot Springs Arena"/>
		    <point id="4" x="108275" y="-53785" z="-2524" name_en="Varka Silenos Outpost" name_ru="Varka Silenos Outpost"/>
		    <point id="5" x="169018" y="-116303" z="-2432" name_en="Forge of the Gods" name_ru="Forge of the Gods"/>
		    <point id="6" x="188191" y="-74959" z="-2738" name_en="Imperial Tomb" name_ru="Imperial Tomb"/>
		    <point id="7" x="178293" y="-83983" z="-7209" name_en="Four Sepulchers" name_ru="Four Sepulchers"/>
		    <point id="8" x="149774" y="-81243" z="-5624" name_en="Ketra Orc OutPost" name_ru="Ketra Orc OutPost"/>
		    <point id="9" x="176886" y="-50812" z="-3394" name_en="Wall of Agros" name_ru="Wall of Agros"/>
		    <point id="10" x="168505" y="-86606" z="-2992" name_en="Temple of Pilgrims" name_ru="Temple of Pilgrims"/>
		    <point id="11" x="208884" y="-113705" z="-256" name_en="The Lair Of Valakas" name_ru="The Lair Of Valakas"/>	
	    </teleport_list2>	
		<teleport_list2 id2="4" name_en2="Rune Area" name_ru2="Окрестности Руна">
		    <point id="1" x="38015" y="-38305" z="-3609" name_en="Rune Harbor" name_ru="Rune Harbor"/>
		    <point id="2" x="93078" y="-58289" z="-2854" name_en="Swamp of Screams" name_ru="Swamp of Screams"/>
		    <point id="3" x="89513" y="-44800" z="-2136" name_en="Stakato Nes" name_ru="Stakato Nes"/>
		    <point id="4" x="52063" y="-54448" z="-3166" name_en="Forest of the Dead" name_ru="Forest of the Dead"/>
		    <point id="5" x="59425" y="-47753" z="-2562" name_en="Cursed Village" name_ru="Cursed Village"/>
		    <point id="6" x="52270" y="-81456" z="-2767" name_en="Beast Farm" name_ru="Beast Farm"/>
		    <point id="7" x="67992" y="-72012" z="-3748" name_en="Vally of Saints" name_ru="Vally of Saints"/>
		    <point id="8" x="80471" y="-84022" z="-3646" name_en="Vally of Saints Grave Area" name_ru="Vally of Saints Grave Area"/>
		    <point id="9" x="91840" y="-86269" z="-2703" name_en="Vally of Saints Tomb" name_ru="Vally of Saints Tomb"/>
		    <point id="10" x="40723" y="-92245" z="-3747" name_en="Windtail Waterfall" name_ru="Windtail Waterfall"/>		
	    </teleport_list2>
	    <teleport_list2 id2="5" name_en2="Schuttgart Area" name_ru2="Окрестности Штутгартa">
		    <point id="1" x="47692" y="-115745" z="-3744" name_en="Crypts of Disgrace" name_ru="Crypts of Disgrace"/>
		    <point id="2" x="76860" y="-125169" z="-3414" name_en="Den of Evil" name_ru="Den of Evil"/>
		    <point id="3" x="108090" y="-120925" z="-3628" name_en="Frost Lake" name_ru="Frost Lake"/>
		    <point id="4" x="109060" y="-128655" z="-3084" name_en="The Ice Queen's Castle" name_ru="The Ice Queen's Castle"/>
		    <point id="5" x="113487" y="-109888" z="-865" name_en="Ice Merchant Cabin" name_ru="Ice Merchant Cabin"/>
		    <point id="6" x="23006" y="-126115" z="-870" name_en="Valley of The Lords" name_ru="Valley of The Lords"/>
		    <point id="7" x="88275" y="-125690" z="-3815" name_en="Pavel Ruins" name_ru="Pavel Ruins"/>
		    <point id="8" x="113900" y="-154175" z="-1488" name_en="Plunderous Plains" name_ru="Plunderous Plains"/>
		    <point id="9" x="48336" y="-107734" z="-1577" name_en="Graverobber Hideout" name_ru="Graverobber Hideout"/>
		    <point id="10" x="69762" y="-111260" z="-1807" name_en="Caron's Dungeon" name_ru="Caron's Dungeon"/>
		    <point id="11" x="40825" y="-90317" z="-3095" name_en="Windtail Waterfall" name_ru="Windtail Waterfall"/>	
		    <point id="12" x="87475" y="-109835" z="-3330" name_en="Archaic Laboratory" name_ru="Archaic Laboratory"/>	
		    <point id="13" x="117715" y="-141750" z="-2700" name_en="Sky Wagon Relic" name_ru="Sky Wagon Relic"/>		
		    <point id="14" x="124585" y="-160240" z="-1180" name_en="Brigand Stronghold" name_ru="Brigand Stronghold"/>
	    </teleport_list2>	
		<teleport_list2 id2="6" name_en2="Heine Area" name_ru2="Окрестности Хейна">
		    <point id="1" x="101712" y="174198" z="-2457" name_en="Alligator Island" name_ru="Alligator Island"/>
		    <point id="2" x="87691" y="162835" z="-3520" name_en="Field Of Silence" name_ru="Field Of Silence"/>
		    <point id="3" x="82192" y="226128" z="-3656" name_en="Field Of Whispers" name_ru="Field Of Whispers"/>
		    <point id="4" x="149361" y="172327" z="-945" name_en="Parnassus" name_ru="Parnassus"/>
		    <point id="5" x="159111" y="183721" z="-3720" name_en="Isle of Prayer" name_ru="Isle of Prayer"/>
		    <point id="6" x="152857" y="149040" z="-3280" name_en="Chromatic Highlands" name_ru="Chromatic Highlands"/>
		    <point id="7" x="85170" y="241576" z="-6848" name_en="Garden of Eva Entrance" name_ru="Garden of Eva Entrance"/>
		    <point id="8" x="82158" y="252376" z="-10592" name_en="Garden of Eva 5th Floor" name_ru="Garden of Eva 5th Floor"/>	
	    </teleport_list2>	
		<teleport_list2 id2="7" name_en2="Dion Area" name_ru2="Окрестности Диона">
		    <point id="1" x="51055" y="141959" z="-2869" name_en="Execution Grounds" name_ru="Execution Grounds"/>
		    <point id="2" x="17192" y="114178" z="-3439" name_en="Cruma Tower Entrance" name_ru="Cruma Tower Entrance"/>
		    <point id="3" x="17724" y="114004" z="-11672" name_en="Cruma Tower 1st Floor" name_ru="Cruma Tower 1st Floor"/>
		    <point id="4" x="17730" y="108301" z="-9057" name_en="Cruma Tower 2nd Floor" name_ru="Cruma Tower 2nd Floor"/>
		    <point id="5" x="17719" y="115430" z="-6582" name_en="Cruma Tower 3rd Floor" name_ru="Cruma Tower 3rd Floor"/>
	    </teleport_list2>	
		<teleport_list2 id2="8" name_en2="Hunter's Area" name_ru2="Окрестность Охотничий дер.">
		    <point id="1" x="105751" y="113370" z="-3199" name_en="Hardin's Academy" name_ru="Hardin's Academy"/>
		    <point id="2" x="104413" y="33734" z="-3795" name_en="Enchanted Valley (North)" name_ru="Enchanted Valley (North)"/>
            <point id="3" x="124899" y="61995" z="-3915" name_en="Enchanted Valley (South)" name_ru="Enchanted Valley (South)"/>
	    </teleport_list2>
		<teleport_list2 id2="9" name_en2="Gludio Area" name_ru2="Окрестности Глудио">
		    <point id="1" x="-56235" y="106668" z="-3773" name_en="Ruins of Agony" name_ru="Ruins of Agony"/>
		    <point id="2" x="-20043" y="137688" z="-3896" name_en="Ruins of Despair" name_ru="Ruins of Despair"/>
		    <point id="3" x="-26111" y="173692" z="-4152" name_en="Ant's Nest" name_ru="Ant's Nest"/>
		    <point id="4" x="-16730" y="209417" z="-3664" name_en="South of Wastelands" name_ru="South of Wastelands"/>
		    <point id="5" x="-23403" y="186599" z="-4317" name_en="Wastelands" name_ru="Wastelands"/>
		    <point id="6" x="-149365" y="255309" z="-86" name_en="Gludio AirShip Field" name_ru="Gludio AirShip Field"/>
	    </teleport_list2>
		<teleport_list2 id2="10" name_en2="Gludin Area" name_ru2="Окрестности Глудина">
		    <point id="1" x="-56742" y="140569" z="-2625" name_en="Abandoned Camp" name_ru="Abandoned Camp"/>
		    <point id="2" x="-66931" y="120296" z="-3651" name_en="Fellmere Lake" name_ru="Fellmere Lake"/>
		    <point id="3" x="-53838" y="179285" z="-4640" name_en="Forgotten Temple" name_ru="Forgotten Temple"/>
		    <point id="4" x="-94841" y="147430" z="-2675" name_en="Gludin Cliffside Estate" name_ru="Gludin Cliffside Estate"/>
		    <point id="5" x="-89199" y="149962" z="-3586" name_en="Gludin Harbor" name_ru="Gludin Harbor"/>
		    <point id="6" x="-90562" y="108182" z="-3546" name_en="Orc Barracks" name_ru="Orc Barracks"/>
	    </teleport_list2>
	    <teleport_list2 id2="11" name_en2="Oren Area" name_ru2="Окрестности Орена">
		    <point id="1" x="62425" y="30856" z="-3779" name_en="Sea Of Spores" name_ru="Sea Of Spores"/>
		    <point id="2" x="54216" y="23826" z="-5380" name_en="Sea of Spores (Orfens' Lair)" name_ru="Sea of Spores (Orfens' Lair)"/>
		    <point id="3" x="85332" y="16186" z="-3673" name_en="Ivory Tower" name_ru="Ivory Tower"/>
		    <point id="4" x="70833" y="6426" z="-3639" name_en="Northern Waterfall" name_ru="Northern Waterfall"/>
		    <point id="5" x="87252" y="85514" z="-3056" name_en="Plains of Lizardmen" name_ru="Plains of Lizardmen"/>
		    <point id="6" x="87448" y="61460" z="-3664" name_en="Sel Mahum Training Grounds" name_ru="Sel Mahum Training Grounds"/>
	    </teleport_list2>
	</teleport_list>
	<teleport_list id="3" name_en="Локации по Хроникам" name_ru="Локации по Хроникам">
		<teleport_list2 id2="1" name_en2="Hellbound Locations" name_ru2="Локации Хелбаунд">
		    <point id="1" x="-11802" y="236360" z="-3271" name_en="Hellbound Entrance" name_ru="Hellbound Entrance"/>
		    <point id="2" x="-8391" y="242342" z="-1890" name_en="Hellbound Quarry" name_ru="Hellbound Quarry"/>
		    <point id="3" x="-22432" y="243491" z="-3068" name_en="Enchanted Megaliths" name_ru="Enchanted Megaliths"/>
		    <point id="4" x="-19715" y="249356" z="-3237" name_en="Hidden Oasis" name_ru="Hidden Oasis"/>
		    <point id="5" x="-27289" y="253838" z="-2154" name_en="Ancient Temple Remnants" name_ru="Ancient Temple Remnants"/>
		    <point id="6" x="-4156" y="255301" z="-3139" name_en="Caravan Encampment" name_ru="Caravan Encampment"/>
		    <point id="7" x="298" y="235111" z="-3273" name_en="Battered Lands" name_ru="Battered Lands"/>
		    <point id="8" x="4706" y="243939" z="-1922" name_en="Iron Castle" name_ru="Iron Castle"/>
		    <point id="9" x="8902" y="251884" z="-2028" name_en="Steel Citadel Outpost" name_ru="Steel Citadel Outpost"/>
		    <point id="10" x="26606" y="248354" z="-2880" name_en="Anomic Foundry" name_ru="Anomic Foundry"/>
	    </teleport_list2>	
		<teleport_list2 id2="2" name_en2="Gracia Locations" name_ru2="Локации Грации">
		    <point id="1" x="-149365" y="255309" z="-86" name_en="Gludio AirShip Field" name_ru="Gludio AirShip Field"/>
		    <point id="2" x="-186742" y="244167" z="2670" name_en="Keucereus Alliance Base" name_ru="Keucereus Alliance Base"/>
		    <point id="3" x="-213473" y="244899" z="2017" name_en="Aerial Cleft" name_ru="Aerial Cleft"/>
		    <point id="4" x="-213678" y="210670" z="4408" name_en="Infinity Airstrip" name_ru="Infinity Airstrip"/>
		    <point id="5" x="-183443" y="205834" z="12902" name_en="Death Gate" name_ru="Death Gate"/>
		    <point id="6" x="-247012" y="251804" z="4340" name_en="Destruction Airstrip" name_ru="Destruction Airstrip"/>
		    <point id="7" x="-175520" y="154505" z="2712" name_en="Annihilation Airstrip" name_ru="Annihilation Airstrip"/>
		    <point id="8" x="-241752" y="219983" z="-9985" name_en="Entrance of Destruction" name_ru="Entrance of Destruction"/>
		    <point id="9" x="-180218" y="185923" z="-10576" name_en="Entrance of Annihilation" name_ru="Entrance of Annihilation"/>
	    </teleport_list2>
		<teleport_list2 id2="3" name_en2="Epilogue Locations" name_ru2="Локации Эпилог">
		    <point id="1" x="-114592" y="-152509" z="-6723" name_en="Delusion Chamber" name_ru="Delusion Chamber"/>
		    <point id="2" x="169018" y="-116303" z="-2432" name_en="Forge of the Gods" name_ru="Forge of the Gods"/>
		    <point id="3" x="174491" y="50942" z="-4360" name_en="The Giant's Cave" name_ru="The Giant's Cave"/>
		    <point id="4" x="76860" y="-125169" z="-3414" name_en="Den of Evil" name_ru="Den of Evil"/>
		    <point id="5" x="171946" y="-173352" z="3440" name_en="Mithril Mines West" name_ru="Mithril Mines West"/>
		    <point id="6" x="178591" y="-184615" z="360" name_en="Mithril Mines East" name_ru="Mithril Mines East"/>
		    <point id="7" x="87691" y="162835" z="-3520" name_en="Field of Silence" name_ru="Field of Silence"/>
		    <point id="8" x="82192" y="226128" z="-3656" name_en="Field of Whispers" name_ru="Field of Whispers"/>
		    <point id="9" x="47692" y="-115745" z="-3744" name_en="Crypts of Disgrace" name_ru="Crypts of Disgrace"/>
		    <point id="10" x="89513" y="-44800" z="-2136" name_en="Stakato Nest" name_ru="Stakato Nest"/>	
	    </teleport_list2>
		<teleport_list2 id2="4" name_en2="Freya Locations" name_ru2="Локации Фрея">
		    <point id="1" x="-180218" y="185923" z="-10576" name_en="Entrance of Annihilation" name_ru="Entrance of Annihilation"/>
		    <point id="2" x="87252" y="85514" z="-3056" name_en="Plains of Lizardmen" name_ru="Plains of Lizardmen'"/>
		    <point id="3" x="87448" y="61460" z="-3664" name_en="Sel Mahum Grounds" name_ru="Sel Mahum Grounds"/>
		    <point id="4" x="108184" y="-87848" z="-2929" name_en="Monastery of Silence" name_ru="Monastery of Silence"/>
		    <point id="5" x="36603" y="-51202" z="712" name_en="Pagan's Temple Entrance" name_ru="Pagan's Temple Entrance"/>
		    <point id="6" x="11235" y="-24026" z="-3640" name_en="Primeval Isle Wharf" name_ru="Primeval Isle Wharf"/>
		    <point id="7" x="6229" y="-2924" z="-2965" name_en="Research Facility" name_ru="Research Facility"/>
		    <point id="8" x="26174" y="-17134" z="-2747" name_en="Lost Nest" name_ru="Lost Nest"/>
		    <point id="9" x="8264" y="-14431" z="-3696" name_en="Primeval Plains" name_ru="Primeval Plains"/>
	    </teleport_list2>	
		<teleport_list2 id2="5" name_en2="HighFive Locations" name_ru2="Локации ХайФайв">
		    <point id="1" x="73176" y="118312" z="-3712" name_en="Entance to Dragon Valley" name_ru="Entance to Dragon Valley"/>
		    <point id="2" x="99218" y="110283" z="-3696" name_en="The Center of Dragon Valley" name_ru="The Center of Dragon Valley'"/>
		    <point id="3" x="116992" y="113716" z="-3056" name_en="Deep inside Dragon Valley(North)" name_ru="Deep inside Dragon Valley(North)"/>
		    <point id="4" x="113203" y="121063" z="-3712" name_en="Deep inside Dragon Valley(South)" name_ru="Deep inside Dragon Valley(South)"/>
		    <point id="5" x="131116" y="114333" z="-3704" name_en="Entrance of Antharas' Lair" name_ru="Entrance of Antharas' Lair"/>
		    <point id="6" x="146129" y="111232" z="-3568" name_en="Antharas' Lair" name_ru="Antharas' Lair"/>
		    <point id="7" x="148447" y="110582" z="-3944" name_en="Deep inside Antharas' Lair" name_ru="Deep inside Antharas' Lair"/>
	    </teleport_list2>
	</teleport_list>
	<teleport_list id="4" name_en="Arenas" name_ru="Арены">
	    <teleport_list2 id2="1" name_en2="Arenas" name_ru2="Арены">
		    <point id="1" x="73890" y="142656" z="-3778" name_en="Giran Arena" name_ru="Арена Гирана"/>
		    <point id="2" x="-86979" y="142402" z="-3643" name_en="Gludin Arena" name_ru="Арена Глудина"/>
		    <point id="3" x="147451" y="46728" z="-3410" name_en="Coliseum Arena" name_ru="Колизей"/>
		    <point id="4" x="-81896" y="-49589" z="-10352" name_en="Underground Coliseum" name_ru="Подземный Колизей"/>
		    <point id="5" x="12312" y="182752" z="-3558" name_en="Monster Race Track" name_ru="Гонки Монстров"/>
		    <point id="6" x="-59193" y="-56893" z="-2039" name_en="Fantasy Island" name_ru="Остров Грез"/>
		</teleport_list2>
	</teleport_list>
	<teleport_list id="5" name_en="Catacombs - Necropols" name_ru="Катакомбы - Некрополисы">
	    <teleport_list2 id2="1" name_en2="Catacombs - Necropols" name_ru2="Катакомбы - Некрополисы">
		    <point id="1" x="83357" y="209207" z="-5437" name_en="Saint's" name_ru="Saint's"/>
		    <point id="2" x="-19176" y="13504" z="-4899" name_en="Dark Omens" name_ru="Dark Omens'"/>
		    <point id="3" x="172600" y="-17599" z="-4899" name_en="Disciple's" name_ru="Disciple's"/>
		    <point id="4" x="12521" y="-248481" z="-9585" name_en="Forbidden Path" name_ru="Forbidden Path"/>
		    <point id="5" x="118576" y="132800" z="-4832" name_en="Martyrdom" name_ru="Martyrdom"/>
		    <point id="6" x="140690" y="79679" z="-5429" name_en="Witch" name_ru="Witch"/>
		    <point id="7" x="-51942" y="79096" z="-4739" name_en="Devotion" name_ru="Devotion"/>
		    <point id="8" x="-20195" y="-250764" z="-8163" name_en="Apostate" name_ru="Apostate"/>
		    <point id="9" x="-21423" y="77375" z="-5171" name_en="Patriot's" name_ru="Patriot's"/>
		    <point id="10" x="46542" y="170305" z="-4979" name_en="Branded" name_ru="Branded"/>
		    <point id="11" x="111552" y="174014" z="-5440" name_en="Worshippers" name_ru="Worshippers"/>
		    <point id="12" x="-53174" y="-250275" z="-7911" name_en="Heretics" name_ru="Heretics"/>
		    <point id="13" x="45249" y="123548" z="-5411" name_en="Pilgrim's" name_ru="Pilgrim's"/>
		    <point id="14" x="-41569" y="210082" z="-5085" name_en="Sacrifice" name_ru="Sacrifice"/>
		    <point id="15" x="-79582" y="111360" z="-4899" name_en="Oracle of Dawn" name_ru="Oracle of Dawn"/>
		    <point id="16" x="-80545" y="86525" z="-5155" name_en="Oracle of Dusk" name_ru="Oracle of Dusk"/>
		</teleport_list2>
	</teleport_list>
	<teleport_list id="6" name_en="PvP zone" name_ru="PvP зона">
	    <teleport_list2 id2="1" name_en2="PvP zone" name_ru2="PvP зона">
		    <point id="1" x="149784" y="-112584" z="-2091" name_en="PvP zone" name_ru="PvP зона"/>
		</teleport_list2>
	</teleport_list>
</list>