<rift>
	<area type="0">
		<room id="0" name="Dimensional Rift">
			<type>Start</type>
			<teleport loc="-114790 -180576 -6752" />
			<zone xMin="-115440" xMax="-114160" yMin="-182160" yMax="-178048" zMin="-6816" zMax="-6240" />
		</room>
		<room id="1" name="Dimensional Rift">
			<type>DimensionalRift</type>
			<zone xMin="-120576" xMax="-109024" yMin="-187328" yMax="-172880" zMin="-6816" zMax="-6240" />
		</room>
		<room id="2" name="Delusion Chamber">
			<type>DC Start</type>
			<teleport loc="-114582 -152635 -6742" />
			<zone xMin="-115440" xMax="-113800" yMin="-155600" yMax="-151000" zMin="-6816" zMax="-6240" />
		</room>
		<room id="3" name="Delusion Chamber">
			<type>DelusionChamber</type>
			<!-- TODO: set right -->
			<zone xMin="-120576" xMax="-109024" yMin="-187328" yMax="-172880" zMin="-6816" zMax="-6240" />
		</room>
	</area>
	<area type="1">
		<room id="1" name="Dimensional Rift (Recruit Room 1)">
			<teleport loc="-111976 -182448 -6752" />
			<!-- Otherworldy Invader Soldier -->
			<spawn mobId="21659" count="5" delay="50" />
			<!-- Otherwordly Invader Archer -->
			<spawn mobId="21661" count="5" delay="60" />
			<!-- Otherwordly Invader Soldier -->
			<spawn mobId="21660" count="5" delay="50" />
			<zone xMin="-112368" xMax="-111584" yMin="-182832" yMax="-182064" zMin="-6816" zMax="-6240" />
		</room>
		<room id="2" name="Dimensional Rift (Recruit Room 2)">
			<teleport loc="-111088 -182448 -6752" />
			<!-- Otherworldy Invader Priest -->
			<spawn mobId="21664" count="5" delay="50" />
			<!-- Otherwordly Invader Shaman -->
			<spawn mobId="21663" count="5" delay="50" />
			<!-- Otherwordly Invader Elite Soldier -->
			<spawn mobId="21662" count="5" delay="60" />
			<zone xMin="-111472" xMax="-110704" yMin="-182832" yMax="-182064" zMin="-6816" zMax="-6240" />
		</room>
		<room id="3" name="Dimensional Rift (Recruit Room 3)">
			<teleport loc="-110296 -180560 -6752" />
			<!-- Otherworldy Invader Martyrs -->
			<spawn mobId="21666" count="5" delay="50" />
			<!-- Otherwordly Invader Warrior -->
			<spawn mobId="21667" count="5" delay="50" />
			<!-- Otherwordly Invader Magus -->
			<spawn mobId="21665" count="5" delay="60" />
			<zone xMin="-110688" xMax="-109904" yMin="-180944" yMax="-180176" zMin="-6816" zMax="-6240" />
		</room>
		<room id="4" name="Dimensional Rift (Recruit Room 4)">
			<teleport loc="-109416 -180560 -6752" />
			<!-- Otherworldy Invader Soldier -->
			<spawn mobId="21668" count="5" delay="50" />
			<!-- Otherwordly Invader Discipline -->
			<spawn mobId="21669" count="5" delay="50" />
			<!-- Otherwordly Invader Berserker -->
			<spawn mobId="21670" count="5" delay="60" />
			<zone xMin="-109808" xMax="-109024" yMin="-180944" yMax="-180176" zMin="-6816" zMax="-6240" />
		</room>
		<room id="5" name="Dimensional Rift (Recruit Room 5)">
			<teleport loc="-113264 -181520 -6752" />
			<!-- Otherwordly Invader Food -->
			<spawn mobId="21671" count="5" delay="50" />
			<!-- Otherwordly Invader Elite Soldier -->
			<spawn mobId="21672" count="5" delay="60" />
			<!-- Otherwordly Invader Elite Soldier -->
			<spawn mobId="21673" count="5" delay="60" />
			<zone xMin="-114032" xMax="-112496" yMin="-181968" yMax="-181072" zMin="-6816" zMax="-6240" />
		</room>
		<room id="6" name="Dimensional Rift (Recruit Room 6)">
			<teleport loc="-111592 -180560 -6752" />
			<!-- Otherworldy Invader Elite Soldier -->
			<spawn mobId="21675" count="5" delay="60" />
			<!-- Otherwordly Invader Warrior -->
			<spawn mobId="21676" count="5" delay="50" />
			<!-- Otherwordly Invader Elite Soldier -->
			<spawn mobId="21674" count="5" delay="60" />
			<zone xMin="-112368" xMax="-110816" yMin="-181008" yMax="-180112" zMin="-6816" zMax="-6240" />
		</room>
		<room id="7" name="Dimensional Rift (Recruit Room 7)">
			<teleport loc="-109800 -182448 -6752" />
			<!-- Otherworldy Invader Elite Soldier -->
			<spawn mobId="21677" count="5" delay="60" />
			<!-- Otherwordly Invader Elite Soldier -->
			<spawn mobId="21678" count="5" delay="60" />
			<!-- Otherwordly Invader Food -->
			<spawn mobId="21671" count="5" delay="50" />
			<zone xMin="-110576" xMax="-109024" yMin="-182896" yMax="-182000" zMin="-6816" zMax="-6240" />
		</room>
		<room id="8" name="Dimensional Rift (Recruit Room 8)">
			<teleport loc="-111592 -181520 -6752" />
			<!-- Otherworldy Invader Elite Soldier -->
			<spawn mobId="21679" count="5" delay="60" />
			<!-- Otherwordly Invader Magus -->
			<spawn mobId="21681" count="5" delay="50" />
			<!-- Otherwordly Invader Elite Soldier -->
			<spawn mobId="21680" count="5" delay="60" />
			<zone xMin="-112368" xMax="-110816" yMin="-181968" yMax="-181072" zMin="-6816" zMax="-6240" />
		</room>
		<room id="9" name="Dimensional Rift (Recruit Room 9)" isBossRoom="true">
			<teleport loc="-109912 -181520 -6752" />
			<!-- Anakazel -->
			<spawn mobId="25333" count="1" delay="0" />
			<zone xMin="-110688" xMax="-109136" yMin="-181968" yMax="-181072" zMin="-6816" zMax="-6240" />
		</room>
	</area>
	<area type="2">
		<room id="1" name="Dimensional Rift (Soldier Room 1)">
			<teleport loc="-111976 -179624 -6752" />
			<!-- Dimension Invader Soldier -->
			<spawn mobId="21682" count="5" delay="50" />
			<!-- Dimension Invader Archer -->
			<spawn mobId="21684" count="5" delay="60" />
			<!-- Dimension Invader Soldier -->
			<spawn mobId="21683" count="5" delay="50" />
			<zone xMin="-112368" xMax="-111584" yMin="-180016" yMax="-179232" zMin="-6816" zMax="-6240" />
		</room>
		<room id="2" name="Dimensional Rift (Soldier Room 2)">
			<teleport loc="-111088 -179624 -6752" />
			<!-- Dimension Invader Priest -->
			<spawn mobId="21687" count="5" delay="50" />
			<!-- Dimension Invader Shaman -->
			<spawn mobId="21686" count="5" delay="50" />
			<!-- Dimension Invader Elite Soldier -->
			<spawn mobId="21685" count="5" delay="60" />
			<zone xMin="-111472" xMax="-110704" yMin="-180016" yMax="-179232" zMin="-6816" zMax="-6240" />
		</room>
		<room id="3" name="Dimensional Rift (Soldier Room 3)">
			<teleport loc="-110296 -177744 -6752" />
			<!-- Dimension Invader Martyrs -->
			<spawn mobId="21689" count="5" delay="50" />
			<!-- Dimension Invader Warrior -->
			<spawn mobId="21690" count="5" delay="50" />
			<!-- Dimension Invader Magus -->
			<spawn mobId="21688" count="5" delay="60" />
			<zone xMin="-110688" xMax="-109904" yMin="-178128" yMax="-177360" zMin="-6816" zMax="-6240" />
		</room>
		<room id="4" name="Dimensional Rift (Soldier Room 4)">
			<teleport loc="-109416 -177744 -6752" />
			<!-- Dimension Invader Soldier -->
			<spawn mobId="21691" count="5" delay="50" />
			<!-- Dimension Invader Discipline -->
			<spawn mobId="21692" count="5" delay="50" />
			<!-- Dimension Invader Berserker -->
			<spawn mobId="21693" count="5" delay="60" />
			<zone xMin="-109808" xMax="-109024" yMin="-178128" yMax="-177360" zMin="-6816" zMax="-6240" />
		</room>
		<room id="5" name="Dimensional Rift (Soldier Room 5)">
			<teleport loc="-113264 -178688 -6752" />
			<!-- Dimension Invader Food -->
			<spawn mobId="21694" count="5" delay="50" />
			<!-- Dimension Invader Elite Soldier -->
			<spawn mobId="21695" count="5" delay="60" />
			<!-- Dimension Invader Elite Soldier -->
			<spawn mobId="21696" count="5" delay="60" />
			<zone xMin="-114032" xMax="-112496" yMin="-179136" yMax="-178240" zMin="-6816" zMax="-6240" />
		</room>
		<room id="6" name="Dimensional Rift (Soldier Room 6)">
			<teleport loc="-111592 -177744 -6752" />
			<!-- Dimension Invader Elite Soldier -->
			<spawn mobId="21698" count="5" delay="60" />
			<!-- Dimension Invader Warrior -->
			<spawn mobId="21699" count="5" delay="50" />
			<!-- Dimension Invader Elite Soldier -->
			<spawn mobId="21697" count="5" delay="60" />
			<zone xMin="-112368" xMax="-110816" yMin="-178192" yMax="-177296" zMin="-6816" zMax="-6240" />
		</room>
		<room id="7" name="Dimensional Rift (Soldier Room 7)">
			<teleport loc="-109800 -179624 -6752" />
			<!-- Dimension Invader Elite Soldier -->
			<spawn mobId="21700" count="5" delay="60" />
			<!-- Dimension Invader Elite Soldier -->
			<spawn mobId="21701" count="5" delay="60" />
			<!-- Dimension Invader Food -->
			<spawn mobId="21694" count="5" delay="50" />
			<zone xMin="-110576" xMax="-109024" yMin="-180064" yMax="-179168" zMin="-6816" zMax="-6240" />
		</room>
		<room id="8" name="Dimensional Rift (Soldier Room 8)">
			<teleport loc="-111592 -178688 -6752" />
			<!-- Dimension Invader Elite Soldier -->
			<spawn mobId="21702" count="5" delay="60" />
			<!-- Dimension Invader Magus -->
			<spawn mobId="21704" count="5" delay="50" />
			<!-- Dimension Invader Elite Soldier -->
			<spawn mobId="21703" count="5" delay="60" />
			<zone xMin="-112368" xMax="-110816" yMin="-179136" yMax="-178240" zMin="-6816" zMax="-6240" />
		</room>
		<room id="9" name="Dimensional Rift (Soldier Room 9)" isBossRoom="true">
			<!-- Anakazel -->
			<spawn mobId="25334" count="1" delay="0" />
			<teleport loc="-109912 -178688 -6752" />
			<zone xMin="-110688" xMax="-109136" yMin="-179136" yMax="-178240" zMin="-6816" zMax="-6240" />
		</room>
	</area>
	<area type="3">
		<room id="1" name="Dimensional Rift (Officer Room 1)">
			<teleport loc="-113872 -175824 -6752" />
			<!-- Purgatory Invader Soldier -->
			<spawn mobId="21705" count="5" delay="50" />
			<!-- Purgatory Invader Archer -->
			<spawn mobId="21707" count="5" delay="60" />
			<!-- Purgatory Invader Soldier -->
			<spawn mobId="21706" count="5" delay="50" />
			<zone xMin="-114256" xMax="-113488" yMin="-176208" yMax="-175440" zMin="-6816" zMax="-6240" />
		</room>
		<room id="2" name="Dimensional Rift (Officer Room 2)">
			<teleport loc="-113872 -174944 -6752" />
			<!-- Purgatory Invader Priest -->
			<spawn mobId="21710" count="5" delay="50" />
			<!-- Purgatory Invader Shaman -->
			<spawn mobId="21709" count="5" delay="50" />
			<!-- Purgatory Invader Elite Soldier -->
			<spawn mobId="21708" count="5" delay="60" />
			<zone xMin="-114256" xMax="-113488" yMin="-175328" yMax="-174560" zMin="-6816" zMax="-6240" />
		</room>
		<room id="3" name="Dimensional Rift (Officer Room 3)">
			<teleport loc="-115752 -174152 -6752" />
			<!-- Purgatory Invader Martyrs -->
			<spawn mobId="21712" count="5" delay="50" />
			<!-- Purgatory Invader Warrior -->
			<spawn mobId="21713" count="5" delay="50" />
			<!-- Purgatory Invader Magus -->
			<spawn mobId="21711" count="5" delay="60" />
			<zone xMin="-116144" xMax="-115360" yMin="-174544" yMax="-173760" zMin="-6816" zMax="-6240" />
		</room>
		<room id="4" name="Dimensional Rift (Officer Room 4)">
			<teleport loc="-115752 -173264 -6752" />
			<!-- Purgatory Invader Soldier -->
			<spawn mobId="21714" count="5" delay="50" />
			<!-- Purgatory Invader Disciples -->
			<spawn mobId="21715" count="5" delay="50" />
			<!-- Purgatory Invader Berserker -->
			<spawn mobId="21716" count="5" delay="60" />
			<zone xMin="-116144" xMax="-115360" yMin="-173648" yMax="-172880" zMin="-6816" zMax="-6240" />
		</room>
		<room id="5" name="Dimensional Rift (Officer Room 5)">
			<teleport loc="-114800 -177120 -6752" />
			<!-- Purgatory Invader Food -->
			<spawn mobId="21717" count="5" delay="50" />
			<!-- Purgatory Invader Elite Soldier -->
			<spawn mobId="21719" count="5" delay="60" />
			<!-- Purgatory Invader Elite Soldier -->
			<spawn mobId="21718" count="5" delay="60" />
			<zone xMin="-115248" xMax="-114352" yMin="-177888" yMax="-176352" zMin="-6816" zMax="-6240" />
		</room>
		<room id="6" name="Dimensional Rift (Officer Room 6)">
			<teleport loc="-115760 -175440 -6752" />
			<!-- Purgatory Invader Elite Soldier -->
			<spawn mobId="21721" count="5" delay="60" />
			<!-- Purgatory Invader Warrior -->
			<spawn mobId="21722" count="5" delay="50" />
			<!-- Purgatory Invader Elite Soldier -->
			<spawn mobId="21720" count="5" delay="60" />
			<zone xMin="-116208" xMax="-115312" yMin="-176208" yMax="-174672" zMin="-6816" zMax="-6240" />
		</room>
		<room id="7" name="Dimensional Rift (Officer Room 7)">
			<teleport loc="-113872 -173648 -6752" />
			<!-- Purgatory Invader Elite Soldier -->
			<spawn mobId="21723" count="5" delay="60" />
			<!-- Purgatory Invader Elite Soldier -->
			<spawn mobId="21724" count="5" delay="60" />
			<!-- Purgatory Invader Food -->
			<spawn mobId="21717" count="5" delay="50" />
			<zone xMin="-114320" xMax="-113424" yMin="-174416" yMax="-172880" zMin="-6816" zMax="-6240" />
		</room>
		<room id="8" name="Dimensional Rift (Officer Room 8)">
			<teleport loc="-114800 -175440 -6752" />
			<!-- Purgatory Invader Elite Soldier -->
			<spawn mobId="21725" count="5" delay="60" />
			<!-- Purgatory Invader Magus -->
			<spawn mobId="21727" count="5" delay="50" />
			<!-- Purgatory Invader Elite Soldier -->
			<spawn mobId="21726" count="5" delay="60" />
			<zone xMin="-115248" xMax="-114352" yMin="-176208" yMax="-174672" zMin="-6816" zMax="-6240" />
		</room>
		<room id="9" name="Dimensional Rift (Officer Room 9)" isBossRoom="true">
			<!-- Anakazel -->
			<spawn mobId="25335" count="1" delay="0" />
			<teleport loc="-114800 -173832 -6752" />
			<zone xMin="-115248" xMax="-114352" yMin="-174528" yMax="-172992" zMin="-6816" zMax="-6240" />
		</room>
	</area>
	<area type="4">
		<room id="1" name="Dimensional Rift (Captain Room 1)">
			<teleport loc="-117632 -177760 -6752" />
			<!-- Forbidden Path Invader Elite Soldier -->
			<spawn mobId="21728" count="5" delay="60" />
			<!-- Forbidden Path Invader Archer -->
			<spawn mobId="21730" count="5" delay="50" />
			<!-- Forbidden Path Invader Elite Soldier -->
			<spawn mobId="21729" count="5" delay="60" />
			<zone xMin="-118016" xMax="-117248" yMin="-178144" yMax="-177376" zMin="-6816" zMax="-6240" />
		</room>
		<room id="2" name="Dimensional Rift (Captain Room 2)">
			<teleport loc="-118512 -177760 -6752" />
			<!-- Forbidden Path Invader Priest -->
			<spawn mobId="21733" count="5" delay="50" />
			<!-- Forbidden Path Invader Shaman -->
			<spawn mobId="21732" count="5" delay="50" />
			<!-- Forbidden Path Invader Elite Soldier -->
			<spawn mobId="21731" count="5" delay="60" />
			<zone xMin="-118896" xMax="-118128" yMin="-178144" yMax="-177376" zMin="-6816" zMax="-6240" />
		</room>
		<room id="3" name="Dimensional Rift (Captain Room 3)">
			<teleport loc="-119304 -179640 -6752" />
			<!-- Forbidden Path Invader Martyrs -->
			<spawn mobId="21735" count="5" delay="50" />
			<!-- Forbidden Path Invader Warrior -->
			<spawn mobId="21736" count="5" delay="50" />
			<!-- Forbidden Path Invader Magus -->
			<spawn mobId="21734" count="5" delay="60" />
			<zone xMin="-119696" xMax="-118912" yMin="-180032" yMax="-179248" zMin="-6816" zMax="-6240" />
		</room>
		<room id="4" name="Dimensional Rift (Captain Room 4)">
			<teleport loc="-120192 -179640 -6752" />
			<!-- Forbidden Path Invader Soldier -->
			<spawn mobId="21737" count="5" delay="50" />
			<!-- Forbidden Path Invader Disciple -->
			<spawn mobId="21738" count="5" delay="50" />
			<!-- Forbidden Path Invader Berserker -->
			<spawn mobId="21739" count="5" delay="60" />
			<zone xMin="-120576" xMax="-119808" yMin="-180032" yMax="-179248" zMin="-6816" zMax="-6240" />
		</room>
		<room id="5" name="Dimensional Rift (Captain Room 5)">
			<teleport loc="-116336 -178688 -6752" />
			<!-- Forbidden Path Invader Food -->
			<spawn mobId="21740" count="5" delay="50" />
			<!-- Forbidden Path Invader Elite Soldier -->
			<spawn mobId="21741" count="5" delay="60" />
			<!-- Forbidden Path Invader Elite Soldier -->
			<spawn mobId="21742" count="5" delay="60" />
			<zone xMin="-117104" xMax="-115568" yMin="-179136" yMax="-178240" zMin="-6816" zMax="-6240" />
		</room>
		<room id="6" name="Dimensional Rift (Captain Room 6)">
			<teleport loc="-118016 -179648 -6752" />
			<!-- Forbidden Path Invader Elite Soldier -->
			<spawn mobId="21744" count="5" delay="60" />
			<!-- Forbidden Path Invader Warrior -->
			<spawn mobId="21745" count="5" delay="50" />
			<!-- Forbidden Path Invader Elite Soldier -->
			<spawn mobId="21743" count="5" delay="60" />
			<zone xMin="-118784" xMax="-117248" yMin="-180096" yMax="-179200" zMin="-6816" zMax="-6240" />
		</room>
		<room id="7" name="Dimensional Rift (Captain Room 7)">
			<teleport loc="-119808 -177760 -6752" />
			<!-- Forbidden Path Invader Elite Soldier -->
			<spawn mobId="21746" count="5" delay="60" />
			<!-- Forbidden Path Invader Elite Soldier -->
			<spawn mobId="21747" count="5" delay="60" />
			<!-- Forbidden Path Invader Food -->
			<spawn mobId="21740" count="5" delay="50" />
			<zone xMin="-120576" xMax="-119040" yMin="-178208" yMax="-177312" zMin="-6816" zMax="-6240" />
		</room>
		<room id="8" name="Dimensional Rift (Captain Room 8)">
			<teleport loc="-118016 -178688 -6752" />
			<!-- Forbidden Path Invader Elite Soldier -->
			<spawn mobId="21748" count="5" delay="60" />
			<!-- Forbidden Path Invader Magus -->
			<spawn mobId="21750" count="5" delay="50" />
			<!-- Forbidden Path Invader Elite Soldier -->
			<spawn mobId="21749" count="5" delay="60" />
			<zone xMin="-118784" xMax="-117248" yMin="-179136" yMax="-178240" zMin="-6816" zMax="-6240" />
		</room>
		<room id="9" name="Dimensional Rift (Captain Room 9)" isBossRoom="true">
			<!-- Anakazel -->
			<spawn mobId="25336" count="1" delay="0" />
			<teleport loc="-119696 -178688 -6752" />
			<zone xMin="-120464" xMax="-118928" yMin="-179136" yMax="-178240" zMin="-6816" zMax="-6240" />
		</room>
	</area>
	<area type="5">
		<room id="1" name="Dimensional Rift (Commander Room 1)">
			<teleport loc="-117632 -180584 -6752" />
			<!-- Dark Omen Invader Soldier -->
			<spawn mobId="21751" count="5" delay="50" />
			<!-- Dark Omen Invader Archer -->
			<spawn mobId="21753" count="5" delay="60" />
			<!-- Dark Omen Invader Soldier -->
			<spawn mobId="21752" count="5" delay="50" />
			<zone xMin="-118016" xMax="-117248" yMin="-180976" yMax="-180192" zMin="-6816" zMax="-6240" />
		</room>
		<room id="2" name="Dimensional Rift (Commander Room 2)">
			<teleport loc="-118512 -180584 -6752" />
			<!-- Dark Omen Invader Priest -->
			<spawn mobId="21756" count="5" delay="50" />
			<!-- Dark Omen Invader Shaman -->
			<spawn mobId="21755" count="5" delay="50" />
			<!-- Dark Omen Invader Elite Soldier -->
			<spawn mobId="21754" count="5" delay="60" />
			<zone xMin="-118896" xMax="-118128" yMin="-180976" yMax="-180192" zMin="-6816" zMax="-6240" />
		</room>
		<room id="3" name="Dimensional Rift (Commander Room 3)">
			<teleport loc="-119304 -182464 -6752" />
			<!-- Dark Omen Invader Martyrs -->
			<spawn mobId="21758" count="5" delay="50" />
			<!-- Dark Omen Invader Warrior -->
			<spawn mobId="21759" count="5" delay="50" />
			<!-- Dark Omen Invader Magus -->
			<spawn mobId="21757" count="5" delay="60" />
			<zone xMin="-119696" xMax="-118912" yMin="-182848" yMax="-182080" zMin="-6816" zMax="-6240" />
		</room>
		<room id="4" name="Dimensional Rift (Commander Room 4)">
			<teleport loc="-120192 -182464 -6752" />
			<!-- Dark Omen Invader Soldier -->
			<spawn mobId="21760" count="5" delay="50" />
			<!-- Dark Omen Invader Disciple -->
			<spawn mobId="21761" count="5" delay="50" />
			<!-- Dark Omen Invader Berserker -->
			<spawn mobId="21762" count="5" delay="60" />
			<zone xMin="-120576" xMax="-119808" yMin="-182848" yMax="-182080" zMin="-6816" zMax="-6240" />
		</room>
		<room id="5" name="Dimensional Rift (Commander Room 5)">
			<teleport loc="-116336 -181520 -6752" />
			<!-- Dark Omen Invader Food -->
			<spawn mobId="21763" count="5" delay="50" />
			<!-- Dark Omen Invader Elite Soldier -->
			<spawn mobId="21764" count="5" delay="60" />
			<!-- Dark Omen Invader Elite Soldier -->
			<spawn mobId="21765" count="5" delay="60" />
			<zone xMin="-117104" xMax="-115568" yMin="-181968" yMax="-181072" zMin="-6816" zMax="-6240" />
		</room>
		<room id="6" name="Dimensional Rift (Commander Room 6)">
			<teleport loc="-118016 -182464 -6752" />
			<!-- Dark Omen Invader Elite Soldier -->
			<spawn mobId="21767" count="5" delay="60" />
			<!-- Dark Omen Invader Warrior -->
			<spawn mobId="21768" count="5" delay="50" />
			<!-- Dark Omen Invader Elite Soldier -->
			<spawn mobId="21766" count="5" delay="60" />
			<zone xMin="-118784" xMax="-117248" yMin="-182912" yMax="-182016" zMin="-6816" zMax="-6240" />
		</room>
		<room id="7" name="Dimensional Rift (Commander Room 7)">
			<teleport loc="-119808 -180592 -6752" />
			<!-- Dark Omen Invader Elite Soldier -->
			<spawn mobId="21769" count="5" delay="60" />
			<!-- Dark Omen Invader Elite Soldier -->
			<spawn mobId="21770" count="4" delay="60" />
			<!-- Dark Omen Invader Food -->
			<spawn mobId="21763" count="5" delay="50" />
			<zone xMin="-120576" xMax="-119040" yMin="-181040" yMax="-180144" zMin="-6816" zMax="-6240" />
		</room>
		<room id="8" name="Dimensional Rift (Commander Room 8)">
			<teleport loc="-118016 -181520 -6752" />
			<!-- Dark Omen Invader Elite Soldier -->
			<spawn mobId="21771" count="5" delay="60" />
			<!-- Dark Omen Invader Magus -->
			<spawn mobId="21773" count="5" delay="50" />
			<!-- Dark Omen Invader Elite Soldier -->
			<spawn mobId="21772" count="5" delay="60" />
			<zone xMin="-118784" xMax="-117248" yMin="-181968" yMax="-181072" zMin="-6816" zMax="-6240" />
		</room>
		<room id="9" name="Dimensional Rift (Commander Room 9)" isBossRoom="true">
			<!-- Anakazel -->
			<spawn mobId="25337" count="1" delay="0" />
			<teleport loc="-119696 -181520 -6752" />
			<zone xMin="-120464" xMax="-118928" yMin="-181968" yMax="-181072" zMin="-6816" zMax="-6240" />
		</room>
	</area>
	<area type="6">
		<room id="1" name="Dimensional Rift (Hero Room 1)">
			<teleport loc="-115728 -184384 -6752" />
			<!-- Messenger Invader Soldier -->
			<spawn mobId="21774" count="5" delay="50" />
			<!-- Messenger Invader Archer -->
			<spawn mobId="21776" count="5" delay="60" />
			<!-- Messenger Invader Soldier -->
			<spawn mobId="21775" count="5" delay="50" />
			<zone xMin="-116112" xMax="-115344" yMin="-184768" yMax="-184000" zMin="-6816" zMax="-6240" />
		</room>
		<room id="2" name="Dimensional Rift (Hero Room 2)">
			<teleport loc="-115728 -185264 -6752" />
			<!-- Messenger Invader Priest -->
			<spawn mobId="21779" count="3" delay="50" />
			<!-- Messenger Invader Shaman -->
			<spawn mobId="21778" count="2" delay="50" />
			<!-- Messenger Invader Elite Soldier -->
			<spawn mobId="21777" count="3" delay="60" />
			<zone xMin="-116112" xMax="-115344" yMin="-185648" yMax="-184880" zMin="-6816" zMax="-6240" />
		</room>
		<room id="3" name="Dimensional Rift (Hero Room 3)">
			<teleport loc="-113856 -186064 -6752" />
			<!-- Messenger Invader Martyrs -->
			<spawn mobId="21781" count="5" delay="50" />
			<!-- Messenger Invader Warrior -->
			<spawn mobId="21782" count="5" delay="50" />
			<!-- Messenger Invader Magus -->
			<spawn mobId="21780" count="5" delay="60" />
			<zone xMin="-114240" xMax="-113472" yMin="-186448" yMax="-185680" zMin="-6816" zMax="-6240" />
		</room>
		<room id="4" name="Dimensional Rift (Hero Room 4)">
			<teleport loc="-113856 -186944 -6752" />
			<!-- Messenger Invader Soldier -->
			<spawn mobId="21783" count="5" delay="50" />
			<!-- Messenger Invader Disciple -->
			<spawn mobId="21784" count="5" delay="50" />
			<!-- Messenger Invader Berserker -->
			<spawn mobId="21785" count="5" delay="60" />
			<zone xMin="-114240" xMax="-113472" yMin="-187328" yMax="-186560" zMin="-6816" zMax="-6240" />
		</room>
		<room id="5" name="Dimensional Rift (Hero Room 5)">
			<teleport loc="-114800 -183088 -6752" />
			<!-- Messenger Invader Food -->
			<spawn mobId="21786" count="5" delay="50" />
			<!-- Messenger Invader Elite Soldier -->
			<spawn mobId="21787" count="5" delay="60" />
			<!-- Messenger Invader Elite Soldier -->
			<spawn mobId="21788" count="5" delay="60" />
			<zone xMin="-115248" xMax="-114352" yMin="-183856" yMax="-182320" zMin="-6816" zMax="-6240" />
		</room>
		<room id="6" name="Dimensional Rift (Hero Room 6)">
			<teleport loc="-113856 -184768 -6752" />
			<!-- Messenger Invader Elite Soldier -->
			<spawn mobId="21790" count="5" delay="60" />
			<!-- Messenger Invader Warrior -->
			<spawn mobId="21791" count="5" delay="50" />
			<!-- Messenger Invader Elite Soldier -->
			<spawn mobId="21789" count="5" delay="60" />
			<zone xMin="-114304" xMax="-113408" yMin="-185536" yMax="-184000" zMin="-6816" zMax="-6240" />
		</room>
		<room id="7" name="Dimensional Rift (Hero Room 7)">
			<teleport loc="-115728 -186560 -6752" />
			<!-- Messenger Invader Elite Soldier -->
			<spawn mobId="21792" count="5" delay="60" />
			<!-- Messenger Invader Elite Soldier -->
			<spawn mobId="21793" count="5" delay="60" />
			<!-- Messenger Invader Food -->
			<spawn mobId="21786" count="5" delay="50" />
			<zone xMin="-116176" xMax="-115280" yMin="-187328" yMax="-185792" zMin="-6816" zMax="-6240" />
		</room>
		<room id="8" name="Dimensional Rift (Hero Room 8)">
			<teleport loc="-114800 -184768 -6752" />
			<!-- Messenger Invader Elite Soldier -->
			<spawn mobId="21794" count="5" delay="60" />
			<!-- Messenger Invader Magus -->
			<spawn mobId="21796" count="5" delay="50" />
			<!-- Messenger Invader Elite Soldier -->
			<spawn mobId="21795" count="5" delay="60" />
			<zone xMin="-115248" xMax="-114352" yMin="-185536" yMax="-184000" zMin="-6816" zMax="-6240" />
		</room>
		<room id="9" name="Dimensional Rift (Hero Room 9)" isBossRoom="true">
			<!-- Anakazel -->
			<spawn mobId="25338" count="1" delay="0" />
			<teleport loc="-114800 -186448 -6752" />
			<zone xMin="-115248" xMax="-114352" yMin="-187216" yMax="-185680" zMin="-6816" zMax="-6240" />
		</room>
	</area>
	<area type="7">
		<room id="1" name="Delusion Chamber (Eastern Seal 1)">
			<teleport loc="-122368 -152624 -6688" />
			<!-- Invader Warrior of Nightmare -->
			<spawn mobId="22708" count="5" delay="25" />
			<!-- Invader Archer of Nightmare -->
			<spawn mobId="22714" count="5" delay="30" />
			<!-- Invader Soldier of Nightmare -->
			<spawn mobId="22716" count="5" delay="25" />
			<zone xMin="-122752" xMax="-121984" yMin="-153008" yMax="-152240" zMin="-6696" zMax="-6688" />
		</room>
		<room id="2" name="Delusion Chamber (Eastern Seal 2)">
			<teleport loc="-122368 -153504 -6688" />
			<!-- Invader Healer of Nightmare -->
			<spawn mobId="22709" count="3" delay="25" />
			<!-- Invader Shaman of Nightmare -->
			<spawn mobId="22713" count="2" delay="25" />
			<!-- Invader Elite Soldier of Nightmare -->
			<spawn mobId="22718" count="3" delay="30" />
			<zone xMin="-122752" xMax="-121984" yMin="-153888" yMax="-153120" zMin="-6696" zMax="-6688" />
		</room>
		<room id="3" name="Delusion Chamber (Eastern Seal 3)">
			<teleport loc="-120496 -154304 -6688" />
			<!-- Invader Assassin of Nightmare -->
			<spawn mobId="22712" count="5" delay="25" />
			<!-- Invader Soldier of Nightmare -->
			<spawn mobId="22716" count="5" delay="25" />
			<!-- Invader Guide of Nightmare -->
			<spawn mobId="22710" count="5" delay="30" />
			<zone xMin="-120880" xMax="-120112" yMin="-154688" yMax="-153920" zMin="-6696" zMax="-6688" />
		</room>
		<room id="4" name="Delusion Chamber (Eastern Seal 4)">
			<teleport loc="-120496 -155184 -6688" />
			<!-- Invader Soldier of Nightmare -->
			<spawn mobId="22716" count="5" delay="25" />
			<!-- Invader Destroyer of Nightmare -->
			<spawn mobId="22711" count="5" delay="25" />
			<!-- Invader Disciple of Nightmare -->
			<spawn mobId="22717" count="5" delay="30" />
			<zone xMin="-120880" xMax="-120112" yMin="-155568" yMax="-154800" zMin="-6696" zMax="-6688" />
		</room>
		<room id="5" name="Delusion Chamber (Eastern Seal 5)">
			<teleport loc="-121440 -151328 -6688" />
			<!-- Invader Healer of Nightmare -->
			<spawn mobId="22709" count="5" delay="25" />
			<!-- Invader Disciple of Nightmare -->
			<spawn mobId="22717" count="5" delay="30" />
			<!-- Invader Elite Soldier of Nightmare -->
			<spawn mobId="22718" count="5" delay="30" />
			<zone xMin="-121888" xMax="-120992" yMin="-152096" yMax="-150560" zMin="-6696" zMax="-6688" />
		</room>
		<room id="6" name="Delusion Chamber (Eastern Seal 6)">
			<teleport loc="-120496 -153008 -6688" />
			<!-- Invader Assassin of Nightmare -->
			<spawn mobId="22712" count="5" delay="30" />
			<!-- Invader Warrior of Nightmare -->
			<spawn mobId="22708" count="5" delay="25" />
			<!-- Invader Elite Soldier of Nightmare -->
			<spawn mobId="22718" count="5" delay="30" />
			<zone xMin="-120944" xMax="-120048" yMin="-153776" yMax="-152240" zMin="-6696" zMax="-6688" />
		</room>
		<room id="7" name="Delusion Chamber (Eastern Seal 7)">
			<teleport loc="-122368 -154800 -6688" />
			<!-- Invader Assassin of Nightmare -->
			<spawn mobId="22712" count="5" delay="30" />
			<!-- Invader Archer of Nightmare -->
			<spawn mobId="22714" count="5" delay="30" />
			<!-- Invader Guide of Nightmare -->
			<spawn mobId="22710" count="5" delay="25" />
			<zone xMin="-122816" xMax="-121920" yMin="-155568" yMax="-154032" zMin="-6696" zMax="-6688" />
		</room>
		<room id="8" name="Delusion Chamber (Eastern Seal 8)">
			<teleport loc="-121440 -153008 -6688" />
			<!-- Invader Destroyer of Nightmare -->
			<spawn mobId="22711" count="5" delay="30" />
			<!-- Invader Disciple of Nightmare -->
			<spawn mobId="22717" count="5" delay="25" />
			<!-- Invader Shaman of Nightmare -->
			<spawn mobId="22713" count="5" delay="30" />
			<zone xMin="-121888" xMax="-120992" yMin="-153776" yMax="-152240" zMin="-6696" zMax="-6688" />
		</room>
		<room id="9" name="Delusion Chamber (Eastern Seal 9)" isBossRoom="true">
			<teleport loc="-121440 -154688 -6688" />
			<!-- Aenkinel -->
			<spawn mobId="25690" count="1" delay="0" />
			<zone xMin="-121888" xMax="-120992" yMin="-155456" yMax="-153920" zMin="-6696" zMax="-6688" />
		</room>
	</area>
	<area type="8">
		<room id="1" name="Delusion Chamber (Western Seal 1)">
			<teleport loc="-122368 -152624 -6688" />
			<!-- Invader Warrior of Nightmare -->
			<spawn mobId="22708" count="5" delay="25" />
			<!-- Invader Archer of Nightmare -->
			<spawn mobId="22714" count="5" delay="30" />
			<!-- Invader Soldier of Nightmare -->
			<spawn mobId="22716" count="5" delay="25" />
			<zone xMin="-122752" xMax="-121984" yMin="-153008" yMax="-152240" zMin="-6696" zMax="-6688" />
		</room>
		<room id="2" name="Delusion Chamber (Western Seal 2)">
			<teleport loc="-122368 -153504 -6688" />
			<!-- Invader Healer of Nightmare -->
			<spawn mobId="22709" count="3" delay="25" />
			<!-- Invader Shaman of Nightmare -->
			<spawn mobId="22713" count="2" delay="25" />
			<!-- Invader Elite Soldier of Nightmare -->
			<spawn mobId="22718" count="3" delay="30" />
			<zone xMin="-122752" xMax="-121984" yMin="-153888" yMax="-153120" zMin="-6696" zMax="-6688" />
		</room>
		<room id="3" name="Delusion Chamber (Western Seal 3)">
			<teleport loc="-120496 -154304 -6688" />
			<!-- Invader Assassin of Nightmare -->
			<spawn mobId="22712" count="5" delay="25" />
			<!-- Invader Soldier of Nightmare -->
			<spawn mobId="22716" count="5" delay="25" />
			<!-- Invader Guide of Nightmare -->
			<spawn mobId="22710" count="5" delay="30" />
			<zone xMin="-120880" xMax="-120112" yMin="-154688" yMax="-153920" zMin="-6696" zMax="-6688" />
		</room>
		<room id="4" name="Delusion Chamber (Western Seal 4)">
			<teleport loc="-120496 -155184 -6688" />
			<!-- Invader Soldier of Nightmare -->
			<spawn mobId="22716" count="5" delay="25" />
			<!-- Invader Destroyer of Nightmare -->
			<spawn mobId="22711" count="5" delay="25" />
			<!-- Invader Disciple of Nightmare -->
			<spawn mobId="22717" count="5" delay="30" />
			<zone xMin="-120880" xMax="-120112" yMin="-155568" yMax="-154800" zMin="-6696" zMax="-6688" />
		</room>
		<room id="5" name="Delusion Chamber (Western Seal 5)">
			<teleport loc="-121440 -151328 -6688" />
			<!-- Invader Healer of Nightmare -->
			<spawn mobId="22709" count="5" delay="25" />
			<!-- Invader Disciple of Nightmare -->
			<spawn mobId="22717" count="5" delay="30" />
			<!-- Invader Elite Soldier of Nightmare -->
			<spawn mobId="22718" count="5" delay="30" />
			<zone xMin="-121888" xMax="-120992" yMin="-152096" yMax="-150560" zMin="-6696" zMax="-6688" />
		</room>
		<room id="6" name="Delusion Chamber (Western Seal 6)">
			<teleport loc="-120496 -153008 -6688" />
			<!-- Invader Assassin of Nightmare -->
			<spawn mobId="22712" count="5" delay="30" />
			<!-- Invader Warrior of Nightmare -->
			<spawn mobId="22708" count="5" delay="25" />
			<!-- Invader Elite Soldier of Nightmare -->
			<spawn mobId="22718" count="5" delay="30" />
			<zone xMin="-120944" xMax="-120048" yMin="-153776" yMax="-152240" zMin="-6696" zMax="-6688" />
		</room>
		<room id="7" name="Delusion Chamber (Western Seal 7)">
			<teleport loc="-122368 -154800 -6688" />
			<!-- Invader Assassin of Nightmare -->
			<spawn mobId="22712" count="5" delay="30" />
			<!-- Invader Archer of Nightmare -->
			<spawn mobId="22714" count="5" delay="30" />
			<!-- Invader Guide of Nightmare -->
			<spawn mobId="22710" count="5" delay="25" />
			<zone xMin="-122816" xMax="-121920" yMin="-155568" yMax="-154032" zMin="-6696" zMax="-6688" />
		</room>
		<room id="8" name="Delusion Chamber (Western Seal 8)">
			<teleport loc="-121440 -153008 -6688" />
			<!-- Invader Destroyer of Nightmare -->
			<spawn mobId="22711" count="5" delay="30" />
			<!-- Invader Disciple of Nightmare -->
			<spawn mobId="22717" count="5" delay="25" />
			<!-- Invader Shaman of Nightmare -->
			<spawn mobId="22713" count="5" delay="30" />
			<zone xMin="-121888" xMax="-120992" yMin="-153776" yMax="-152240" zMin="-6696" zMax="-6688" />
		</room>
		<room id="9" name="Delusion Chamber (Western Seal 9)" isBossRoom="true">
			<teleport loc="-121440 -154688 -6688" />
			<!-- Aenkinel -->
			<spawn mobId="25691" count="1" delay="0" />
			<zone xMin="-121888" xMax="-120992" yMin="-155456" yMax="-153920" zMin="-6696" zMax="-6688" />
		</room>
	</area>
	<area type="9">
		<room id="1" name="Delusion Chamber (Southern Seal 1)">
			<teleport loc="-122368 -152624 -6688" />
			<!-- Invader Warrior of Nightmare -->
			<spawn mobId="22708" count="5" delay="25" />
			<!-- Invader Archer of Nightmare -->
			<spawn mobId="22714" count="5" delay="30" />
			<!-- Invader Soldier of Nightmare -->
			<spawn mobId="22716" count="5" delay="25" />
			<zone xMin="-122752" xMax="-121984" yMin="-153008" yMax="-152240" zMin="-6696" zMax="-6688" />
		</room>
		<room id="2" name="Delusion Chamber (Southern Seal 2)">
			<teleport loc="-122368 -153504 -6688" />
			<!-- Invader Healer of Nightmare -->
			<spawn mobId="22709" count="3" delay="25" />
			<!-- Invader Shaman of Nightmare -->
			<spawn mobId="22713" count="2" delay="25" />
			<!-- Invader Elite Soldier of Nightmare -->
			<spawn mobId="22718" count="3" delay="30" />
			<zone xMin="-122752" xMax="-121984" yMin="-153888" yMax="-153120" zMin="-6696" zMax="-6688" />
		</room>
		<room id="3" name="Delusion Chamber (Southern Seal 3)">
			<teleport loc="-120496 -154304 -6688" />
			<!-- Invader Assassin of Nightmare -->
			<spawn mobId="22712" count="5" delay="25" />
			<!-- Invader Soldier of Nightmare -->
			<spawn mobId="22716" count="5" delay="25" />
			<!-- Invader Guide of Nightmare -->
			<spawn mobId="22710" count="5" delay="30" />
			<zone xMin="-120880" xMax="-120112" yMin="-154688" yMax="-153920" zMin="-6696" zMax="-6688" />
		</room>
		<room id="4" name="Delusion Chamber (Southern Seal 4)">
			<teleport loc="-120496 -155184 -6688" />
			<!-- Invader Soldier of Nightmare -->
			<spawn mobId="22716" count="5" delay="25" />
			<!-- Invader Destroyer of Nightmare -->
			<spawn mobId="22711" count="5" delay="25" />
			<!-- Invader Disciple of Nightmare -->
			<spawn mobId="22717" count="5" delay="30" />
			<zone xMin="-120880" xMax="-120112" yMin="-155568" yMax="-154800" zMin="-6696" zMax="-6688" />
		</room>
		<room id="5" name="Delusion Chamber (Southern Seal 5)">
			<teleport loc="-121440 -151328 -6688" />
			<!-- Invader Healer of Nightmare -->
			<spawn mobId="22709" count="5" delay="25" />
			<!-- Invader Disciple of Nightmare -->
			<spawn mobId="22717" count="5" delay="30" />
			<!-- Invader Elite Soldier of Nightmare -->
			<spawn mobId="22718" count="5" delay="30" />
			<zone xMin="-121888" xMax="-120992" yMin="-152096" yMax="-150560" zMin="-6696" zMax="-6688" />
		</room>
		<room id="6" name="Delusion Chamber (Southern Seal 6)">
			<teleport loc="-120496 -153008 -6688" />
			<!-- Invader Assassin of Nightmare -->
			<spawn mobId="22712" count="5" delay="30" />
			<!-- Invader Warrior of Nightmare -->
			<spawn mobId="22708" count="5" delay="25" />
			<!-- Invader Elite Soldier of Nightmare -->
			<spawn mobId="22718" count="5" delay="30" />
			<zone xMin="-120944" xMax="-120048" yMin="-153776" yMax="-152240" zMin="-6696" zMax="-6688" />
		</room>
		<room id="7" name="Delusion Chamber (Southern Seal 7)">
			<teleport loc="-122368 -154800 -6688" />
			<!-- Invader Assassin of Nightmare -->
			<spawn mobId="22712" count="5" delay="30" />
			<!-- Invader Archer of Nightmare -->
			<spawn mobId="22714" count="5" delay="30" />
			<!-- Invader Guide of Nightmare -->
			<spawn mobId="22710" count="5" delay="25" />
			<zone xMin="-122816" xMax="-121920" yMin="-155568" yMax="-154032" zMin="-6696" zMax="-6688" />
		</room>
		<room id="8" name="Delusion Chamber (Southern Seal 8)">
			<teleport loc="-121440 -153008 -6688" />
			<!-- Invader Destroyer of Nightmare -->
			<spawn mobId="22711" count="5" delay="30" />
			<!-- Invader Disciple of Nightmare -->
			<spawn mobId="22717" count="5" delay="25" />
			<!-- Invader Shaman of Nightmare -->
			<spawn mobId="22713" count="5" delay="30" />
			<zone xMin="-121888" xMax="-120992" yMin="-153776" yMax="-152240" zMin="-6696" zMax="-6688" />
		</room>
		<room id="9" name="Delusion Chamber (Southern Seal 9)" isBossRoom="true">
			<teleport loc="-121440 -154688 -6688" />
			<!-- Aenkinel -->
			<spawn mobId="25692" count="1" delay="0" />
			<zone xMin="-121888" xMax="-120992" yMin="-155456" yMax="-153920" zMin="-6696" zMax="-6688" />
		</room>
	</area>
	<area type="10">
		<room id="1" name="Delusion Chamber (Northern Seal 1)">
			<teleport loc="-122368 -152624 -6688" />
			<!-- Invader Warrior of Nightmare -->
			<spawn mobId="22708" count="5" delay="25" />
			<!-- Invader Archer of Nightmare -->
			<spawn mobId="22714" count="5" delay="30" />
			<!-- Invader Soldier of Nightmare -->
			<spawn mobId="22716" count="5" delay="25" />
			<zone xMin="-122752" xMax="-121984" yMin="-153008" yMax="-152240" zMin="-6696" zMax="-6688" />
		</room>
		<room id="2" name="Delusion Chamber (Northern Seal 2)">
			<teleport loc="-122368 -153504 -6688" />
			<!-- Invader Healer of Nightmare -->
			<spawn mobId="22709" count="3" delay="25" />
			<!-- Invader Shaman of Nightmare -->
			<spawn mobId="22713" count="2" delay="25" />
			<!-- Invader Elite Soldier of Nightmare -->
			<spawn mobId="22718" count="3" delay="30" />
			<zone xMin="-122752" xMax="-121984" yMin="-153888" yMax="-153120" zMin="-6696" zMax="-6688" />
		</room>
		<room id="3" name="Delusion Chamber (Northern Seal 3)">
			<teleport loc="-120496 -154304 -6688" />
			<!-- Invader Assassin of Nightmare -->
			<spawn mobId="22712" count="5" delay="25" />
			<!-- Invader Soldier of Nightmare -->
			<spawn mobId="22716" count="5" delay="25" />
			<!-- Invader Guide of Nightmare -->
			<spawn mobId="22710" count="5" delay="30" />
			<zone xMin="-120880" xMax="-120112" yMin="-154688" yMax="-153920" zMin="-6696" zMax="-6688" />
		</room>
		<room id="4" name="Delusion Chamber (Northern Seal 4)">
			<teleport loc="-120496 -155184 -6688" />
			<!-- Invader Soldier of Nightmare -->
			<spawn mobId="22716" count="5" delay="25" />
			<!-- Invader Destroyer of Nightmare -->
			<spawn mobId="22711" count="5" delay="25" />
			<!-- Invader Disciple of Nightmare -->
			<spawn mobId="22717" count="5" delay="30" />
			<zone xMin="-120880" xMax="-120112" yMin="-155568" yMax="-154800" zMin="-6696" zMax="-6688" />
		</room>
		<room id="5" name="Delusion Chamber (Northern Seal 5)">
			<teleport loc="-121440 -151328 -6688" />
			<!-- Invader Healer of Nightmare -->
			<spawn mobId="22709" count="5" delay="25" />
			<!-- Invader Disciple of Nightmare -->
			<spawn mobId="22717" count="5" delay="30" />
			<!-- Invader Elite Soldier of Nightmare -->
			<spawn mobId="22718" count="5" delay="30" />
			<zone xMin="-121888" xMax="-120992" yMin="-152096" yMax="-150560" zMin="-6696" zMax="-6688" />
		</room>
		<room id="6" name="Delusion Chamber (Northern Seal 6)">
			<teleport loc="-120496 -153008 -6688" />
			<!-- Invader Assassin of Nightmare -->
			<spawn mobId="22712" count="5" delay="30" />
			<!-- Invader Warrior of Nightmare -->
			<spawn mobId="22708" count="5" delay="25" />
			<!-- Invader Elite Soldier of Nightmare -->
			<spawn mobId="22718" count="5" delay="30" />
			<zone xMin="-120944" xMax="-120048" yMin="-153776" yMax="-152240" zMin="-6696" zMax="-6688" />
		</room>
		<room id="7" name="Delusion Chamber (Northern Seal 7)">
			<teleport loc="-122368 -154800 -6688" />
			<!-- Invader Assassin of Nightmare -->
			<spawn mobId="22712" count="5" delay="30" />
			<!-- Invader Archer of Nightmare -->
			<spawn mobId="22714" count="5" delay="30" />
			<!-- Invader Guide of Nightmare -->
			<spawn mobId="22710" count="5" delay="25" />
			<zone xMin="-122816" xMax="-121920" yMin="-155568" yMax="-154032" zMin="-6696" zMax="-6688" />
		</room>
		<room id="8" name="Delusion Chamber (Northern Seal 8)">
			<teleport loc="-121440 -153008 -6688" />
			<!-- Invader Destroyer of Nightmare -->
			<spawn mobId="22711" count="5" delay="30" />
			<!-- Invader Disciple of Nightmare -->
			<spawn mobId="22717" count="5" delay="25" />
			<!-- Invader Shaman of Nightmare -->
			<spawn mobId="22713" count="5" delay="30" />
			<zone xMin="-121888" xMax="-120992" yMin="-153776" yMax="-152240" zMin="-6696" zMax="-6688" />
		</room>
		<room id="9" name="Delusion Chamber (Northern Seal 9)" isBossRoom="true">
			<teleport loc="-121440 -154688 -6688" />
			<!-- Aenkinel -->
			<spawn mobId="25693" count="1" delay="0" />
			<zone xMin="-121888" xMax="-120992" yMin="-155456" yMax="-153920" zMin="-6696" zMax="-6688" />
		</room>
	</area>
	<area type="11">
		<room id="1" name="Delusion Chamber (Great Seal 1)">
			<teleport loc="-108992 -152624 -6688" />
			<!-- Nihil Invader Warrior -->
			<spawn mobId="22719" count="5" delay="25" />
			<!-- Nihil Invader Archer -->
			<spawn mobId="22725" count="5" delay="30" />
			<!-- Nihil Invader Soldier -->
			<spawn mobId="22726" count="5" delay="25" />
			<zone xMin="-109376" xMax="-108608" yMin="-153008" yMax="-152240" zMin="-6696" zMax="-6688" />
		</room>
		<room id="2" name="Delusion Chamber (Great Seal 2)">
			<teleport loc="-108992 -153504 -6688" />
			<!-- Nihil Invader Healer -->
			<spawn mobId="22720" count="3" delay="25" />
			<!-- Nihil Invader Shaman -->
			<spawn mobId="22724" count="2" delay="25" />
			<!-- Nihil Invader Elite Soldier -->
			<spawn mobId="22729" count="3" delay="30" />
			<zone xMin="-109376" xMax="-108608" yMin="-153888" yMax="-153120" zMin="-6696" zMax="-6688" />
		</room>
		<room id="3" name="Delusion Chamber (Great Seal 3)">
			<teleport loc="-107120 -154304 -6688" />
			<!-- Nihil Invader Assassin -->
			<spawn mobId="22723" count="5" delay="25" />
			<!-- Nihil Invader Soldier -->
			<spawn mobId="22726" count="5" delay="25" />
			<!-- Nihil Invader Guide -->
			<spawn mobId="22721" count="5" delay="30" />
			<zone xMin="-107504" xMax="-106736" yMin="-154688" yMax="-153920" zMin="-6696" zMax="-6688" />
		</room>
		<room id="4" name="Delusion Chamber (Great Seal 4)">
			<teleport loc="-107120 -155184 -6688" />
			<!-- Nihil Invader Soldier -->
			<spawn mobId="22726" count="5" delay="25" />
			<!-- Nihil Invader Destroyer -->
			<spawn mobId="22722" count="5" delay="25" />
			<!-- Nihil Invader Disciple -->
			<spawn mobId="22728" count="5" delay="30" />
			<zone xMin="-107504" xMax="-106736" yMin="-155568" yMax="-154800" zMin="-6696" zMax="-6688" />
		</room>
		<room id="5" name="Delusion Chamber (Great Seal 5)">
			<teleport loc="-108064 -151328 -6688" />
			<!-- Nihil Invader Healer -->
			<spawn mobId="22720" count="5" delay="25" />
			<!-- Nihil Invader Disciple -->
			<spawn mobId="22728" count="5" delay="30" />
			<!-- Nihil Invader Elite Soldier -->
			<spawn mobId="22729" count="5" delay="30" />
			<zone xMin="-108512" xMax="-107616" yMin="-152096" yMax="-150560" zMin="-6696" zMax="-6688" />
		</room>
		<room id="6" name="Delusion Chamber (Great Seal 6)">
			<teleport loc="-107120 -153008 -6688" />
			<!-- Nihil Invader Assassin -->
			<spawn mobId="22723" count="5" delay="30" />
			<!-- Nihil Invader Warrior -->
			<spawn mobId="22719" count="5" delay="25" />
			<!-- Nihil Invader Elite Soldier -->
			<spawn mobId="22729" count="5" delay="30" />
			<zone xMin="-107504" xMax="-106672" yMin="-153776" yMax="-152240" zMin="-6696" zMax="-6688" />
		</room>
		<room id="7" name="Delusion Chamber (Great Seal 7)">
			<teleport loc="-108992 -154800 -6688" />
			<!-- Nihil Invader Assassin -->
			<spawn mobId="22723" count="5" delay="30" />
			<!-- Nihil Invader Archer -->
			<spawn mobId="22725" count="5" delay="30" />
			<!-- Nihil Invader Guide -->
			<spawn mobId="22721" count="5" delay="25" />
			<zone xMin="-109440" xMax="-108544" yMin="-155568" yMax="-154032" zMin="-6696" zMax="-6688" />
		</room>
		<room id="8" name="Delusion Chamber (Great Seal 8)"> <!-- такая комната точно есть -->
			<teleport loc="-108064 -153008 -6688" />
			<!-- Nihil Invader Destroyer -->
			<spawn mobId="22722" count="5" delay="30" />
			<!-- Nihil Invader Warrior -->
			<spawn mobId="22719" count="5" delay="25" />
			<!-- Nihil Invader Shaman -->
			<spawn mobId="22724" count="5" delay="30" />
			<zone xMin="-108512" xMax="-107616" yMin="-153776" yMax="-152240" zMin="-6696" zMax="-6688" />
		</room>
		<room id="9" name="Delusion Chamber (Great Seal 9)" isBossRoom="true">
			<teleport loc="-108064 -154688 -6688" />
			<!-- Aenkinel -->
			<spawn mobId="25694" count="1" delay="0" />
			<zone xMin="-108512" xMax="-107616" yMin="-155456" yMax="-153920" zMin="-6696" zMax="-6688" />
		</room>
	</area>
	<area type="12">
		<room id="1" name="Delusion Chamber (Tower Seal 1)">
			<teleport loc="-108992 -152624 -6688" />
			<!-- Mutant Warrior -->
			<spawn mobId="22730" count="5" delay="25" />
			<!-- Mutant Overlord -->
			<spawn mobId="22736" count="5" delay="30" />
			<!-- Mutant Soldier -->
			<spawn mobId="22737" count="5" delay="25" />
			<zone xMin="-109376" xMax="-108608" yMin="-153008" yMax="-152240" zMin="-6696" zMax="-6688" />
		</room>
		<room id="2" name="Delusion Chamber (Tower Seal 2)">
			<teleport loc="-108992 -153504 -6688" />
			<!-- Mutant Healer -->
			<spawn mobId="22731" count="3" delay="25" />
			<!-- Mutant Shaman -->
			<spawn mobId="22735" count="2" delay="25" />
			<!-- Mutant Elite Soldier -->
			<spawn mobId="22740" count="3" delay="30" />
			<zone xMin="-109376" xMax="-108608" yMin="-153888" yMax="-153120" zMin="-6696" zMax="-6688" />
		</room>
		<room id="3" name="Delusion Chamber (Tower Seal 3)">
			<teleport loc="-107120 -154304 -6688" />
			<!-- Mutant Assassin -->
			<spawn mobId="22734" count="5" delay="25" />
			<!-- Mutant Soldier -->
			<spawn mobId="22737" count="5" delay="25" />
			<!-- Mutant Guide -->
			<spawn mobId="22732" count="5" delay="30" />
			<zone xMin="-107504" xMax="-106736" yMin="-154688" yMax="-153920" zMin="-6696" zMax="-6688" />
		</room>
		<room id="4" name="Delusion Chamber (Tower Seal 4)">
			<teleport loc="-107120 -155184 -6688" />
			<!-- Mutant Soldier -->
			<spawn mobId="22737" count="5" delay="25" />
			<!-- Mutant Destroyer -->
			<spawn mobId="22733" count="5" delay="25" />
			<!-- Mutant Disciple -->
			<spawn mobId="22739" count="5" delay="30" />
			<zone xMin="-107504" xMax="-106736" yMin="-155568" yMax="-154800" zMin="-6696" zMax="-6688" />
		</room>
		<room id="5" name="Delusion Chamber (Tower Seal 5)">
			<teleport loc="-108064 -151328 -6688" />
			<!-- Mutant Healer -->
			<spawn mobId="22731" count="5" delay="25" />
			<!-- Mutant Disciple -->
			<spawn mobId="22739" count="5" delay="30" />
			<!-- Mutant Elite Soldier -->
			<spawn mobId="22740" count="5" delay="30" />
			<zone xMin="-108512" xMax="-107616" yMin="-152096" yMax="-150560" zMin="-6696" zMax="-6688" />
		</room>
		<room id="6" name="Delusion Chamber (Tower Seal 6)">
			<teleport loc="-107120 -153008 -6688" />
			<!-- Mutant Assassin -->
			<spawn mobId="22734" count="5" delay="30" />
			<!-- Mutant Warrior -->
			<spawn mobId="22730" count="5" delay="25" />
			<!-- Mutant Elite Soldier -->
			<spawn mobId="22740" count="5" delay="30" />
			<zone xMin="-120944" xMax="-106672" yMin="-153776" yMax="-152240" zMin="-6696" zMax="-6688" />
		</room>
		<room id="7" name="Delusion Chamber (Tower Seal 7)">
			<teleport loc="-108992 -154800 -6688" />
			<!-- Mutant Assassin -->
			<spawn mobId="22734" count="5" delay="30" />
			<!-- Mutant Overlord -->
			<spawn mobId="22736" count="5" delay="30" />
			<!-- Mutant Guide -->
			<spawn mobId="22732" count="5" delay="25" />
			<zone xMin="-109440" xMax="-108544" yMin="-155568" yMax="-154032" zMin="-6696" zMax="-6688" />
		</room>
		<room id="8" name="Delusion Chamber (Tower Seal 8)">
			<teleport loc="-108064 -153008 -6688" />
			<!-- Mutant Destroyer -->
			<spawn mobId="22733" count="5" delay="30" />
			<!-- Mutant Disciple -->
			<spawn mobId="22739" count="5" delay="25" />
			<!-- Mutant Shaman -->
			<spawn mobId="22735" count="5" delay="30" />
			<zone xMin="-108512" xMax="-107616" yMin="-153776" yMax="-152240" zMin="-6696" zMax="-6688" />
		</room>
		<room id="9" name="Delusion Chamber (Tower Seal 9)" isBossRoom="true">
			<teleport loc="-108064 -154688 -6688" />
			<!-- Aenkinel -->
			<spawn mobId="25695" count="1" delay="0" />
			<zone xMin="-108512" xMax="-107616" yMin="-155456" yMax="-153920" zMin="-6696" zMax="-6688" />
		</room>
	</area>
</rift>