<?xml version='1.0' encoding='utf-8'?>
<!--
 npc_id - id НПЦ для спауна
 loc - точные координаты (для точечного спауна, указать "0 0 0 0", если локационный) (формат: x y z heading)
 amount - кол-во (для локационного спауна)
 loc_id - ид территории (table locations, указан в spawnlist; указать "0" если точечный)
 respawn - респаун в секундах
 respawn_rnd - рандомная составляющая респауна
 stage - стадии, на которых НПЦ спаунится, разделять ";"
 -->
<list>
<!-- Бродячий рейдбосс Typhoon -->
	<data npc_id="25539" loc="-15864 250872 -3013 0" respawn="86400" respawn_rnd="21600" stage="1;2;3;4;5;6;7;8;9;10;11" />
	
<!-- Спаун статичных мобов на Хеллбаунде, не меняют спаун в зависимости от стадий -->
	<data npc_id="22321" count="4" stage="1;2;3;4;5;6;7;8;9;10;11">
		<territory>
			<add x="-9629" y="237184" zmin="-3112" zmax="-3012" />
			<add x="-10499" y="238421" zmin="-3005" zmax="-2905" />
			<add x="-11776" y="237471" zmin="-3206" zmax="-3106" />
			<add x="-11503" y="236520" zmin="-3281" zmax="-3181" />
		</territory>
	</data>
	<data npc_id="22320" count="4" stage="1;2;3;4;5;6;7;8;9;10;11">
		<territory>
			<add x="-9629" y="237184" zmin="-3112" zmax="-3012" />
			<add x="-10499" y="238421" zmin="-3005" zmax="-2905" />
			<add x="-11776" y="237471" zmin="-3206" zmax="-3106" />
			<add x="-11503" y="236520" zmin="-3281" zmax="-3181" />
		</territory>
	</data>
	<data npc_id="22320" count="25" stage="1;2;3;4;5;6;7;8;9;10;11">
		<territory>
			<add x="-11742" y="236450" zmin="-3288" zmax="-3188" />
			<add x="-12526" y="236123" zmin="-3324" zmax="-3224" />
			<add x="-14250" y="234561" zmin="-3109" zmax="-3009" />
			<add x="-14989" y="235183" zmin="-3273" zmax="-3173" />
			<add x="-15130" y="235525" zmin="-3309" zmax="-3209" />
			<add x="-16177" y="235728" zmin="-3262" zmax="-3162" />
			<add x="-16514" y="236903" zmin="-3345" zmax="-3245" />
			<add x="-17152" y="236456" zmin="-3181" zmax="-3081" />
			<add x="-17736" y="238275" zmin="-3263" zmax="-3163" />
			<add x="-18641" y="239077" zmin="-3269" zmax="-3169" />
			<add x="-18630" y="239873" zmin="-3290" zmax="-3190" />
			<add x="-18181" y="240606" zmin="-3412" zmax="-3312" />
			<add x="-17356" y="240287" zmin="-3134" zmax="-3034" />
			<add x="-17566" y="239690" zmin="-3295" zmax="-3195" />
			<add x="-17036" y="238789" zmin="-3351" zmax="-3251" />
			<add x="-16234" y="238341" zmin="-3355" zmax="-3255" />
			<add x="-15086" y="239088" zmin="-3197" zmax="-3097" />
			<add x="-11944" y="238576" zmin="-3278" zmax="-3178" />
		</territory>
	</data>
	<data npc_id="22321" count="6" stage="1;2;3;4;5;6;7;8;9;10;11">
		<territory>
			<add x="-11742" y="236450" zmin="-3288" zmax="-3188" />
			<add x="-12526" y="236123" zmin="-3324" zmax="-3224" />
			<add x="-14250" y="234561" zmin="-3109" zmax="-3009" />
			<add x="-14989" y="235183" zmin="-3273" zmax="-3173" />
			<add x="-15130" y="235525" zmin="-3309" zmax="-3209" />
			<add x="-16177" y="235728" zmin="-3262" zmax="-3162" />
			<add x="-16514" y="236903" zmin="-3345" zmax="-3245" />
			<add x="-17152" y="236456" zmin="-3181" zmax="-3081" />
			<add x="-17736" y="238275" zmin="-3263" zmax="-3163" />
			<add x="-18641" y="239077" zmin="-3269" zmax="-3169" />
			<add x="-18630" y="239873" zmin="-3290" zmax="-3190" />
			<add x="-18181" y="240606" zmin="-3412" zmax="-3312" />
			<add x="-17356" y="240287" zmin="-3134" zmax="-3034" />
			<add x="-17566" y="239690" zmin="-3295" zmax="-3195" />
			<add x="-17036" y="238789" zmin="-3351" zmax="-3251" />
			<add x="-16234" y="238341" zmin="-3355" zmax="-3255" />
			<add x="-15086" y="239088" zmin="-3197" zmax="-3097" />
			<add x="-11944" y="238576" zmin="-3278" zmax="-3178" />
		</territory>
	</data>
	<data npc_id="22324" count="15" stage="1;2;3;4;5;6;7;8;9;10;11">
		<territory>
			<add x="-11742" y="236450" zmin="-3288" zmax="-3188" />
			<add x="-12526" y="236123" zmin="-3324" zmax="-3224" />
			<add x="-14250" y="234561" zmin="-3109" zmax="-3009" />
			<add x="-14989" y="235183" zmin="-3273" zmax="-3173" />
			<add x="-15130" y="235525" zmin="-3309" zmax="-3209" />
			<add x="-16177" y="235728" zmin="-3262" zmax="-3162" />
			<add x="-16514" y="236903" zmin="-3345" zmax="-3245" />
			<add x="-17152" y="236456" zmin="-3181" zmax="-3081" />
			<add x="-17736" y="238275" zmin="-3263" zmax="-3163" />
			<add x="-18641" y="239077" zmin="-3269" zmax="-3169" />
			<add x="-18630" y="239873" zmin="-3290" zmax="-3190" />
			<add x="-18181" y="240606" zmin="-3412" zmax="-3312" />
			<add x="-17356" y="240287" zmin="-3134" zmax="-3034" />
			<add x="-17566" y="239690" zmin="-3295" zmax="-3195" />
			<add x="-17036" y="238789" zmin="-3351" zmax="-3251" />
			<add x="-16234" y="238341" zmin="-3355" zmax="-3255" />
			<add x="-15086" y="239088" zmin="-3197" zmax="-3097" />
			<add x="-11944" y="238576" zmin="-3278" zmax="-3178" />
		</territory>
	</data>
	<data npc_id="22325" count="15" stage="1;2;3;4;5;6;7;8;9;10;11">
		<territory>
			<add x="-11742" y="236450" zmin="-3288" zmax="-3188" />
			<add x="-12526" y="236123" zmin="-3324" zmax="-3224" />
			<add x="-14250" y="234561" zmin="-3109" zmax="-3009" />
			<add x="-14989" y="235183" zmin="-3273" zmax="-3173" />
			<add x="-15130" y="235525" zmin="-3309" zmax="-3209" />
			<add x="-16177" y="235728" zmin="-3262" zmax="-3162" />
			<add x="-16514" y="236903" zmin="-3345" zmax="-3245" />
			<add x="-17152" y="236456" zmin="-3181" zmax="-3081" />
			<add x="-17736" y="238275" zmin="-3263" zmax="-3163" />
			<add x="-18641" y="239077" zmin="-3269" zmax="-3169" />
			<add x="-18630" y="239873" zmin="-3290" zmax="-3190" />
			<add x="-18181" y="240606" zmin="-3412" zmax="-3312" />
			<add x="-17356" y="240287" zmin="-3134" zmax="-3034" />
			<add x="-17566" y="239690" zmin="-3295" zmax="-3195" />
			<add x="-17036" y="238789" zmin="-3351" zmax="-3251" />
			<add x="-16234" y="238341" zmin="-3355" zmax="-3255" />
			<add x="-15086" y="239088" zmin="-3197" zmax="-3097" />
			<add x="-11944" y="238576" zmin="-3278" zmax="-3178" />
		</territory>
	</data>
	<data npc_id="22320" count="8" stage="1;2;3;4;5;6;7;8;9;10;11">
		<territory>
			<add x="-15411" y="234422" zmin="-2906" zmax="-2806" />
			<add x="-15477" y="233922" zmin="-2865" zmax="-2765" />
			<add x="-16885" y="233950" zmin="-2577" zmax="-2477" />
			<add x="-17337" y="234158" zmin="-2548" zmax="-2448" />
			<add x="-18123" y="234202" zmin="-2498" zmax="-2398" />
			<add x="-18238" y="235142" zmin="-2627" zmax="-2527" />
			<add x="-17957" y="235755" zmin="-2717" zmax="-2617" />
			<add x="-17898" y="236123" zmin="-2814" zmax="-2714" />
			<add x="-18505" y="236918" zmin="-2901" zmax="-2801" />
			<add x="-18016" y="237114" zmin="-2882" zmax="-2782" />
			<add x="-17795" y="236731" zmin="-2861" zmax="-2761" />
			<add x="-17532" y="236476" zmin="-2840" zmax="-2740" />
			<add x="-17500" y="236220" zmin="-2833" zmax="-2733" />
			<add x="-17336" y="235665" zmin="-2856" zmax="-2756" />
			<add x="-16589" y="235476" zmin="-2860" zmax="-2760" />
			<add x="-15847" y="234599" zmin="-2832" zmax="-2732" />
		</territory>
	</data>
	<data npc_id="22321" count="7" stage="1;2;3;4;5;6;7;8;9;10;11">
		<territory>
			<add x="-15411" y="234422" zmin="-2906" zmax="-2806" />
			<add x="-15477" y="233922" zmin="-2865" zmax="-2765" />
			<add x="-16885" y="233950" zmin="-2577" zmax="-2477" />
			<add x="-17337" y="234158" zmin="-2548" zmax="-2448" />
			<add x="-18123" y="234202" zmin="-2498" zmax="-2398" />
			<add x="-18238" y="235142" zmin="-2627" zmax="-2527" />
			<add x="-17957" y="235755" zmin="-2717" zmax="-2617" />
			<add x="-17898" y="236123" zmin="-2814" zmax="-2714" />
			<add x="-18505" y="236918" zmin="-2901" zmax="-2801" />
			<add x="-18016" y="237114" zmin="-2882" zmax="-2782" />
			<add x="-17795" y="236731" zmin="-2861" zmax="-2761" />
			<add x="-17532" y="236476" zmin="-2840" zmax="-2740" />
			<add x="-17500" y="236220" zmin="-2833" zmax="-2733" />
			<add x="-17336" y="235665" zmin="-2856" zmax="-2756" />
			<add x="-16589" y="235476" zmin="-2860" zmax="-2760" />
			<add x="-15847" y="234599" zmin="-2832" zmax="-2732" />
		</territory>
	</data>
	<data npc_id="22324" count="8" stage="1;2;3;4;5;6;7;8;9;10;11">
		<territory>
			<add x="-15411" y="234422" zmin="-2906" zmax="-2806" />
			<add x="-15477" y="233922" zmin="-2865" zmax="-2765" />
			<add x="-16885" y="233950" zmin="-2577" zmax="-2477" />
			<add x="-17337" y="234158" zmin="-2548" zmax="-2448" />
			<add x="-18123" y="234202" zmin="-2498" zmax="-2398" />
			<add x="-18238" y="235142" zmin="-2627" zmax="-2527" />
			<add x="-17957" y="235755" zmin="-2717" zmax="-2617" />
			<add x="-17898" y="236123" zmin="-2814" zmax="-2714" />
			<add x="-18505" y="236918" zmin="-2901" zmax="-2801" />
			<add x="-18016" y="237114" zmin="-2882" zmax="-2782" />
			<add x="-17795" y="236731" zmin="-2861" zmax="-2761" />
			<add x="-17532" y="236476" zmin="-2840" zmax="-2740" />
			<add x="-17500" y="236220" zmin="-2833" zmax="-2733" />
			<add x="-17336" y="235665" zmin="-2856" zmax="-2756" />
			<add x="-16589" y="235476" zmin="-2860" zmax="-2760" />
			<add x="-15847" y="234599" zmin="-2832" zmax="-2732" />
		</territory>
	</data>
	<data npc_id="22325" count="8" stage="1;2;3;4;5;6;7;8;9;10;11">
		<territory>
			<add x="-15411" y="234422" zmin="-2906" zmax="-2806" />
			<add x="-15477" y="233922" zmin="-2865" zmax="-2765" />
			<add x="-16885" y="233950" zmin="-2577" zmax="-2477" />
			<add x="-17337" y="234158" zmin="-2548" zmax="-2448" />
			<add x="-18123" y="234202" zmin="-2498" zmax="-2398" />
			<add x="-18238" y="235142" zmin="-2627" zmax="-2527" />
			<add x="-17957" y="235755" zmin="-2717" zmax="-2617" />
			<add x="-17898" y="236123" zmin="-2814" zmax="-2714" />
			<add x="-18505" y="236918" zmin="-2901" zmax="-2801" />
			<add x="-18016" y="237114" zmin="-2882" zmax="-2782" />
			<add x="-17795" y="236731" zmin="-2861" zmax="-2761" />
			<add x="-17532" y="236476" zmin="-2840" zmax="-2740" />
			<add x="-17500" y="236220" zmin="-2833" zmax="-2733" />
			<add x="-17336" y="235665" zmin="-2856" zmax="-2756" />
			<add x="-16589" y="235476" zmin="-2860" zmax="-2760" />
			<add x="-15847" y="234599" zmin="-2832" zmax="-2732" />
		</territory>
	</data>
	<data npc_id="22320" count="7" stage="1;2;3;4;5;6;7;8;9;10;11">
		<territory>
			<add x="-18871" y="238388" zmin="-2995" zmax="-2895" />
			<add x="-18967" y="238218" zmin="-2987" zmax="-2887" />
			<add x="-20079" y="237596" zmin="-2579" zmax="-2479" />
			<add x="-19962" y="237234" zmin="-2388" zmax="-2288" />
			<add x="-20237" y="236666" zmin="-2040" zmax="-1940" />
			<add x="-20977" y="236798" zmin="-2014" zmax="-1914" />
			<add x="-20870" y="237305" zmin="-2131" zmax="-2031" />
			<add x="-20802" y="237612" zmin="-2353" zmax="-2253" />
			<add x="-20729" y="238334" zmin="-2634" zmax="-2534" />
			<add x="-21138" y="239629" zmin="-2805" zmax="-2705" />
			<add x="-21529" y="240375" zmin="-2797" zmax="-2697" />
			<add x="-21228" y="240902" zmin="-2852" zmax="-2752" />
			<add x="-21143" y="241354" zmin="-2874" zmax="-2774" />
			<add x="-20438" y="241434" zmin="-2859" zmax="-2759" />
			<add x="-19766" y="241650" zmin="-2885" zmax="-2785" />
			<add x="-19561" y="240890" zmin="-2884" zmax="-2784" />
			<add x="-19020" y="240547" zmin="-2874" zmax="-2774" />
			<add x="-19134" y="240122" zmin="-2884" zmax="-2784" />
			<add x="-19011" y="239832" zmin="-2883" zmax="-2783" />
			<add x="-19199" y="239404" zmin="-2885" zmax="-2785" />
		</territory>
	</data>
	<data npc_id="22321" count="5" stage="1;2;3;4;5;6;7;8;9;10;11">
		<territory>
			<add x="-18871" y="238388" zmin="-2995" zmax="-2895" />
			<add x="-18967" y="238218" zmin="-2987" zmax="-2887" />
			<add x="-20079" y="237596" zmin="-2579" zmax="-2479" />
			<add x="-19962" y="237234" zmin="-2388" zmax="-2288" />
			<add x="-20237" y="236666" zmin="-2040" zmax="-1940" />
			<add x="-20977" y="236798" zmin="-2014" zmax="-1914" />
			<add x="-20870" y="237305" zmin="-2131" zmax="-2031" />
			<add x="-20802" y="237612" zmin="-2353" zmax="-2253" />
			<add x="-20729" y="238334" zmin="-2634" zmax="-2534" />
			<add x="-21138" y="239629" zmin="-2805" zmax="-2705" />
			<add x="-21529" y="240375" zmin="-2797" zmax="-2697" />
			<add x="-21228" y="240902" zmin="-2852" zmax="-2752" />
			<add x="-21143" y="241354" zmin="-2874" zmax="-2774" />
			<add x="-20438" y="241434" zmin="-2859" zmax="-2759" />
			<add x="-19766" y="241650" zmin="-2885" zmax="-2785" />
			<add x="-19561" y="240890" zmin="-2884" zmax="-2784" />
			<add x="-19020" y="240547" zmin="-2874" zmax="-2774" />
			<add x="-19134" y="240122" zmin="-2884" zmax="-2784" />
			<add x="-19011" y="239832" zmin="-2883" zmax="-2783" />
			<add x="-19199" y="239404" zmin="-2885" zmax="-2785" />
		</territory>
	</data>
	<data npc_id="22324" count="4" stage="1;2;3;4;5;6;7;8;9;10;11">
		<territory>
			<add x="-18871" y="238388" zmin="-2995" zmax="-2895" />
			<add x="-18967" y="238218" zmin="-2987" zmax="-2887" />
			<add x="-20079" y="237596" zmin="-2579" zmax="-2479" />
			<add x="-19962" y="237234" zmin="-2388" zmax="-2288" />
			<add x="-20237" y="236666" zmin="-2040" zmax="-1940" />
			<add x="-20977" y="236798" zmin="-2014" zmax="-1914" />
			<add x="-20870" y="237305" zmin="-2131" zmax="-2031" />
			<add x="-20802" y="237612" zmin="-2353" zmax="-2253" />
			<add x="-20729" y="238334" zmin="-2634" zmax="-2534" />
			<add x="-21138" y="239629" zmin="-2805" zmax="-2705" />
			<add x="-21529" y="240375" zmin="-2797" zmax="-2697" />
			<add x="-21228" y="240902" zmin="-2852" zmax="-2752" />
			<add x="-21143" y="241354" zmin="-2874" zmax="-2774" />
			<add x="-20438" y="241434" zmin="-2859" zmax="-2759" />
			<add x="-19766" y="241650" zmin="-2885" zmax="-2785" />
			<add x="-19561" y="240890" zmin="-2884" zmax="-2784" />
			<add x="-19020" y="240547" zmin="-2874" zmax="-2774" />
			<add x="-19134" y="240122" zmin="-2884" zmax="-2784" />
			<add x="-19011" y="239832" zmin="-2883" zmax="-2783" />
			<add x="-19199" y="239404" zmin="-2885" zmax="-2785" />
		</territory>
	</data>
	<data npc_id="22325" count="5" stage="1;2;3;4;5;6;7;8;9;10;11">
		<territory>
			<add x="-18871" y="238388" zmin="-2995" zmax="-2895" />
			<add x="-18967" y="238218" zmin="-2987" zmax="-2887" />
			<add x="-20079" y="237596" zmin="-2579" zmax="-2479" />
			<add x="-19962" y="237234" zmin="-2388" zmax="-2288" />
			<add x="-20237" y="236666" zmin="-2040" zmax="-1940" />
			<add x="-20977" y="236798" zmin="-2014" zmax="-1914" />
			<add x="-20870" y="237305" zmin="-2131" zmax="-2031" />
			<add x="-20802" y="237612" zmin="-2353" zmax="-2253" />
			<add x="-20729" y="238334" zmin="-2634" zmax="-2534" />
			<add x="-21138" y="239629" zmin="-2805" zmax="-2705" />
			<add x="-21529" y="240375" zmin="-2797" zmax="-2697" />
			<add x="-21228" y="240902" zmin="-2852" zmax="-2752" />
			<add x="-21143" y="241354" zmin="-2874" zmax="-2774" />
			<add x="-20438" y="241434" zmin="-2859" zmax="-2759" />
			<add x="-19766" y="241650" zmin="-2885" zmax="-2785" />
			<add x="-19561" y="240890" zmin="-2884" zmax="-2784" />
			<add x="-19020" y="240547" zmin="-2874" zmax="-2774" />
			<add x="-19134" y="240122" zmin="-2884" zmax="-2784" />
			<add x="-19011" y="239832" zmin="-2883" zmax="-2783" />
			<add x="-19199" y="239404" zmin="-2885" zmax="-2785" />
		</territory>
	</data>
	<data npc_id="22327" count="10" stage="1;2;3;4;5;6;7;8;9;10;11">
		<territory>
			<add x="-22312" y="243756" zmin="-3042" zmax="-2942" />
			<add x="-22305" y="243662" zmin="-3058" zmax="-2958" />
			<add x="-23480" y="243278" zmin="-3025" zmax="-2925" />
			<add x="-23936" y="243406" zmin="-2991" zmax="-2891" />
			<add x="-24195" y="244025" zmin="-3164" zmax="-3064" />
			<add x="-24547" y="244219" zmin="-3138" zmax="-3038" />
			<add x="-25082" y="244999" zmin="-3151" zmax="-3051" />
			<add x="-25373" y="245320" zmin="-3141" zmax="-3041" />
			<add x="-24933" y="245513" zmin="-3164" zmax="-3064" />
			<add x="-24829" y="245543" zmin="-3164" zmax="-3064" />
			<add x="-25036" y="245828" zmin="-3135" zmax="-3035" />
			<add x="-24845" y="247006" zmin="-3109" zmax="-3009" />
			<add x="-24176" y="247423" zmin="-3132" zmax="-3032" />
			<add x="-23683" y="247185" zmin="-3058" zmax="-2958" />
			<add x="-23403" y="246666" zmin="-3120" zmax="-3020" />
			<add x="-23448" y="246291" zmin="-3164" zmax="-3064" />
			<add x="-23076" y="246127" zmin="-3141" zmax="-3041" />
			<add x="-22563" y="245063" zmin="-3139" zmax="-3039" />
			<add x="-22795" y="244806" zmin="-3161" zmax="-3061" />
			<add x="-22465" y="244473" zmin="-3141" zmax="-3041" />
		</territory>
	</data>
	<data npc_id="22329" count="10" stage="1;2;3;4;5;6;7;8;9;10;11">
		<territory>
			<add x="-22312" y="243756" zmin="-3042" zmax="-2942" />
			<add x="-22305" y="243662" zmin="-3058" zmax="-2958" />
			<add x="-23480" y="243278" zmin="-3025" zmax="-2925" />
			<add x="-23936" y="243406" zmin="-2991" zmax="-2891" />
			<add x="-24195" y="244025" zmin="-3164" zmax="-3064" />
			<add x="-24547" y="244219" zmin="-3138" zmax="-3038" />
			<add x="-25082" y="244999" zmin="-3151" zmax="-3051" />
			<add x="-25373" y="245320" zmin="-3141" zmax="-3041" />
			<add x="-24933" y="245513" zmin="-3164" zmax="-3064" />
			<add x="-24829" y="245543" zmin="-3164" zmax="-3064" />
			<add x="-25036" y="245828" zmin="-3135" zmax="-3035" />
			<add x="-24845" y="247006" zmin="-3109" zmax="-3009" />
			<add x="-24176" y="247423" zmin="-3132" zmax="-3032" />
			<add x="-23683" y="247185" zmin="-3058" zmax="-2958" />
			<add x="-23403" y="246666" zmin="-3120" zmax="-3020" />
			<add x="-23448" y="246291" zmin="-3164" zmax="-3064" />
			<add x="-23076" y="246127" zmin="-3141" zmax="-3041" />
			<add x="-22563" y="245063" zmin="-3139" zmax="-3039" />
			<add x="-22795" y="244806" zmin="-3161" zmax="-3061" />
			<add x="-22465" y="244473" zmin="-3141" zmax="-3041" />
		</territory>
	</data>
	<data npc_id="22328" count="10" stage="1;2;3;4;5;6;7;8;9;10;11">
		<territory>
			<add x="-22312" y="243756" zmin="-3042" zmax="-2942" />
			<add x="-22305" y="243662" zmin="-3058" zmax="-2958" />
			<add x="-23480" y="243278" zmin="-3025" zmax="-2925" />
			<add x="-23936" y="243406" zmin="-2991" zmax="-2891" />
			<add x="-24195" y="244025" zmin="-3164" zmax="-3064" />
			<add x="-24547" y="244219" zmin="-3138" zmax="-3038" />
			<add x="-25082" y="244999" zmin="-3151" zmax="-3051" />
			<add x="-25373" y="245320" zmin="-3141" zmax="-3041" />
			<add x="-24933" y="245513" zmin="-3164" zmax="-3064" />
			<add x="-24829" y="245543" zmin="-3164" zmax="-3064" />
			<add x="-25036" y="245828" zmin="-3135" zmax="-3035" />
			<add x="-24845" y="247006" zmin="-3109" zmax="-3009" />
			<add x="-24176" y="247423" zmin="-3132" zmax="-3032" />
			<add x="-23683" y="247185" zmin="-3058" zmax="-2958" />
			<add x="-23403" y="246666" zmin="-3120" zmax="-3020" />
			<add x="-23448" y="246291" zmin="-3164" zmax="-3064" />
			<add x="-23076" y="246127" zmin="-3141" zmax="-3041" />
			<add x="-22563" y="245063" zmin="-3139" zmax="-3039" />
			<add x="-22795" y="244806" zmin="-3161" zmax="-3061" />
			<add x="-22465" y="244473" zmin="-3141" zmax="-3041" />
		</territory>
	</data>
	<data npc_id="22330" count="9" stage="1;2;3;4;5;6;7;8;9;10;11">
		<territory>
			<add x="-26576" y="250930" zmin="-2524" zmax="-2424" />
			<add x="-26706" y="250840" zmin="-2523" zmax="-2423" />
			<add x="-26865" y="250862" zmin="-2501" zmax="-2401" />
			<add x="-26968" y="250896" zmin="-2481" zmax="-2381" />
			<add x="-27004" y="250995" zmin="-2462" zmax="-2362" />
			<add x="-27057" y="251055" zmin="-2448" zmax="-2348" />
			<add x="-27176" y="251123" zmin="-2432" zmax="-2332" />
			<add x="-27383" y="251295" zmin="-2395" zmax="-2295" />
			<add x="-27418" y="251450" zmin="-2362" zmax="-2262" />
			<add x="-27526" y="251695" zmin="-2327" zmax="-2227" />
			<add x="-27158" y="251673" zmin="-2325" zmax="-2225" />
			<add x="-27024" y="251433" zmin="-2364" zmax="-2264" />
			<add x="-26944" y="251322" zmin="-2403" zmax="-2303" />
			<add x="-26788" y="251236" zmin="-2424" zmax="-2324" />
			<add x="-26674" y="251158" zmin="-2414" zmax="-2314" />
		</territory>
	</data>
	<data npc_id="22330" count="50" stage="1;2;3;4;5;6;7;8;9;10;11">
		<territory>
			<add x="-27295" y="253643" zmin="-2192" zmax="-2092" />
			<add x="-28461" y="253688" zmin="-2171" zmax="-2071" />
			<add x="-29177" y="254456" zmin="-2191" zmax="-2091" />
			<add x="-29181" y="255794" zmin="-2174" zmax="-2074" />
			<add x="-28670" y="256557" zmin="-1992" zmax="-1892" />
			<add x="-28399" y="256685" zmin="-1958" zmax="-1858" />
			<add x="-28370" y="257342" zmin="-1947" zmax="-1847" />
			<add x="-28402" y="257836" zmin="-1899" zmax="-1799" />
			<add x="-27568" y="257943" zmin="-1938" zmax="-1838" />
			<add x="-26918" y="257836" zmin="-1956" zmax="-1856" />
			<add x="-26291" y="257941" zmin="-1956" zmax="-1856" />
			<add x="-25383" y="257947" zmin="-2163" zmax="-2063" />
			<add x="-25181" y="257712" zmin="-2113" zmax="-2013" />
			<add x="-25143" y="256533" zmin="-2170" zmax="-2070" />
			<add x="-24755" y="256035" zmin="-2158" zmax="-2058" />
			<add x="-24706" y="255580" zmin="-2140" zmax="-2040" />
			<add x="-25113" y="255265" zmin="-2169" zmax="-2069" />
			<add x="-25103" y="254394" zmin="-2168" zmax="-2068" />
			<add x="-25349" y="254182" zmin="-2156" zmax="-2056" />
			<add x="-25753" y="254038" zmin="-2167" zmax="-2067" />
			<add x="-26193" y="254059" zmin="-2169" zmax="-2069" />
		</territory>
	</data>
	<data npc_id="22335" count="30" stage="1;2;3;4;5;6;7;8;9;10;11">
		<territory>
			<add x="-22460" y="250743" zmin="-3320" zmax="-3220" />
			<add x="-22530" y="254960" zmin="-3300" zmax="-3200" />
			<add x="-20713" y="257725" zmin="-3056" zmax="-2956" />
			<add x="-20556" y="257314" zmin="-3154" zmax="-3054" />
			<add x="-19765" y="258269" zmin="-3099" zmax="-2999" />
			<add x="-19390" y="258555" zmin="-3116" zmax="-3016" />
			<add x="-18808" y="258499" zmin="-3092" zmax="-2992" />
			<add x="-18494" y="257830" zmin="-3104" zmax="-3004" />
			<add x="-18356" y="257274" zmin="-3105" zmax="-3005" />
			<add x="-17046" y="256785" zmin="-3154" zmax="-3054" />
			<add x="-16478" y="256966" zmin="-3125" zmax="-3025" />
			<add x="-15920" y="256653" zmin="-3126" zmax="-3026" />
			<add x="-15895" y="255819" zmin="-3196" zmax="-3096" />
			<add x="-14927" y="255328" zmin="-3143" zmax="-3043" />
			<add x="-14634" y="255106" zmin="-3154" zmax="-3054" />
			<add x="-15787" y="254096" zmin="-3159" zmax="-3059" />
			<add x="-15891" y="254084" zmin="-3162" zmax="-3062" />
			<add x="-16358" y="254330" zmin="-3208" zmax="-3108" />
			<add x="-16589" y="254269" zmin="-3237" zmax="-3137" />
			<add x="-16998" y="253245" zmin="-3462" zmax="-3362" />
			<add x="-16349" y="253269" zmin="-3460" zmax="-3360" />
			<add x="-15572" y="253542" zmin="-3452" zmax="-3352" />
			<add x="-15117" y="253992" zmin="-3454" zmax="-3354" />
			<add x="-14771" y="253846" zmin="-3475" zmax="-3375" />
			<add x="-14794" y="253331" zmin="-3486" zmax="-3386" />
			<add x="-14974" y="252936" zmin="-3432" zmax="-3332" />
			<add x="-15153" y="252532" zmin="-3396" zmax="-3296" />
			<add x="-15790" y="251960" zmin="-3423" zmax="-3323" />
			<add x="-16255" y="251729" zmin="-3388" zmax="-3288" />
			<add x="-16568" y="251875" zmin="-3389" zmax="-3289" />
			<add x="-16755" y="251645" zmin="-3334" zmax="-3234" />
			<add x="-16486" y="251123" zmin="-3175" zmax="-3075" />
			<add x="-16227" y="251202" zmin="-3153" zmax="-3053" />
			<add x="-16125" y="251410" zmin="-3198" zmax="-3098" />
			<add x="-15971" y="251415" zmin="-3161" zmax="-3061" />
			<add x="-15946" y="251342" zmin="-3118" zmax="-3018" />
			<add x="-15849" y="251370" zmin="-3078" zmax="-2978" />
			<add x="-15662" y="251398" zmin="-3029" zmax="-2929" />
			<add x="-15328" y="251100" zmin="-2871" zmax="-2771" />
			<add x="-15703" y="250541" zmin="-2897" zmax="-2797" />
			<add x="-15558" y="250217" zmin="-2706" zmax="-2606" />
			<add x="-15767" y="249783" zmin="-2619" zmax="-2519" />
			<add x="-16699" y="249076" zmin="-2700" zmax="-2600" />
			<add x="-17327" y="248836" zmin="-2716" zmax="-2616" />
			<add x="-18239" y="249154" zmin="-2889" zmax="-2789" />
			<add x="-19194" y="249512" zmin="-3193" zmax="-3093" />
			<add x="-20149" y="250483" zmin="-3286" zmax="-3186" />
			<add x="-21269" y="250645" zmin="-3290" zmax="-3190" />
		</territory>
	</data>
	<data npc_id="22339" count="10" stage="1;2;3;4;5;6;7;8;9;10;11">
		<territory>
			<add x="-22460" y="250743" zmin="-3320" zmax="-3220" />
			<add x="-22530" y="254960" zmin="-3300" zmax="-3200" />
			<add x="-20713" y="257725" zmin="-3056" zmax="-2956" />
			<add x="-20556" y="257314" zmin="-3154" zmax="-3054" />
			<add x="-19765" y="258269" zmin="-3099" zmax="-2999" />
			<add x="-19390" y="258555" zmin="-3116" zmax="-3016" />
			<add x="-18808" y="258499" zmin="-3092" zmax="-2992" />
			<add x="-18494" y="257830" zmin="-3104" zmax="-3004" />
			<add x="-18356" y="257274" zmin="-3105" zmax="-3005" />
			<add x="-17046" y="256785" zmin="-3154" zmax="-3054" />
			<add x="-16478" y="256966" zmin="-3125" zmax="-3025" />
			<add x="-15920" y="256653" zmin="-3126" zmax="-3026" />
			<add x="-15895" y="255819" zmin="-3196" zmax="-3096" />
			<add x="-14927" y="255328" zmin="-3143" zmax="-3043" />
			<add x="-14634" y="255106" zmin="-3154" zmax="-3054" />
			<add x="-15787" y="254096" zmin="-3159" zmax="-3059" />
			<add x="-15891" y="254084" zmin="-3162" zmax="-3062" />
			<add x="-16358" y="254330" zmin="-3208" zmax="-3108" />
			<add x="-16589" y="254269" zmin="-3237" zmax="-3137" />
			<add x="-16998" y="253245" zmin="-3462" zmax="-3362" />
			<add x="-16349" y="253269" zmin="-3460" zmax="-3360" />
			<add x="-15572" y="253542" zmin="-3452" zmax="-3352" />
			<add x="-15117" y="253992" zmin="-3454" zmax="-3354" />
			<add x="-14771" y="253846" zmin="-3475" zmax="-3375" />
			<add x="-14794" y="253331" zmin="-3486" zmax="-3386" />
			<add x="-14974" y="252936" zmin="-3432" zmax="-3332" />
			<add x="-15153" y="252532" zmin="-3396" zmax="-3296" />
			<add x="-15790" y="251960" zmin="-3423" zmax="-3323" />
			<add x="-16255" y="251729" zmin="-3388" zmax="-3288" />
			<add x="-16568" y="251875" zmin="-3389" zmax="-3289" />
			<add x="-16755" y="251645" zmin="-3334" zmax="-3234" />
			<add x="-16486" y="251123" zmin="-3175" zmax="-3075" />
			<add x="-16227" y="251202" zmin="-3153" zmax="-3053" />
			<add x="-16125" y="251410" zmin="-3198" zmax="-3098" />
			<add x="-15971" y="251415" zmin="-3161" zmax="-3061" />
			<add x="-15946" y="251342" zmin="-3118" zmax="-3018" />
			<add x="-15849" y="251370" zmin="-3078" zmax="-2978" />
			<add x="-15662" y="251398" zmin="-3029" zmax="-2929" />
			<add x="-15328" y="251100" zmin="-2871" zmax="-2771" />
			<add x="-15703" y="250541" zmin="-2897" zmax="-2797" />
			<add x="-15558" y="250217" zmin="-2706" zmax="-2606" />
			<add x="-15767" y="249783" zmin="-2619" zmax="-2519" />
			<add x="-16699" y="249076" zmin="-2700" zmax="-2600" />
			<add x="-17327" y="248836" zmin="-2716" zmax="-2616" />
			<add x="-18239" y="249154" zmin="-2889" zmax="-2789" />
			<add x="-19194" y="249512" zmin="-3193" zmax="-3093" />
			<add x="-20149" y="250483" zmin="-3286" zmax="-3186" />
			<add x="-21269" y="250645" zmin="-3290" zmax="-3190" />
		</territory>
	</data>
	<data npc_id="22334" count="15" stage="1;2;3;4;5;6;7;8;9;10;11">
		<territory>
			<add x="-22460" y="250743" zmin="-3320" zmax="-3220" />
			<add x="-22530" y="254960" zmin="-3300" zmax="-3200" />
			<add x="-20713" y="257725" zmin="-3056" zmax="-2956" />
			<add x="-20556" y="257314" zmin="-3154" zmax="-3054" />
			<add x="-19765" y="258269" zmin="-3099" zmax="-2999" />
			<add x="-19390" y="258555" zmin="-3116" zmax="-3016" />
			<add x="-18808" y="258499" zmin="-3092" zmax="-2992" />
			<add x="-18494" y="257830" zmin="-3104" zmax="-3004" />
			<add x="-18356" y="257274" zmin="-3105" zmax="-3005" />
			<add x="-17046" y="256785" zmin="-3154" zmax="-3054" />
			<add x="-16478" y="256966" zmin="-3125" zmax="-3025" />
			<add x="-15920" y="256653" zmin="-3126" zmax="-3026" />
			<add x="-15895" y="255819" zmin="-3196" zmax="-3096" />
			<add x="-14927" y="255328" zmin="-3143" zmax="-3043" />
			<add x="-14634" y="255106" zmin="-3154" zmax="-3054" />
			<add x="-15787" y="254096" zmin="-3159" zmax="-3059" />
			<add x="-15891" y="254084" zmin="-3162" zmax="-3062" />
			<add x="-16358" y="254330" zmin="-3208" zmax="-3108" />
			<add x="-16589" y="254269" zmin="-3237" zmax="-3137" />
			<add x="-16998" y="253245" zmin="-3462" zmax="-3362" />
			<add x="-16349" y="253269" zmin="-3460" zmax="-3360" />
			<add x="-15572" y="253542" zmin="-3452" zmax="-3352" />
			<add x="-15117" y="253992" zmin="-3454" zmax="-3354" />
			<add x="-14771" y="253846" zmin="-3475" zmax="-3375" />
			<add x="-14794" y="253331" zmin="-3486" zmax="-3386" />
			<add x="-14974" y="252936" zmin="-3432" zmax="-3332" />
			<add x="-15153" y="252532" zmin="-3396" zmax="-3296" />
			<add x="-15790" y="251960" zmin="-3423" zmax="-3323" />
			<add x="-16255" y="251729" zmin="-3388" zmax="-3288" />
			<add x="-16568" y="251875" zmin="-3389" zmax="-3289" />
			<add x="-16755" y="251645" zmin="-3334" zmax="-3234" />
			<add x="-16486" y="251123" zmin="-3175" zmax="-3075" />
			<add x="-16227" y="251202" zmin="-3153" zmax="-3053" />
			<add x="-16125" y="251410" zmin="-3198" zmax="-3098" />
			<add x="-15971" y="251415" zmin="-3161" zmax="-3061" />
			<add x="-15946" y="251342" zmin="-3118" zmax="-3018" />
			<add x="-15849" y="251370" zmin="-3078" zmax="-2978" />
			<add x="-15662" y="251398" zmin="-3029" zmax="-2929" />
			<add x="-15328" y="251100" zmin="-2871" zmax="-2771" />
			<add x="-15703" y="250541" zmin="-2897" zmax="-2797" />
			<add x="-15558" y="250217" zmin="-2706" zmax="-2606" />
			<add x="-15767" y="249783" zmin="-2619" zmax="-2519" />
			<add x="-16699" y="249076" zmin="-2700" zmax="-2600" />
			<add x="-17327" y="248836" zmin="-2716" zmax="-2616" />
			<add x="-18239" y="249154" zmin="-2889" zmax="-2789" />
			<add x="-19194" y="249512" zmin="-3193" zmax="-3093" />
			<add x="-20149" y="250483" zmin="-3286" zmax="-3186" />
			<add x="-21269" y="250645" zmin="-3290" zmax="-3190" />
		</territory>
	</data>
	<data npc_id="22337" count="25" stage="1;2;3;4;5;6;7;8;9;10;11">
		<territory>
			<add x="-22460" y="250743" zmin="-3320" zmax="-3220" />
			<add x="-22530" y="254960" zmin="-3300" zmax="-3200" />
			<add x="-20713" y="257725" zmin="-3056" zmax="-2956" />
			<add x="-20556" y="257314" zmin="-3154" zmax="-3054" />
			<add x="-19765" y="258269" zmin="-3099" zmax="-2999" />
			<add x="-19390" y="258555" zmin="-3116" zmax="-3016" />
			<add x="-18808" y="258499" zmin="-3092" zmax="-2992" />
			<add x="-18494" y="257830" zmin="-3104" zmax="-3004" />
			<add x="-18356" y="257274" zmin="-3105" zmax="-3005" />
			<add x="-17046" y="256785" zmin="-3154" zmax="-3054" />
			<add x="-16478" y="256966" zmin="-3125" zmax="-3025" />
			<add x="-15920" y="256653" zmin="-3126" zmax="-3026" />
			<add x="-15895" y="255819" zmin="-3196" zmax="-3096" />
			<add x="-14927" y="255328" zmin="-3143" zmax="-3043" />
			<add x="-14634" y="255106" zmin="-3154" zmax="-3054" />
			<add x="-15787" y="254096" zmin="-3159" zmax="-3059" />
			<add x="-15891" y="254084" zmin="-3162" zmax="-3062" />
			<add x="-16358" y="254330" zmin="-3208" zmax="-3108" />
			<add x="-16589" y="254269" zmin="-3237" zmax="-3137" />
			<add x="-16998" y="253245" zmin="-3462" zmax="-3362" />
			<add x="-16349" y="253269" zmin="-3460" zmax="-3360" />
			<add x="-15572" y="253542" zmin="-3452" zmax="-3352" />
			<add x="-15117" y="253992" zmin="-3454" zmax="-3354" />
			<add x="-14771" y="253846" zmin="-3475" zmax="-3375" />
			<add x="-14794" y="253331" zmin="-3486" zmax="-3386" />
			<add x="-14974" y="252936" zmin="-3432" zmax="-3332" />
			<add x="-15153" y="252532" zmin="-3396" zmax="-3296" />
			<add x="-15790" y="251960" zmin="-3423" zmax="-3323" />
			<add x="-16255" y="251729" zmin="-3388" zmax="-3288" />
			<add x="-16568" y="251875" zmin="-3389" zmax="-3289" />
			<add x="-16755" y="251645" zmin="-3334" zmax="-3234" />
			<add x="-16486" y="251123" zmin="-3175" zmax="-3075" />
			<add x="-16227" y="251202" zmin="-3153" zmax="-3053" />
			<add x="-16125" y="251410" zmin="-3198" zmax="-3098" />
			<add x="-15971" y="251415" zmin="-3161" zmax="-3061" />
			<add x="-15946" y="251342" zmin="-3118" zmax="-3018" />
			<add x="-15849" y="251370" zmin="-3078" zmax="-2978" />
			<add x="-15662" y="251398" zmin="-3029" zmax="-2929" />
			<add x="-15328" y="251100" zmin="-2871" zmax="-2771" />
			<add x="-15703" y="250541" zmin="-2897" zmax="-2797" />
			<add x="-15558" y="250217" zmin="-2706" zmax="-2606" />
			<add x="-15767" y="249783" zmin="-2619" zmax="-2519" />
			<add x="-16699" y="249076" zmin="-2700" zmax="-2600" />
			<add x="-17327" y="248836" zmin="-2716" zmax="-2616" />
			<add x="-18239" y="249154" zmin="-2889" zmax="-2789" />
			<add x="-19194" y="249512" zmin="-3193" zmax="-3093" />
			<add x="-20149" y="250483" zmin="-3286" zmax="-3186" />
			<add x="-21269" y="250645" zmin="-3290" zmax="-3190" />
		</territory>
	</data>
	<data npc_id="22340" count="10" stage="1;2;3;4;5;6;7;8;9;10;11">
		<territory>
			<add x="-22460" y="250743" zmin="-3320" zmax="-3220" />
			<add x="-22530" y="254960" zmin="-3300" zmax="-3200" />
			<add x="-20713" y="257725" zmin="-3056" zmax="-2956" />
			<add x="-20556" y="257314" zmin="-3154" zmax="-3054" />
			<add x="-19765" y="258269" zmin="-3099" zmax="-2999" />
			<add x="-19390" y="258555" zmin="-3116" zmax="-3016" />
			<add x="-18808" y="258499" zmin="-3092" zmax="-2992" />
			<add x="-18494" y="257830" zmin="-3104" zmax="-3004" />
			<add x="-18356" y="257274" zmin="-3105" zmax="-3005" />
			<add x="-17046" y="256785" zmin="-3154" zmax="-3054" />
			<add x="-16478" y="256966" zmin="-3125" zmax="-3025" />
			<add x="-15920" y="256653" zmin="-3126" zmax="-3026" />
			<add x="-15895" y="255819" zmin="-3196" zmax="-3096" />
			<add x="-14927" y="255328" zmin="-3143" zmax="-3043" />
			<add x="-14634" y="255106" zmin="-3154" zmax="-3054" />
			<add x="-15787" y="254096" zmin="-3159" zmax="-3059" />
			<add x="-15891" y="254084" zmin="-3162" zmax="-3062" />
			<add x="-16358" y="254330" zmin="-3208" zmax="-3108" />
			<add x="-16589" y="254269" zmin="-3237" zmax="-3137" />
			<add x="-16998" y="253245" zmin="-3462" zmax="-3362" />
			<add x="-16349" y="253269" zmin="-3460" zmax="-3360" />
			<add x="-15572" y="253542" zmin="-3452" zmax="-3352" />
			<add x="-15117" y="253992" zmin="-3454" zmax="-3354" />
			<add x="-14771" y="253846" zmin="-3475" zmax="-3375" />
			<add x="-14794" y="253331" zmin="-3486" zmax="-3386" />
			<add x="-14974" y="252936" zmin="-3432" zmax="-3332" />
			<add x="-15153" y="252532" zmin="-3396" zmax="-3296" />
			<add x="-15790" y="251960" zmin="-3423" zmax="-3323" />
			<add x="-16255" y="251729" zmin="-3388" zmax="-3288" />
			<add x="-16568" y="251875" zmin="-3389" zmax="-3289" />
			<add x="-16755" y="251645" zmin="-3334" zmax="-3234" />
			<add x="-16486" y="251123" zmin="-3175" zmax="-3075" />
			<add x="-16227" y="251202" zmin="-3153" zmax="-3053" />
			<add x="-16125" y="251410" zmin="-3198" zmax="-3098" />
			<add x="-15971" y="251415" zmin="-3161" zmax="-3061" />
			<add x="-15946" y="251342" zmin="-3118" zmax="-3018" />
			<add x="-15849" y="251370" zmin="-3078" zmax="-2978" />
			<add x="-15662" y="251398" zmin="-3029" zmax="-2929" />
			<add x="-15328" y="251100" zmin="-2871" zmax="-2771" />
			<add x="-15703" y="250541" zmin="-2897" zmax="-2797" />
			<add x="-15558" y="250217" zmin="-2706" zmax="-2606" />
			<add x="-15767" y="249783" zmin="-2619" zmax="-2519" />
			<add x="-16699" y="249076" zmin="-2700" zmax="-2600" />
			<add x="-17327" y="248836" zmin="-2716" zmax="-2616" />
			<add x="-18239" y="249154" zmin="-2889" zmax="-2789" />
			<add x="-19194" y="249512" zmin="-3193" zmax="-3093" />
			<add x="-20149" y="250483" zmin="-3286" zmax="-3186" />
			<add x="-21269" y="250645" zmin="-3290" zmax="-3190" />
		</territory>
	</data>
	<data npc_id="32350" count="10" stage="1;2;3;4;5;6;7;8;9;10;11">
		<territory>
			<add x="-22460" y="250743" zmin="-3320" zmax="-3220" />
			<add x="-22530" y="254960" zmin="-3300" zmax="-3200" />
			<add x="-20713" y="257725" zmin="-3056" zmax="-2956" />
			<add x="-20556" y="257314" zmin="-3154" zmax="-3054" />
			<add x="-19765" y="258269" zmin="-3099" zmax="-2999" />
			<add x="-19390" y="258555" zmin="-3116" zmax="-3016" />
			<add x="-18808" y="258499" zmin="-3092" zmax="-2992" />
			<add x="-18494" y="257830" zmin="-3104" zmax="-3004" />
			<add x="-18356" y="257274" zmin="-3105" zmax="-3005" />
			<add x="-17046" y="256785" zmin="-3154" zmax="-3054" />
			<add x="-16478" y="256966" zmin="-3125" zmax="-3025" />
			<add x="-15920" y="256653" zmin="-3126" zmax="-3026" />
			<add x="-15895" y="255819" zmin="-3196" zmax="-3096" />
			<add x="-14927" y="255328" zmin="-3143" zmax="-3043" />
			<add x="-14634" y="255106" zmin="-3154" zmax="-3054" />
			<add x="-15787" y="254096" zmin="-3159" zmax="-3059" />
			<add x="-15891" y="254084" zmin="-3162" zmax="-3062" />
			<add x="-16358" y="254330" zmin="-3208" zmax="-3108" />
			<add x="-16589" y="254269" zmin="-3237" zmax="-3137" />
			<add x="-16998" y="253245" zmin="-3462" zmax="-3362" />
			<add x="-16349" y="253269" zmin="-3460" zmax="-3360" />
			<add x="-15572" y="253542" zmin="-3452" zmax="-3352" />
			<add x="-15117" y="253992" zmin="-3454" zmax="-3354" />
			<add x="-14771" y="253846" zmin="-3475" zmax="-3375" />
			<add x="-14794" y="253331" zmin="-3486" zmax="-3386" />
			<add x="-14974" y="252936" zmin="-3432" zmax="-3332" />
			<add x="-15153" y="252532" zmin="-3396" zmax="-3296" />
			<add x="-15790" y="251960" zmin="-3423" zmax="-3323" />
			<add x="-16255" y="251729" zmin="-3388" zmax="-3288" />
			<add x="-16568" y="251875" zmin="-3389" zmax="-3289" />
			<add x="-16755" y="251645" zmin="-3334" zmax="-3234" />
			<add x="-16486" y="251123" zmin="-3175" zmax="-3075" />
			<add x="-16227" y="251202" zmin="-3153" zmax="-3053" />
			<add x="-16125" y="251410" zmin="-3198" zmax="-3098" />
			<add x="-15971" y="251415" zmin="-3161" zmax="-3061" />
			<add x="-15946" y="251342" zmin="-3118" zmax="-3018" />
			<add x="-15849" y="251370" zmin="-3078" zmax="-2978" />
			<add x="-15662" y="251398" zmin="-3029" zmax="-2929" />
			<add x="-15328" y="251100" zmin="-2871" zmax="-2771" />
			<add x="-15703" y="250541" zmin="-2897" zmax="-2797" />
			<add x="-15558" y="250217" zmin="-2706" zmax="-2606" />
			<add x="-15767" y="249783" zmin="-2619" zmax="-2519" />
			<add x="-16699" y="249076" zmin="-2700" zmax="-2600" />
			<add x="-17327" y="248836" zmin="-2716" zmax="-2616" />
			<add x="-18239" y="249154" zmin="-2889" zmax="-2789" />
			<add x="-19194" y="249512" zmin="-3193" zmax="-3093" />
			<add x="-20149" y="250483" zmin="-3286" zmax="-3186" />
			<add x="-21269" y="250645" zmin="-3290" zmax="-3190" />
		</territory>
	</data>
	<data npc_id="22337" count="14" stage="1;2;3;4;5;6;7;8;9;10;11">
		<territory>
			<add x="-12802" y="255285" zmin="-3384" zmax="-3284" />
			<add x="-13073" y="255695" zmin="-3394" zmax="-3294" />
			<add x="-13463" y="255992" zmin="-3340" zmax="-3240" />
			<add x="-13346" y="256348" zmin="-3339" zmax="-3239" />
			<add x="-12814" y="256670" zmin="-3330" zmax="-3230" />
			<add x="-12164" y="257175" zmin="-3361" zmax="-3261" />
			<add x="-11203" y="257345" zmin="-3388" zmax="-3288" />
			<add x="-10843" y="257273" zmin="-3424" zmax="-3324" />
			<add x="-10474" y="257589" zmin="-3398" zmax="-3298" />
			<add x="-10392" y="257848" zmin="-3377" zmax="-3277" />
			<add x="-10362" y="258663" zmin="-3334" zmax="-3234" />
			<add x="-9352" y="258831" zmin="-3248" zmax="-3148" />
			<add x="-8964" y="259078" zmin="-3162" zmax="-3062" />
			<add x="-8365" y="259067" zmin="-3050" zmax="-2950" />
			<add x="-8231" y="258409" zmin="-3159" zmax="-3059" />
			<add x="-9047" y="257974" zmin="-3221" zmax="-3121" />
			<add x="-9517" y="257616" zmin="-3288" zmax="-3188" />
			<add x="-9720" y="257455" zmin="-3327" zmax="-3227" />
			<add x="-9463" y="257001" zmin="-3344" zmax="-3244" />
			<add x="-9198" y="256864" zmin="-3312" zmax="-3212" />
			<add x="-8514" y="257187" zmin="-3118" zmax="-3018" />
			<add x="-8275" y="257136" zmin="-3071" zmax="-2971" />
			<add x="-7837" y="256784" zmin="-3070" zmax="-2970" />
			<add x="-7189" y="256005" zmin="-3117" zmax="-3017" />
			<add x="-6356" y="255065" zmin="-3176" zmax="-3076" />
			<add x="-5395" y="254609" zmin="-3158" zmax="-3058" />
			<add x="-4156" y="254605" zmin="-3151" zmax="-3051" />
			<add x="-3334" y="254087" zmin="-3107" zmax="-3007" />
			<add x="-3282" y="253080" zmin="-3138" zmax="-3038" />
			<add x="-3333" y="252492" zmin="-3175" zmax="-3075" />
			<add x="-3279" y="251916" zmin="-3174" zmax="-3074" />
			<add x="-3136" y="251462" zmin="-3050" zmax="-2950" />
			<add x="-3882" y="250646" zmin="-3243" zmax="-3143" />
			<add x="-4061" y="250113" zmin="-3145" zmax="-3045" />
			<add x="-4220" y="249708" zmin="-3077" zmax="-2977" />
			<add x="-4877" y="249382" zmin="-3111" zmax="-3011" />
			<add x="-5402" y="249088" zmin="-3142" zmax="-3042" />
			<add x="-5897" y="248502" zmin="-3142" zmax="-3042" />
			<add x="-6272" y="248470" zmin="-3139" zmax="-3039" />
			<add x="-6522" y="248613" zmin="-3124" zmax="-3024" />
			<add x="-6499" y="249105" zmin="-3122" zmax="-3022" />
			<add x="-6819" y="249489" zmin="-2986" zmax="-2886" />
			<add x="-7162" y="249920" zmin="-2931" zmax="-2831" />
			<add x="-7389" y="250457" zmin="-2929" zmax="-2829" />
			<add x="-8143" y="250625" zmin="-2828" zmax="-2728" />
			<add x="-8687" y="249908" zmin="-2744" zmax="-2644" />
			<add x="-9571" y="250140" zmin="-2763" zmax="-2663" />
			<add x="-9886" y="250027" zmin="-2758" zmax="-2658" />
			<add x="-9992" y="249905" zmin="-2733" zmax="-2633" />
			<add x="-10330" y="249915" zmin="-2746" zmax="-2646" />
			<add x="-10638" y="250063" zmin="-2758" zmax="-2658" />
			<add x="-10896" y="250201" zmin="-2771" zmax="-2671" />
			<add x="-11639" y="250258" zmin="-2776" zmax="-2676" />
			<add x="-12021" y="250734" zmin="-2784" zmax="-2684" />
			<add x="-12141" y="251629" zmin="-2791" zmax="-2691" />
			<add x="-12127" y="252281" zmin="-2874" zmax="-2774" />
			<add x="-12015" y="252849" zmin="-2982" zmax="-2882" />
			<add x="-12130" y="253828" zmin="-3150" zmax="-3050" />
			<add x="-12416" y="254243" zmin="-3198" zmax="-3098" />
		</territory>
	</data>
	<data npc_id="22334" count="17" stage="1;2;3;4;5;6;7;8;9;10;11">
		<territory>
			<add x="-12802" y="255285" zmin="-3384" zmax="-3284" />
			<add x="-13073" y="255695" zmin="-3394" zmax="-3294" />
			<add x="-13463" y="255992" zmin="-3340" zmax="-3240" />
			<add x="-13346" y="256348" zmin="-3339" zmax="-3239" />
			<add x="-12814" y="256670" zmin="-3330" zmax="-3230" />
			<add x="-12164" y="257175" zmin="-3361" zmax="-3261" />
			<add x="-11203" y="257345" zmin="-3388" zmax="-3288" />
			<add x="-10843" y="257273" zmin="-3424" zmax="-3324" />
			<add x="-10474" y="257589" zmin="-3398" zmax="-3298" />
			<add x="-10392" y="257848" zmin="-3377" zmax="-3277" />
			<add x="-10362" y="258663" zmin="-3334" zmax="-3234" />
			<add x="-9352" y="258831" zmin="-3248" zmax="-3148" />
			<add x="-8964" y="259078" zmin="-3162" zmax="-3062" />
			<add x="-8365" y="259067" zmin="-3050" zmax="-2950" />
			<add x="-8231" y="258409" zmin="-3159" zmax="-3059" />
			<add x="-9047" y="257974" zmin="-3221" zmax="-3121" />
			<add x="-9517" y="257616" zmin="-3288" zmax="-3188" />
			<add x="-9720" y="257455" zmin="-3327" zmax="-3227" />
			<add x="-9463" y="257001" zmin="-3344" zmax="-3244" />
			<add x="-9198" y="256864" zmin="-3312" zmax="-3212" />
			<add x="-8514" y="257187" zmin="-3118" zmax="-3018" />
			<add x="-8275" y="257136" zmin="-3071" zmax="-2971" />
			<add x="-7837" y="256784" zmin="-3070" zmax="-2970" />
			<add x="-7189" y="256005" zmin="-3117" zmax="-3017" />
			<add x="-6356" y="255065" zmin="-3176" zmax="-3076" />
			<add x="-5395" y="254609" zmin="-3158" zmax="-3058" />
			<add x="-4156" y="254605" zmin="-3151" zmax="-3051" />
			<add x="-3334" y="254087" zmin="-3107" zmax="-3007" />
			<add x="-3282" y="253080" zmin="-3138" zmax="-3038" />
			<add x="-3333" y="252492" zmin="-3175" zmax="-3075" />
			<add x="-3279" y="251916" zmin="-3174" zmax="-3074" />
			<add x="-3136" y="251462" zmin="-3050" zmax="-2950" />
			<add x="-3882" y="250646" zmin="-3243" zmax="-3143" />
			<add x="-4061" y="250113" zmin="-3145" zmax="-3045" />
			<add x="-4220" y="249708" zmin="-3077" zmax="-2977" />
			<add x="-4877" y="249382" zmin="-3111" zmax="-3011" />
			<add x="-5402" y="249088" zmin="-3142" zmax="-3042" />
			<add x="-5897" y="248502" zmin="-3142" zmax="-3042" />
			<add x="-6272" y="248470" zmin="-3139" zmax="-3039" />
			<add x="-6522" y="248613" zmin="-3124" zmax="-3024" />
			<add x="-6499" y="249105" zmin="-3122" zmax="-3022" />
			<add x="-6819" y="249489" zmin="-2986" zmax="-2886" />
			<add x="-7162" y="249920" zmin="-2931" zmax="-2831" />
			<add x="-7389" y="250457" zmin="-2929" zmax="-2829" />
			<add x="-8143" y="250625" zmin="-2828" zmax="-2728" />
			<add x="-8687" y="249908" zmin="-2744" zmax="-2644" />
			<add x="-9571" y="250140" zmin="-2763" zmax="-2663" />
			<add x="-9886" y="250027" zmin="-2758" zmax="-2658" />
			<add x="-9992" y="249905" zmin="-2733" zmax="-2633" />
			<add x="-10330" y="249915" zmin="-2746" zmax="-2646" />
			<add x="-10638" y="250063" zmin="-2758" zmax="-2658" />
			<add x="-10896" y="250201" zmin="-2771" zmax="-2671" />
			<add x="-11639" y="250258" zmin="-2776" zmax="-2676" />
			<add x="-12021" y="250734" zmin="-2784" zmax="-2684" />
			<add x="-12141" y="251629" zmin="-2791" zmax="-2691" />
			<add x="-12127" y="252281" zmin="-2874" zmax="-2774" />
			<add x="-12015" y="252849" zmin="-2982" zmax="-2882" />
			<add x="-12130" y="253828" zmin="-3150" zmax="-3050" />
			<add x="-12416" y="254243" zmin="-3198" zmax="-3098" />
		</territory>
	</data>
	<data npc_id="22340" count="10" stage="1;2;3;4;5;6;7;8;9;10;11">
		<territory>
			<add x="-12802" y="255285" zmin="-3384" zmax="-3284" />
			<add x="-13073" y="255695" zmin="-3394" zmax="-3294" />
			<add x="-13463" y="255992" zmin="-3340" zmax="-3240" />
			<add x="-13346" y="256348" zmin="-3339" zmax="-3239" />
			<add x="-12814" y="256670" zmin="-3330" zmax="-3230" />
			<add x="-12164" y="257175" zmin="-3361" zmax="-3261" />
			<add x="-11203" y="257345" zmin="-3388" zmax="-3288" />
			<add x="-10843" y="257273" zmin="-3424" zmax="-3324" />
			<add x="-10474" y="257589" zmin="-3398" zmax="-3298" />
			<add x="-10392" y="257848" zmin="-3377" zmax="-3277" />
			<add x="-10362" y="258663" zmin="-3334" zmax="-3234" />
			<add x="-9352" y="258831" zmin="-3248" zmax="-3148" />
			<add x="-8964" y="259078" zmin="-3162" zmax="-3062" />
			<add x="-8365" y="259067" zmin="-3050" zmax="-2950" />
			<add x="-8231" y="258409" zmin="-3159" zmax="-3059" />
			<add x="-9047" y="257974" zmin="-3221" zmax="-3121" />
			<add x="-9517" y="257616" zmin="-3288" zmax="-3188" />
			<add x="-9720" y="257455" zmin="-3327" zmax="-3227" />
			<add x="-9463" y="257001" zmin="-3344" zmax="-3244" />
			<add x="-9198" y="256864" zmin="-3312" zmax="-3212" />
			<add x="-8514" y="257187" zmin="-3118" zmax="-3018" />
			<add x="-8275" y="257136" zmin="-3071" zmax="-2971" />
			<add x="-7837" y="256784" zmin="-3070" zmax="-2970" />
			<add x="-7189" y="256005" zmin="-3117" zmax="-3017" />
			<add x="-6356" y="255065" zmin="-3176" zmax="-3076" />
			<add x="-5395" y="254609" zmin="-3158" zmax="-3058" />
			<add x="-4156" y="254605" zmin="-3151" zmax="-3051" />
			<add x="-3334" y="254087" zmin="-3107" zmax="-3007" />
			<add x="-3282" y="253080" zmin="-3138" zmax="-3038" />
			<add x="-3333" y="252492" zmin="-3175" zmax="-3075" />
			<add x="-3279" y="251916" zmin="-3174" zmax="-3074" />
			<add x="-3136" y="251462" zmin="-3050" zmax="-2950" />
			<add x="-3882" y="250646" zmin="-3243" zmax="-3143" />
			<add x="-4061" y="250113" zmin="-3145" zmax="-3045" />
			<add x="-4220" y="249708" zmin="-3077" zmax="-2977" />
			<add x="-4877" y="249382" zmin="-3111" zmax="-3011" />
			<add x="-5402" y="249088" zmin="-3142" zmax="-3042" />
			<add x="-5897" y="248502" zmin="-3142" zmax="-3042" />
			<add x="-6272" y="248470" zmin="-3139" zmax="-3039" />
			<add x="-6522" y="248613" zmin="-3124" zmax="-3024" />
			<add x="-6499" y="249105" zmin="-3122" zmax="-3022" />
			<add x="-6819" y="249489" zmin="-2986" zmax="-2886" />
			<add x="-7162" y="249920" zmin="-2931" zmax="-2831" />
			<add x="-7389" y="250457" zmin="-2929" zmax="-2829" />
			<add x="-8143" y="250625" zmin="-2828" zmax="-2728" />
			<add x="-8687" y="249908" zmin="-2744" zmax="-2644" />
			<add x="-9571" y="250140" zmin="-2763" zmax="-2663" />
			<add x="-9886" y="250027" zmin="-2758" zmax="-2658" />
			<add x="-9992" y="249905" zmin="-2733" zmax="-2633" />
			<add x="-10330" y="249915" zmin="-2746" zmax="-2646" />
			<add x="-10638" y="250063" zmin="-2758" zmax="-2658" />
			<add x="-10896" y="250201" zmin="-2771" zmax="-2671" />
			<add x="-11639" y="250258" zmin="-2776" zmax="-2676" />
			<add x="-12021" y="250734" zmin="-2784" zmax="-2684" />
			<add x="-12141" y="251629" zmin="-2791" zmax="-2691" />
			<add x="-12127" y="252281" zmin="-2874" zmax="-2774" />
			<add x="-12015" y="252849" zmin="-2982" zmax="-2882" />
			<add x="-12130" y="253828" zmin="-3150" zmax="-3050" />
			<add x="-12416" y="254243" zmin="-3198" zmax="-3098" />
		</territory>
	</data>
	<data npc_id="32350" count="10" stage="1;2;3;4;5;6;7;8;9;10;11">
		<territory>
			<add x="-12802" y="255285" zmin="-3384" zmax="-3284" />
			<add x="-13073" y="255695" zmin="-3394" zmax="-3294" />
			<add x="-13463" y="255992" zmin="-3340" zmax="-3240" />
			<add x="-13346" y="256348" zmin="-3339" zmax="-3239" />
			<add x="-12814" y="256670" zmin="-3330" zmax="-3230" />
			<add x="-12164" y="257175" zmin="-3361" zmax="-3261" />
			<add x="-11203" y="257345" zmin="-3388" zmax="-3288" />
			<add x="-10843" y="257273" zmin="-3424" zmax="-3324" />
			<add x="-10474" y="257589" zmin="-3398" zmax="-3298" />
			<add x="-10392" y="257848" zmin="-3377" zmax="-3277" />
			<add x="-10362" y="258663" zmin="-3334" zmax="-3234" />
			<add x="-9352" y="258831" zmin="-3248" zmax="-3148" />
			<add x="-8964" y="259078" zmin="-3162" zmax="-3062" />
			<add x="-8365" y="259067" zmin="-3050" zmax="-2950" />
			<add x="-8231" y="258409" zmin="-3159" zmax="-3059" />
			<add x="-9047" y="257974" zmin="-3221" zmax="-3121" />
			<add x="-9517" y="257616" zmin="-3288" zmax="-3188" />
			<add x="-9720" y="257455" zmin="-3327" zmax="-3227" />
			<add x="-9463" y="257001" zmin="-3344" zmax="-3244" />
			<add x="-9198" y="256864" zmin="-3312" zmax="-3212" />
			<add x="-8514" y="257187" zmin="-3118" zmax="-3018" />
			<add x="-8275" y="257136" zmin="-3071" zmax="-2971" />
			<add x="-7837" y="256784" zmin="-3070" zmax="-2970" />
			<add x="-7189" y="256005" zmin="-3117" zmax="-3017" />
			<add x="-6356" y="255065" zmin="-3176" zmax="-3076" />
			<add x="-5395" y="254609" zmin="-3158" zmax="-3058" />
			<add x="-4156" y="254605" zmin="-3151" zmax="-3051" />
			<add x="-3334" y="254087" zmin="-3107" zmax="-3007" />
			<add x="-3282" y="253080" zmin="-3138" zmax="-3038" />
			<add x="-3333" y="252492" zmin="-3175" zmax="-3075" />
			<add x="-3279" y="251916" zmin="-3174" zmax="-3074" />
			<add x="-3136" y="251462" zmin="-3050" zmax="-2950" />
			<add x="-3882" y="250646" zmin="-3243" zmax="-3143" />
			<add x="-4061" y="250113" zmin="-3145" zmax="-3045" />
			<add x="-4220" y="249708" zmin="-3077" zmax="-2977" />
			<add x="-4877" y="249382" zmin="-3111" zmax="-3011" />
			<add x="-5402" y="249088" zmin="-3142" zmax="-3042" />
			<add x="-5897" y="248502" zmin="-3142" zmax="-3042" />
			<add x="-6272" y="248470" zmin="-3139" zmax="-3039" />
			<add x="-6522" y="248613" zmin="-3124" zmax="-3024" />
			<add x="-6499" y="249105" zmin="-3122" zmax="-3022" />
			<add x="-6819" y="249489" zmin="-2986" zmax="-2886" />
			<add x="-7162" y="249920" zmin="-2931" zmax="-2831" />
			<add x="-7389" y="250457" zmin="-2929" zmax="-2829" />
			<add x="-8143" y="250625" zmin="-2828" zmax="-2728" />
			<add x="-8687" y="249908" zmin="-2744" zmax="-2644" />
			<add x="-9571" y="250140" zmin="-2763" zmax="-2663" />
			<add x="-9886" y="250027" zmin="-2758" zmax="-2658" />
			<add x="-9992" y="249905" zmin="-2733" zmax="-2633" />
			<add x="-10330" y="249915" zmin="-2746" zmax="-2646" />
			<add x="-10638" y="250063" zmin="-2758" zmax="-2658" />
			<add x="-10896" y="250201" zmin="-2771" zmax="-2671" />
			<add x="-11639" y="250258" zmin="-2776" zmax="-2676" />
			<add x="-12021" y="250734" zmin="-2784" zmax="-2684" />
			<add x="-12141" y="251629" zmin="-2791" zmax="-2691" />
			<add x="-12127" y="252281" zmin="-2874" zmax="-2774" />
			<add x="-12015" y="252849" zmin="-2982" zmax="-2882" />
			<add x="-12130" y="253828" zmin="-3150" zmax="-3050" />
			<add x="-12416" y="254243" zmin="-3198" zmax="-3098" />
		</territory>
	</data>
	<data npc_id="22336" count="15" stage="1;2;3;4;5;6;7;8;9;10;11">
		<territory>
			<add x="-12802" y="255285" zmin="-3384" zmax="-3284" />
			<add x="-13073" y="255695" zmin="-3394" zmax="-3294" />
			<add x="-13463" y="255992" zmin="-3340" zmax="-3240" />
			<add x="-13346" y="256348" zmin="-3339" zmax="-3239" />
			<add x="-12814" y="256670" zmin="-3330" zmax="-3230" />
			<add x="-12164" y="257175" zmin="-3361" zmax="-3261" />
			<add x="-11203" y="257345" zmin="-3388" zmax="-3288" />
			<add x="-10843" y="257273" zmin="-3424" zmax="-3324" />
			<add x="-10474" y="257589" zmin="-3398" zmax="-3298" />
			<add x="-10392" y="257848" zmin="-3377" zmax="-3277" />
			<add x="-10362" y="258663" zmin="-3334" zmax="-3234" />
			<add x="-9352" y="258831" zmin="-3248" zmax="-3148" />
			<add x="-8964" y="259078" zmin="-3162" zmax="-3062" />
			<add x="-8365" y="259067" zmin="-3050" zmax="-2950" />
			<add x="-8231" y="258409" zmin="-3159" zmax="-3059" />
			<add x="-9047" y="257974" zmin="-3221" zmax="-3121" />
			<add x="-9517" y="257616" zmin="-3288" zmax="-3188" />
			<add x="-9720" y="257455" zmin="-3327" zmax="-3227" />
			<add x="-9463" y="257001" zmin="-3344" zmax="-3244" />
			<add x="-9198" y="256864" zmin="-3312" zmax="-3212" />
			<add x="-8514" y="257187" zmin="-3118" zmax="-3018" />
			<add x="-8275" y="257136" zmin="-3071" zmax="-2971" />
			<add x="-7837" y="256784" zmin="-3070" zmax="-2970" />
			<add x="-7189" y="256005" zmin="-3117" zmax="-3017" />
			<add x="-6356" y="255065" zmin="-3176" zmax="-3076" />
			<add x="-5395" y="254609" zmin="-3158" zmax="-3058" />
			<add x="-4156" y="254605" zmin="-3151" zmax="-3051" />
			<add x="-3334" y="254087" zmin="-3107" zmax="-3007" />
			<add x="-3282" y="253080" zmin="-3138" zmax="-3038" />
			<add x="-3333" y="252492" zmin="-3175" zmax="-3075" />
			<add x="-3279" y="251916" zmin="-3174" zmax="-3074" />
			<add x="-3136" y="251462" zmin="-3050" zmax="-2950" />
			<add x="-3882" y="250646" zmin="-3243" zmax="-3143" />
			<add x="-4061" y="250113" zmin="-3145" zmax="-3045" />
			<add x="-4220" y="249708" zmin="-3077" zmax="-2977" />
			<add x="-4877" y="249382" zmin="-3111" zmax="-3011" />
			<add x="-5402" y="249088" zmin="-3142" zmax="-3042" />
			<add x="-5897" y="248502" zmin="-3142" zmax="-3042" />
			<add x="-6272" y="248470" zmin="-3139" zmax="-3039" />
			<add x="-6522" y="248613" zmin="-3124" zmax="-3024" />
			<add x="-6499" y="249105" zmin="-3122" zmax="-3022" />
			<add x="-6819" y="249489" zmin="-2986" zmax="-2886" />
			<add x="-7162" y="249920" zmin="-2931" zmax="-2831" />
			<add x="-7389" y="250457" zmin="-2929" zmax="-2829" />
			<add x="-8143" y="250625" zmin="-2828" zmax="-2728" />
			<add x="-8687" y="249908" zmin="-2744" zmax="-2644" />
			<add x="-9571" y="250140" zmin="-2763" zmax="-2663" />
			<add x="-9886" y="250027" zmin="-2758" zmax="-2658" />
			<add x="-9992" y="249905" zmin="-2733" zmax="-2633" />
			<add x="-10330" y="249915" zmin="-2746" zmax="-2646" />
			<add x="-10638" y="250063" zmin="-2758" zmax="-2658" />
			<add x="-10896" y="250201" zmin="-2771" zmax="-2671" />
			<add x="-11639" y="250258" zmin="-2776" zmax="-2676" />
			<add x="-12021" y="250734" zmin="-2784" zmax="-2684" />
			<add x="-12141" y="251629" zmin="-2791" zmax="-2691" />
			<add x="-12127" y="252281" zmin="-2874" zmax="-2774" />
			<add x="-12015" y="252849" zmin="-2982" zmax="-2882" />
			<add x="-12130" y="253828" zmin="-3150" zmax="-3050" />
			<add x="-12416" y="254243" zmin="-3198" zmax="-3098" />
		</territory>
	</data>
	<data npc_id="22320" count="4" stage="1;2;3;4;5;6;7;8;9;10;11">
		<territory>
			<add x="-5725" y="234467" zmin="-2859" zmax="-2759" />
			<add x="-5953" y="234819" zmin="-2785" zmax="-2685" />
			<add x="-6093" y="234342" zmin="-2748" zmax="-2648" />
			<add x="-5712" y="233947" zmin="-2904" zmax="-2804" />
			<add x="-5193" y="234349" zmin="-2918" zmax="-2818" />
			<add x="-5359" y="234569" zmin="-2868" zmax="-2768" />
			<add x="-5439" y="234687" zmin="-2836" zmax="-2736" />
			<add x="-5509" y="234669" zmin="-2847" zmax="-2747" />
		</territory>
	</data>
	<data npc_id="22321" count="4" stage="1;2;3;4;5;6;7;8;9;10;11">
		<territory>
			<add x="-5725" y="234467" zmin="-2859" zmax="-2759" />
			<add x="-5953" y="234819" zmin="-2785" zmax="-2685" />
			<add x="-6093" y="234342" zmin="-2748" zmax="-2648" />
			<add x="-5712" y="233947" zmin="-2904" zmax="-2804" />
			<add x="-5193" y="234349" zmin="-2918" zmax="-2818" />
			<add x="-5359" y="234569" zmin="-2868" zmax="-2768" />
			<add x="-5439" y="234687" zmin="-2836" zmax="-2736" />
			<add x="-5509" y="234669" zmin="-2847" zmax="-2747" />
		</territory>
	</data>
	<data npc_id="22349" count="8" respawn="120" stage="1;2;3;4;5;6;7;8;9;10;11">
		<territory>
			<add x="520" y="236632" zmin="-3400" zmax="-2900" />
			<add x="920" y="232680" zmin="-3400" zmax="-2900" />
			<add x="4152" y="233288" zmin="-3400" zmax="-2900" />
			<add x="5512" y="235144" zmin="-3400" zmax="-2900" />
			<add x="5976" y="237768" zmin="-3400" zmax="-2900" />
		</territory>
	</data>
	<data npc_id="22350" count="8" respawn="120" stage="1;2;3;4;5;6;7;8;9;10;11">
		<territory>
			<add x="520" y="236632" zmin="-3400" zmax="-2900" />
			<add x="920" y="232680" zmin="-3400" zmax="-2900" />
			<add x="4152" y="233288" zmin="-3400" zmax="-2900" />
			<add x="5512" y="235144" zmin="-3400" zmax="-2900" />
			<add x="5976" y="237768" zmin="-3400" zmax="-2900" />
		</territory>
	</data>
	<data npc_id="22351" count="8" respawn="120" stage="1;2;3;4;5;6;7;8;9;10;11">
		<territory>
			<add x="520" y="236632" zmin="-3400" zmax="-2900" />
			<add x="920" y="232680" zmin="-3400" zmax="-2900" />
			<add x="4152" y="233288" zmin="-3400" zmax="-2900" />
			<add x="5512" y="235144" zmin="-3400" zmax="-2900" />
			<add x="5976" y="237768" zmin="-3400" zmax="-2900" />
		</territory>
	</data>
	<data npc_id="22352" count="8" respawn="120" stage="1;2;3;4;5;6;7;8;9;10;11">
		<territory>
			<add x="520" y="236632" zmin="-3400" zmax="-2900" />
			<add x="920" y="232680" zmin="-3400" zmax="-2900" />
			<add x="4152" y="233288" zmin="-3400" zmax="-2900" />
			<add x="5512" y="235144" zmin="-3400" zmax="-2900" />
			<add x="5976" y="237768" zmin="-3400" zmax="-2900" />
		</territory>
	</data>
	<data npc_id="22349" count="5" respawn="120" stage="1;2;3;4;5;6;7;8;9;10;11">
		<territory>
			<add x="504" y="236664" zmin="-3400" zmax="-2100" />
			<add x="5896" y="237752" zmin="-3400" zmax="-2100" />
			<add x="3416" y="241384" zmin="-3400" zmax="-2100" />
			<add x="648" y="239144" zmin="-3400" zmax="-2100" />
		</territory>
	</data>
	<data npc_id="22350" count="5" respawn="120" stage="1;2;3;4;5;6;7;8;9;10;11">
		<territory>
			<add x="504" y="236664" zmin="-3400" zmax="-2100" />
			<add x="5896" y="237752" zmin="-3400" zmax="-2100" />
			<add x="3416" y="241384" zmin="-3400" zmax="-2100" />
			<add x="648" y="239144" zmin="-3400" zmax="-2100" />
		</territory>
	</data>
	<data npc_id="22351" count="5" respawn="120" stage="1;2;3;4;5;6;7;8;9;10;11">
		<territory>
			<add x="504" y="236664" zmin="-3400" zmax="-2100" />
			<add x="5896" y="237752" zmin="-3400" zmax="-2100" />
			<add x="3416" y="241384" zmin="-3400" zmax="-2100" />
			<add x="648" y="239144" zmin="-3400" zmax="-2100" />
		</territory>
	</data>
	<data npc_id="22352" count="5" respawn="120" stage="1;2;3;4;5;6;7;8;9;10;11">
		<territory>
			<add x="504" y="236664" zmin="-3400" zmax="-2100" />
			<add x="5896" y="237752" zmin="-3400" zmax="-2100" />
			<add x="3416" y="241384" zmin="-3400" zmax="-2100" />
			<add x="648" y="239144" zmin="-3400" zmax="-2100" />
		</territory>
	</data>
	<data npc_id="22349" count="10" respawn="120" stage="1;2;3;4;5;6;7;8;9;10;11">
		<territory>
			<add x="7432" y="237560" zmin="-2000" zmax="-1600" />
			<add x="10936" y="239032" zmin="-2000" zmax="-1600" />
			<add x="12472" y="238072" zmin="-2000" zmax="-1600" />
			<add x="11736" y="236808" zmin="-2000" zmax="-1600" />
			<add x="11768" y="235288" zmin="-2000" zmax="-1600" />
			<add x="9496" y="234008" zmin="-2000" zmax="-1600" />
			<add x="6856" y="234792" zmin="-2000" zmax="-1600" />
			<add x="6920" y="236456" zmin="-2000" zmax="-1600" />
		</territory>
	</data>
	<data npc_id="22350" count="10" respawn="120" stage="1;2;3;4;5;6;7;8;9;10;11">
		<territory>
			<add x="7432" y="237560" zmin="-2000" zmax="-1600" />
			<add x="10936" y="239032" zmin="-2000" zmax="-1600" />
			<add x="12472" y="238072" zmin="-2000" zmax="-1600" />
			<add x="11736" y="236808" zmin="-2000" zmax="-1600" />
			<add x="11768" y="235288" zmin="-2000" zmax="-1600" />
			<add x="9496" y="234008" zmin="-2000" zmax="-1600" />
			<add x="6856" y="234792" zmin="-2000" zmax="-1600" />
			<add x="6920" y="236456" zmin="-2000" zmax="-1600" />
		</territory>
	</data>
	<data npc_id="22351" count="10" respawn="120" stage="1;2;3;4;5;6;7;8;9;10;11">
		<territory>
			<add x="7432" y="237560" zmin="-2000" zmax="-1600" />
			<add x="10936" y="239032" zmin="-2000" zmax="-1600" />
			<add x="12472" y="238072" zmin="-2000" zmax="-1600" />
			<add x="11736" y="236808" zmin="-2000" zmax="-1600" />
			<add x="11768" y="235288" zmin="-2000" zmax="-1600" />
			<add x="9496" y="234008" zmin="-2000" zmax="-1600" />
			<add x="6856" y="234792" zmin="-2000" zmax="-1600" />
			<add x="6920" y="236456" zmin="-2000" zmax="-1600" />
		</territory>
	</data>
	<data npc_id="22352" count="10" respawn="120" stage="1;2;3;4;5;6;7;8;9;10;11">
		<territory>
			<add x="7432" y="237560" zmin="-2000" zmax="-1600" />
			<add x="10936" y="239032" zmin="-2000" zmax="-1600" />
			<add x="12472" y="238072" zmin="-2000" zmax="-1600" />
			<add x="11736" y="236808" zmin="-2000" zmax="-1600" />
			<add x="11768" y="235288" zmin="-2000" zmax="-1600" />
			<add x="9496" y="234008" zmin="-2000" zmax="-1600" />
			<add x="6856" y="234792" zmin="-2000" zmax="-1600" />
			<add x="6920" y="236456" zmin="-2000" zmax="-1600" />
		</territory>
	</data>
	<data npc_id="22353" respawn="3600" stage="1;2;3;4;5;6;7;8;9;10;11">
		<territory>
			<add x="7432" y="237560" zmin="-2000" zmax="-1600" />
			<add x="10936" y="239032" zmin="-2000" zmax="-1600" />
			<add x="12472" y="238072" zmin="-2000" zmax="-1600" />
			<add x="11736" y="236808" zmin="-2000" zmax="-1600" />
			<add x="11768" y="235288" zmin="-2000" zmax="-1600" />
			<add x="9496" y="234008" zmin="-2000" zmax="-1600" />
			<add x="6856" y="234792" zmin="-2000" zmax="-1600" />
			<add x="6920" y="236456" zmin="-2000" zmax="-1600" />
		</territory>
	</data>
	<data npc_id="22349" count="8" respawn="120" stage="1;2;3;4;5;6;7;8;9;10;11">
		<territory>
			<add x="7480" y="237560" zmin="-2000" zmax="-1600" />
			<add x="9592" y="238616" zmin="-2000" zmax="-1600" />
			<add x="10248" y="239800" zmin="-2000" zmax="-1600" />
			<add x="7976" y="240888" zmin="-2000" zmax="-1600" />
			<add x="7128" y="241768" zmin="-2000" zmax="-1600" />
			<add x="6040" y="241656" zmin="-2000" zmax="-1600" />
			<add x="5992" y="240056" zmin="-2000" zmax="-1600" />
			<add x="6424" y="239304" zmin="-2000" zmax="-1600" />
			<add x="7560" y="238264" zmin="-2000" zmax="-1600" />
		</territory>
	</data>
	<data npc_id="22350" count="8" respawn="120" stage="1;2;3;4;5;6;7;8;9;10;11">
		<territory>
			<add x="7480" y="237560" zmin="-2000" zmax="-1600" />
			<add x="9592" y="238616" zmin="-2000" zmax="-1600" />
			<add x="10248" y="239800" zmin="-2000" zmax="-1600" />
			<add x="7976" y="240888" zmin="-2000" zmax="-1600" />
			<add x="7128" y="241768" zmin="-2000" zmax="-1600" />
			<add x="6040" y="241656" zmin="-2000" zmax="-1600" />
			<add x="5992" y="240056" zmin="-2000" zmax="-1600" />
			<add x="6424" y="239304" zmin="-2000" zmax="-1600" />
			<add x="7560" y="238264" zmin="-2000" zmax="-1600" />
		</territory>
	</data>
	<data npc_id="22351" count="8" respawn="120" stage="1;2;3;4;5;6;7;8;9;10;11">
		<territory>
			<add x="7480" y="237560" zmin="-2000" zmax="-1600" />
			<add x="9592" y="238616" zmin="-2000" zmax="-1600" />
			<add x="10248" y="239800" zmin="-2000" zmax="-1600" />
			<add x="7976" y="240888" zmin="-2000" zmax="-1600" />
			<add x="7128" y="241768" zmin="-2000" zmax="-1600" />
			<add x="6040" y="241656" zmin="-2000" zmax="-1600" />
			<add x="5992" y="240056" zmin="-2000" zmax="-1600" />
			<add x="6424" y="239304" zmin="-2000" zmax="-1600" />
			<add x="7560" y="238264" zmin="-2000" zmax="-1600" />
		</territory>
	</data>
	<data npc_id="22352" count="8" respawn="120" stage="1;2;3;4;5;6;7;8;9;10;11">
		<territory>
			<add x="7480" y="237560" zmin="-2000" zmax="-1600" />
			<add x="9592" y="238616" zmin="-2000" zmax="-1600" />
			<add x="10248" y="239800" zmin="-2000" zmax="-1600" />
			<add x="7976" y="240888" zmin="-2000" zmax="-1600" />
			<add x="7128" y="241768" zmin="-2000" zmax="-1600" />
			<add x="6040" y="241656" zmin="-2000" zmax="-1600" />
			<add x="5992" y="240056" zmin="-2000" zmax="-1600" />
			<add x="6424" y="239304" zmin="-2000" zmax="-1600" />
			<add x="7560" y="238264" zmin="-2000" zmax="-1600" />
		</territory>
	</data>
	<data npc_id="22353" respawn="3600" stage="1;2;3;4;5;6;7;8;9;10;11">
		<territory>
			<add x="7480" y="237560" zmin="-2000" zmax="-1600" />
			<add x="9592" y="238616" zmin="-2000" zmax="-1600" />
			<add x="10248" y="239800" zmin="-2000" zmax="-1600" />
			<add x="7976" y="240888" zmin="-2000" zmax="-1600" />
			<add x="7128" y="241768" zmin="-2000" zmax="-1600" />
			<add x="6040" y="241656" zmin="-2000" zmax="-1600" />
			<add x="5992" y="240056" zmin="-2000" zmax="-1600" />
			<add x="6424" y="239304" zmin="-2000" zmax="-1600" />
			<add x="7560" y="238264" zmin="-2000" zmax="-1600" />
		</territory>
	</data>
	
<!-- Спаун статичных нпц на Хеллбаунде, не меняют спаун в зависимости от стадий -->
	<data npc_id="32294" loc="-11840 236224 -3264 16384" stage="1;2;3;4;5;6;7;8;9;10;11" />
	<data npc_id="32293" loc="-16745 209719 -3664 51120" stage="1;2;3;4;5;6;7;8;9;10;11" />
	<data npc_id="32331" loc="-23797 245142 -3104 0" stage="1;2;3;4;5;6;7;8;9;10;11" />
	<data npc_id="32300" loc="-21075 250295 -3288 16384" stage="1;2;3;4;5;6;7;8;9;10;11" />
<!--	<data npc_id="32308" loc="-19696 249280 -3232 16384" stage="1;2;3;4;5;6;7;8;9;10;11" /> -->
<!--	<data npc_id="32352" loc="-19648 249424 -3224 16384" stage="1;2;3;4;5;6;7;8;9;10;11" /> -->
	<data npc_id="32297" loc="-19904 250016 -3240 12288" stage="1;2;3;4;5;6;7;8;9;10;11" />
	<data npc_id="32298" loc="-4896 255840 -3128 49152" stage="1;2;3;4;5;6;7;8;9;10;11" />
	<data npc_id="32356" loc="-4096 255472 -3128 40960" stage="1;2;3;4;5;6;7;8;9;10;11" />
	<data npc_id="32307" loc="-5952 249344 -3112 0" stage="1;2;3;4;5;6;7;8;9;10;11" />
	<data npc_id="18486" loc="-27008 251216 -2384 0" stage="1;2;3;4;5;6;7;8;9;10;11" />
	<data npc_id="32296" loc="-27504 252448 -2248 0" stage="1;2;3;4;5;6;7;8;9;10;11" />
	<data npc_id="32355" loc="-28916 249381 -3472 0" stage="1;2;3;4;5;6;7;8;9;10;11" />
	<data npc_id="32313" loc="10632 244721 -2008 32804" stage="1;2;3;4;5;6;7;8;9;10;11" />
	<data npc_id="32357" loc="8809 249960 -1984 0" stage="1;2;3;4;5;6;7;8;9;10;11" />
	<data npc_id="32357" loc="8844 250008 -1992 0" stage="1;2;3;4;5;6;7;8;9;10;11" />
	<data npc_id="32245" loc="8800 251652 -2024 11668" stage="9;10;11" />
	<data npc_id="32357" loc="8866 251710 -2016 0" stage="1;2;3;4;5;6;7;8;9;10;11" />
	<data npc_id="32357" loc="8756 251730 -2024 0" stage="1;2;3;4;5;6;7;8;9;10;11" />
	<data npc_id="32357" loc="8670 252518 -1896 0" stage="1;2;3;4;5;6;7;8;9;10;11" />
	<data npc_id="32357" loc="8690 252678 -1928 0" stage="1;2;3;4;5;6;7;8;9;10;11" />
	<data npc_id="32346" loc="13694 255389 -2000 32768" stage="1;2;3;4;5;6;7;8;9;10;11" />
<!-- Temporary	<data npc_id="32347" loc="9048 253048 -1928 49909" stage="9;10;11" /> -->
	
<!-- Corpse in Village -->
	<data npc_id="32306" loc="-26811 251947 -3497 254" stage="1;2;3;4" />
	<data npc_id="32306" loc="-27229 251854 -3518 172" stage="1;2;3;4" />
	<data npc_id="32306" loc="-28257 252061 -3518 64987" stage="1;2;3;4" />
	<data npc_id="32306" loc="-28586 251747 -3518 15103" stage="1;2;3;4" />
	<data npc_id="32306" loc="-27983 251483 -3518 15887" stage="1;2;3;4" />
	<data npc_id="32306" loc="-27884 251049 -3518 65199" stage="1;2;3;4" />
	<data npc_id="32306" loc="-27184 251076 -3518 22795" stage="1;2;3;4" />
	<data npc_id="32306" loc="-27152 251310 -3518 29167" stage="1;2;3;4" />
	<data npc_id="32306" loc="-28750 251172 -3518 16622" stage="1;2;3;4" />
	<data npc_id="32306" loc="-28686 250827 -3518 16092" stage="1;2;3;4" />
	<data npc_id="32306" loc="-28822 252300 -3518 54217" stage="1;2;3;4" />
	<data npc_id="32306" loc="29553 252712 -3518 6711" stage="1;2;3;4" />
	<data npc_id="32306" loc="-29513 252961 -3518 58792" stage="1;2;3;4" />
	<data npc_id="32306" loc="-27330 252382 -3518 1894" stage="1;2;3;4" />
	<data npc_id="32306" loc="-28403 249095 -3474 20065" stage="1;2;3;4" />
	<data npc_id="32306" loc="-28673 249067 -3477 15990" stage="1;2;3;4" />
	
<!-- Magic Barier Guards -->
	<data npc_id="18467" loc="-410 234647 -3248 45973" respawn="600" respawn_rnd="600" stage="7" />
	<data npc_id="18467" loc="-320 234737 -3251 45973" respawn="600" respawn_rnd="600" stage="7" />
	<data npc_id="18467" loc="-234 234818 -3259 45973" respawn="600" respawn_rnd="600" stage="7" />
	<data npc_id="18467" loc="-175 234921 -3256 45973" respawn="600" respawn_rnd="600" stage="7" />
	<data npc_id="18467" loc="-164 235023 -3270 45973" respawn="600" respawn_rnd="600" stage="7" />
	<data npc_id="18467" loc="-213 235116 -3264 45973" respawn="600" respawn_rnd="600" stage="7" />
	<data npc_id="18467" loc="-341 235117 -3248 45973" respawn="600" respawn_rnd="600" stage="7" />
	<data npc_id="18467" loc="-472 235038 -3248 45973" respawn="600" respawn_rnd="600" stage="7" />
    
<!-- Quarry Guards -->
	<data npc_id="22344" count="8" loc_id="700027" respawn="80" stage="5">
		<territory>
			<add x="-4744" y="246136" zmin="-2165" zmax="-1365" />
			<add x="-4344" y="242168" zmin="-2165" zmax="-1365" />
			<add x="-7736" y="242152" zmin="-2165" zmax="-1365" />
			<add x="-7128" y="245416" zmin="-2165" zmax="-1365" />
		</territory>
	</data>
	<data npc_id="22345" count="9" loc_id="700027" respawn="80" stage="5">
		<territory>
			<add x="-4744" y="246136" zmin="-2165" zmax="-1365" />
			<add x="-4344" y="242168" zmin="-2165" zmax="-1365" />
			<add x="-7736" y="242152" zmin="-2165" zmax="-1365" />
			<add x="-7128" y="245416" zmin="-2165" zmax="-1365" />
		</territory>
	</data>
	<data npc_id="22346" loc="-5585 244854 -2076 27840" respawn="900" respawn_rnd="900" stage="5" />
	<data npc_id="22346" loc="-4788 241228 -1880 0" respawn="900" respawn_rnd="900" stage="5" />
	<data npc_id="22346" loc="-5585 244854 -2076 27840" respawn="900" respawn_rnd="900" stage="5" />
	<data npc_id="22347" loc="-4391 243431 -2084 22405" respawn="180" respawn_rnd="180" stage="5" />
	<data npc_id="22347" loc="-5467 243695 -2035 32977" respawn="180" respawn_rnd="180" stage="5" />
	<data npc_id="22347" loc="-5253 242252 -2072 54337" respawn="180" respawn_rnd="180" stage="5" />
	<data npc_id="22347" loc="-4807 241362 -1891 53667" respawn="180" respawn_rnd="180" stage="5" />
	<data npc_id="22347" loc="-6620 242155 -2079 23330" respawn="180" respawn_rnd="180" stage="5" />
	<data npc_id="22347" loc="-7006 243942 -2084 18776" respawn="180" respawn_rnd="180" stage="5" />
	<data npc_id="22347" loc="-8158 244221 -2089 2104" respawn="180" respawn_rnd="180" stage="5" />
	<data npc_id="22347" loc="-7937 242615 -2035 58824" respawn="180" respawn_rnd="180" stage="5" />
	<data npc_id="22347" loc="-4954 244750 -2120 19304" respawn="180" respawn_rnd="180" stage="5" />
	<data npc_id="22347" loc="-5301 245729 -2057 14506" respawn="180" respawn_rnd="180" stage="5" />
	<data npc_id="22347" loc="-5352 246972 -1892 4050" respawn="180" respawn_rnd="180" stage="5" />
	<data npc_id="22347" loc="-4063 247354 -1984 65151" respawn="180" respawn_rnd="180" stage="5" />
	<data npc_id="22347" loc="-2911 248287 -2379 12501" respawn="180" respawn_rnd="180" stage="5" />
	<data npc_id="22347" loc="-3874 248492 -2451 55063" respawn="180" respawn_rnd="180" stage="5" />
	<data npc_id="22347" loc="-5001 248211 -2465 29686" respawn="180" respawn_rnd="180" stage="5" />
	<data npc_id="22347" loc="-4347 248986 -2710 8049" respawn="180" respawn_rnd="180" stage="5" />
	<data npc_id="22347" loc="-3259 249531 -2976 6408" respawn="180" respawn_rnd="180" stage="5" />
	<data npc_id="22347" loc="-5319 247866 -2332 48457" respawn="180" respawn_rnd="180" stage="5" />
	<data npc_id="22347" loc="-3822 246389 -1890 44943" respawn="180" respawn_rnd="180" stage="5" />
	<data npc_id="22347" loc="-5380 246383 -2002 33887" respawn="180" respawn_rnd="180" stage="5" />
		
<!-- Quarry Slaves -->
	<data npc_id="32299" loc="-4400 245425 -2027 46070" respawn_rnd="60" stage="5" />
	<data npc_id="32299" loc="-4066 244468 -2043 60748" respawn_rnd="60" stage="5" />
	<data npc_id="32299" loc="-3714 244117 -2044 33672" respawn_rnd="60" stage="5" />
	<data npc_id="32299" loc="-4216 243814 -2020 13700" respawn_rnd="60" stage="5" />
	<data npc_id="32299" loc="-5755 243046 -2032 38842" respawn_rnd="60" stage="5" />
	<data npc_id="32299" loc="-5613 242378 -2055 46121" respawn_rnd="60" stage="5" />
	<data npc_id="32299" loc="-6812 242386 -2043 25159" respawn_rnd="60" stage="5" />
	<data npc_id="32299" loc="-6419 242875 -2067 9528" respawn_rnd="60" stage="5" />
	<data npc_id="32299" loc="-6645 244074 -2017 14162" respawn_rnd="60" stage="5" />
	<data npc_id="32299" loc="-6487 244581 -2044 45796" respawn_rnd="60" stage="5" />
	<data npc_id="32299" loc="-4807 244946 -2070 5925" respawn_rnd="60" stage="5" />
	<data npc_id="32299" loc="-5649 245574 -2047 36959" respawn_rnd="60" stage="5" />
	<data npc_id="32299" loc="-6190 245253 -2073 58475" respawn_rnd="60" stage="5" />
	<data npc_id="32299" loc="-6253 245529 -2072 61671" respawn_rnd="60" stage="5" />
	<data npc_id="32299" loc="-6290 244398 -1975 37604" respawn_rnd="60" stage="5" />
	<data npc_id="32299" loc="-7566 244970 -2046 53860" respawn_rnd="60" stage="5" />
	<data npc_id="32299" loc="-8042 243926 -2055 59978" respawn_rnd="60" stage="5" />
	<data npc_id="32299" loc="-7758 243482 -2044 12684" respawn_rnd="60" stage="5" />
	<data npc_id="32299" loc="-7254 242713 -2031 1358" respawn_rnd="60" stage="5" />
	<data npc_id="32299" loc="-7123 242154 -2023 17094" respawn_rnd="60" stage="5" />
	<data npc_id="32299" loc="-6100 241945 -2038 15479" respawn_rnd="60" stage="5" />
	<data npc_id="32299" loc="-5912 241750 -2018 14733" respawn_rnd="60" stage="5" />
	<data npc_id="32299" loc="-5100 242540 -2064 18278" respawn_rnd="60" stage="5" />
	<data npc_id="32299" loc="-4710 242741 -2066 16383" respawn_rnd="60" stage="5" />
	<data npc_id="32299" loc="-5123 243955 -2009 24091" respawn_rnd="60" stage="5" />
	<data npc_id="32299" loc="-5470 244622 -2034 39276" respawn_rnd="60" stage="5" />
	<data npc_id="32299" loc="-7389 244290 -2050 18480" respawn_rnd="60" stage="5" />
	
<!-- Leodas -->
	<data npc_id="22448" loc="-27880 252776 -3548 18480" respawn="129600" respawn_rnd="86400" stage="5" />
		
<!-- Derek -->
	<data npc_id="18465" loc="-25675 254686 -2144 16380" respawn="36000" respawn_rnd="36000" stage="4" />
    
<!-- Kief Buron In Harbor -->
	<data npc_id="32345" loc="-11954 236171 -3272 16380" respawn_rnd="60" stage="1;2;3;4" />
	<data npc_id="32354" loc="-20684 250275 -3277 12892" respawn_rnd="60" stage="1;2;3;4" />
    
<!-- Kief Buron In Village -->
	<data npc_id="32345" loc="-28567 248994 -3472 16384" respawn_rnd="60" stage="5;6;7;8;9;10;11" />
	<data npc_id="32354" loc="-29062 250938 -3527 64692" respawn_rnd="60" stage="5;6;7;8;9;10;11" />

<!-- Dolmen -->
	<data npc_id="32307" loc="-5952 249344 -3117 0" stage="5" />
    
<!-- Hellinark -->
	<data npc_id="22326" loc="-23909 245910 -3136 16380" respawn="36000" respawn_rnd="36000" stage="6" />
	<data npc_id="22329" count="15" stage="6">
		<territory>
			<add x="-22312" y="243756" zmin="-3042" zmax="-2942" />
			<add x="-22305" y="243662" zmin="-3058" zmax="-2958" />
			<add x="-23480" y="243278" zmin="-3025" zmax="-2925" />
			<add x="-23936" y="243406" zmin="-2991" zmax="-2891" />
			<add x="-24195" y="244025" zmin="-3164" zmax="-3064" />
			<add x="-24547" y="244219" zmin="-3138" zmax="-3038" />
			<add x="-25082" y="244999" zmin="-3151" zmax="-3051" />
			<add x="-25373" y="245320" zmin="-3141" zmax="-3041" />
			<add x="-24933" y="245513" zmin="-3164" zmax="-3064" />
			<add x="-24829" y="245543" zmin="-3164" zmax="-3064" />
			<add x="-25036" y="245828" zmin="-3135" zmax="-3035" />
			<add x="-24845" y="247006" zmin="-3109" zmax="-3009" />
			<add x="-24176" y="247423" zmin="-3132" zmax="-3032" />
			<add x="-23683" y="247185" zmin="-3058" zmax="-2958" />
			<add x="-23403" y="246666" zmin="-3120" zmax="-3020" />
			<add x="-23448" y="246291" zmin="-3164" zmax="-3064" />
			<add x="-23076" y="246127" zmin="-3141" zmax="-3041" />
			<add x="-22563" y="245063" zmin="-3139" zmax="-3039" />
			<add x="-22795" y="244806" zmin="-3161" zmax="-3061" />
			<add x="-22465" y="244473" zmin="-3141" zmax="-3041" />
		</territory>
	</data>
	
	<data npc_id="18484" loc="-23283 245408 -3072 0" respawn="300" stage="6" />
	<data npc_id="18484" loc="-23845 244452 -3138 0" respawn="300" stage="6" />
	<data npc_id="18484" loc="-23619 245844 -3140 0" respawn="300" stage="6" />
	<data npc_id="18484" loc="-24391 244782 -3138 0" respawn="300" stage="6" />
	<data npc_id="18484" loc="-24354 245380 -3138 0" respawn="300" stage="6" />
	<data npc_id="18484" loc="-23319 244695 -3138 0" respawn="300" stage="6" />
 
<!-- Outpost Guards -->
	<data npc_id="18466" loc="4912 244032 -1930 36864" respawn="36000" respawn_rnd="36000" stage="8" />
	<data npc_id="22358" loc="4867 244495 -1930 36863" respawn="300" stage="8" />
	<data npc_id="22358" loc="5282 243755 -1930 36863" respawn="300" stage="8" />
	<data npc_id="22358" loc="5529 243572 -1595 36863" respawn="300" stage="8" />
	<data npc_id="22358" loc="4896 244816 -1595 36864" respawn="300" stage="8" />
	<data npc_id="22357" loc="5440 243488 -1595 36864" respawn="300" stage="8" />
	<data npc_id="22357" loc="4800 244800 -1595 36864" respawn="300" stage="8" />
   
<!-- Natives -->
	<data npc_id="32362" loc="-26979 251120 -3520 42440" respawn_rnd="60" stage="5;6;7;8;9;10;11" />
	<data npc_id="32362" loc="-26955 250976 -3525 23938" respawn_rnd="60" stage="5;6;7;8;9;10;11" />
	<data npc_id="32362" loc="-28491 250709 -3525 47047" respawn_rnd="60" stage="5;6;7;8;9;10;11" />
	<data npc_id="32362" loc="-28830 250205 -3480 8615" respawn_rnd="60" stage="5;6;7;8;9;10;11" />
	<data npc_id="32362" loc="-28773 250709 -3525 10472" respawn_rnd="60" stage="5;6;7;8;9;10;11" />
	<data npc_id="32362" loc="-28904 251163 -3525 52054" respawn_rnd="60" stage="5;6;7;8;9;10;11" />
	<data npc_id="32362" loc="-29088 250219 -3480 10083" respawn_rnd="60" stage="5;6;7;8;9;10;11" />
	<data npc_id="32362" loc="-27234 251187 -3525 39999" respawn_rnd="60" stage="5;6;7;8;9;10;11" />
	<data npc_id="32362" loc="-27874 251724 -3525 15577" respawn_rnd="60" stage="5;6;7;8;9;10;11" />
	<data npc_id="32362" loc="-27799 251209 -3520 1534" respawn_rnd="60" stage="5;6;7;8;9;10;11" />
	<data npc_id="32362" loc="-27169 250819 -3520 17748" respawn_rnd="60" stage="5;6;7;8;9;10;11" />
	<data npc_id="32362" loc="-27041 251883 -3520 35048" respawn_rnd="60" stage="5;6;7;8;9;10;11" />
	<data npc_id="32362" loc="-27405 252043 -3520 30046" respawn_rnd="60" stage="5;6;7;8;9;10;11" />
	<data npc_id="32362" loc="-27849 251917 -3520 34835" respawn_rnd="60" stage="5;6;7;8;9;10;11" />
	<data npc_id="32362" loc="-27886 251777 -3525 49895" respawn_rnd="60" stage="5;6;7;8;9;10;11" />
	<data npc_id="32363" loc="-29374 253083 -3520 43134" respawn_rnd="60" stage="5;6;7;8;9;10;11" />
	<data npc_id="32363" loc="-28531 251087 -3525 61999" respawn_rnd="60" stage="5;6;7;8;9;10;11" />
	<data npc_id="32363" loc="-28371 250215 -3480 21462" respawn_rnd="60" stage="5;6;7;8;9;10;11" />
	<data npc_id="32363" loc="-28704 251654 -3520 43528" respawn_rnd="60" stage="5;6;7;8;9;10;11" />
	<data npc_id="32363" loc="-28767 252690 -3525 17716" respawn_rnd="60" stage="5;6;7;8;9;10;11" />
	<data npc_id="32363" loc="-29646 252915 -3520 61217" respawn_rnd="60" stage="5;6;7;8;9;10;11" />
	<data npc_id="32363" loc="-29457 252695 -3525 6802" respawn_rnd="60" stage="5;6;7;8;9;10;11" />
	<data npc_id="32363" loc="-28559 252050 -3525 49895" respawn_rnd="60" stage="5;6;7;8;9;10;11" />
	<data npc_id="32363" loc="-25420 252198 -3256 0" respawn_rnd="60" stage="5;6;7;8;9;10;11" />
	<data npc_id="32363" loc="-25420 252382 -3256 64496" respawn_rnd="60" stage="5;6;7;8;9;10;11" />
	<data npc_id="32361" loc="-28368 249440 -3472 0" stage="5;6;7;8;9;10;11" />
	<data npc_id="32361" loc="-27176 250977 -3520 0" stage="5;6;7;8;9;10;11" />
	<data npc_id="32361" loc="-28388 250974 -3520 0" stage="5;6;7;8;9;10;11" />
	<data npc_id="32361" loc="-28367 250834 -3520 0" stage="5;6;7;8;9;10;11" />
	<data npc_id="32361" loc="-28353 250794 -3520 0" stage="5;6;7;8;9;10;11" />
	<data npc_id="32361" loc="-27163 251146 -3520 0" stage="5;6;7;8;9;10;11" />
	<data npc_id="32361" loc="-27046 251146 -3520 0" stage="5;6;7;8;9;10;11" />
	<data npc_id="32361" loc="-27969 252048 -3520 0" stage="5;6;7;8;9;10;11" />
	<data npc_id="32361" loc="-27385 252041 -3520 0" stage="5;6;7;8;9;10;11" />
	<data npc_id="32361" loc="-27456 252083 -3520 0" stage="5;6;7;8;9;10;11" />
	<data npc_id="32361" loc="-29491 253089 -3520 0" stage="5;6;7;8;9;10;11" />
	<data npc_id="32361" loc="-28896 249040 -3472 0" stage="5;6;7;8;9;10;11" />
	<data npc_id="32361" loc="-29064 250914 -3520 0" stage="5;6;7;8;9;10;11" />
	<data npc_id="32361" loc="-29070 250758 -3520 0" stage="5;6;7;8;9;10;11" />
	<data npc_id="32361" loc="-28912 249184 -3472 0" stage="5;6;7;8;9;10;11" />
	<data npc_id="32361" loc="-29070 250732 -3520 0" stage="5;6;7;8;9;10;11" />
	<data npc_id="32361" loc="-29411 253129 -3520 0" stage="5;6;7;8;9;10;11" />
	<data npc_id="32361" loc="-29481 253179 -3520 0" stage="5;6;7;8;9;10;11" />
	<data npc_id="32364" loc="-27352 252387 -3520 5416" stage="5;6;7;8;9;10;11" />
    
<!-- Keltas And Underlings -->
	<data npc_id="22341" loc="-24061 252925 -3044 16380" respawn="7200" respawn_rnd="7200" stage="3;4" />
	<data npc_id="22342" loc="-24296 252703 -3048 7497" respawn_rnd="60" stage="3;4" />
	<data npc_id="22342" loc="-24207 253277 -3040 21487" respawn_rnd="60" stage="3;4" />
	<data npc_id="22342" loc="-24243 253626 -3040 8559" respawn_rnd="60" stage="3;4" />
	<data npc_id="22342" loc="-24312 253050 -3046 46233" respawn_rnd="60" stage="3;4" />
	<data npc_id="22342" loc="-24999 252677 -3048 29794" respawn_rnd="60" stage="3;4" />
	<data npc_id="22342" loc="-25054 251866 -3288 55437" respawn_rnd="60" stage="3;4" />
	<data npc_id="22342" loc="-24543 251660 -3352 422" respawn_rnd="60" stage="3;4" />
	<data npc_id="22342" loc="-24401 251412 -3344 46754" respawn_rnd="60" stage="3;4" />
	<data npc_id="22342" loc="-24063 251225 -3328 60265" respawn_rnd="60" stage="3;4" />
	<data npc_id="22342" loc="-23693 251219 -3312 3335" respawn_rnd="60" stage="3;4" />
	<data npc_id="22342" loc="-23090 252202 -3368 16475" respawn_rnd="60" stage="3;4" />
	<data npc_id="22342" loc="-23454 252145 -3360 34388" respawn_rnd="60" stage="3;4" />
	<data npc_id="22342" loc="-23690 251817 -3368 42646" respawn_rnd="60" stage="3;4" />
	<data npc_id="22342" loc="-22651 252472 -3280 24730" respawn_rnd="60" stage="3;4" />
	<data npc_id="22342" loc="-23067 252803 -3312 25757" respawn_rnd="60" stage="3;4" />
	<data npc_id="22342" loc="-22706 252921 -3272 13213" respawn_rnd="60" stage="3;4" />
	<data npc_id="22342" loc="-22456 252950 -3274 1204" respawn_rnd="60" stage="3;4" />
	<data npc_id="22342" loc="-23513 250247 -3256 51759" respawn_rnd="60" stage="3;4" />
	<data npc_id="22342" loc="-23602 250581 -3268 31848" respawn_rnd="60" stage="3;4" />
	<data npc_id="22342" loc="-24022 252235 -3208 27584" respawn_rnd="60" stage="3;4" />
	<data npc_id="22342" loc="-22133 251747 -3352 15634" respawn_rnd="60" stage="3;4" />
	<data npc_id="22342" loc="-22235 252066 -3368 19611" respawn_rnd="60" stage="3;4" />
	<data npc_id="22343" loc="-24355 252335 -3120 30135" respawn_rnd="60" stage="3;4" />
	<data npc_id="22343" loc="-23980 252893 -3040 17260" respawn_rnd="60" stage="3;4" />
	<data npc_id="22343" loc="-24424 253550 -3046 24542" respawn_rnd="60" stage="3;4" />
	<data npc_id="22343" loc="-24651 252575 -3056 40569" respawn_rnd="60" stage="3;4" />
	<data npc_id="22343" loc="-25226 252116 -3264 45141" respawn_rnd="60" stage="3;4" />
	<data npc_id="22343" loc="-25133 251768 -3264 42075" respawn_rnd="60" stage="3;4" />
	<data npc_id="22343" loc="-25012 251641 -3268 57091" respawn_rnd="60" stage="3;4" />
	<data npc_id="22343" loc="-23240 251280 -3288 177" respawn_rnd="60" stage="3;4" />
	<data npc_id="22343" loc="-23087 251860 -3367 13084" respawn_rnd="60" stage="3;4" />
	<data npc_id="22343" loc="-22237 251493 -3352 63309" respawn_rnd="60" stage="3;4" />
	<data npc_id="22343" loc="-22514 252339 -3312 21164" respawn_rnd="60" stage="3;4" />
	<data npc_id="22343" loc="-22770 252717 -3273 64719" respawn_rnd="60" stage="3;4" />
	<data npc_id="22343" loc="-23517 251302 -3320 43779" respawn_rnd="60" stage="3;4" />
	<data npc_id="22343" loc="-23658 250880 -3264 45788" respawn_rnd="60" stage="3;4" />
	<data npc_id="22343" loc="-23421 250565 -3264 13446" respawn_rnd="60" stage="3;4" />
	<data npc_id="22343" loc="-23103 251150 -3264 9541" respawn_rnd="60" stage="3;4" />
	<data npc_id="22343" loc="-24409 252249 -3088 32390" respawn_rnd="60" stage="3;4" />
	<data npc_id="22343" loc="-22256 251467 -3352 59532" respawn_rnd="60" stage="3;4" />
	<data npc_id="22343" loc="-22668 251670 -3368 41299" respawn_rnd="60" stage="3;4" />
	<data npc_id="22342" loc="-25803 252082 -3256 44037" respawn_rnd="60" stage="3;4" />
	<data npc_id="22342" loc="-25615 252253 -3248 13258" respawn_rnd="60" stage="3;4" />
	<data npc_id="22342" loc="-27308 252489 -3525 28246" respawn_rnd="60" stage="3;4" />
	<data npc_id="22342" loc="-27869 251844 -3520 17098" respawn_rnd="60" stage="3;4" />
	<data npc_id="22342" loc="-28504 251962 -3520 30963" respawn_rnd="60" stage="3;4" />
	<data npc_id="22342" loc="-27207 250895 -3520 23310" respawn_rnd="60" stage="3;4" />
	<data npc_id="22342" loc="-28903 250759 -3520 49978" respawn_rnd="60" stage="3;4" />
	<data npc_id="22342" loc="-28601 250352 -3512 55810" respawn_rnd="60" stage="3;4" />
	<data npc_id="22342" loc="-28472 250469 -3520 10516" respawn_rnd="60" stage="3;4" />
	<data npc_id="22342" loc="-28981 250541 -3520 32161" respawn_rnd="60" stage="3;4" />
	<data npc_id="22342" loc="-27860 251184 -3520 49313" respawn_rnd="60" stage="3;4" />
	<data npc_id="22342" loc="-27043 251256 -3525 2751" respawn_rnd="60" stage="3;4" />
	<data npc_id="22342" loc="-26955 251098 -3525 51478" respawn_rnd="60" stage="3;4" />
	<data npc_id="22342" loc="-25725 251897 -3248 4257" respawn_rnd="60" stage="3;4" />
	<data npc_id="22342" loc="-26940 252385 -3525 63610" respawn_rnd="60" stage="3;4" />
	<data npc_id="22342" loc="-28340 251895 -3520 63581" respawn_rnd="60" stage="3;4" />
	<data npc_id="22342" loc="-28766 252769 -3520 18500" respawn_rnd="60" stage="3;4" />
	<data npc_id="22342" loc="-29684 253063 -3525 21419" respawn_rnd="60" stage="3;4" />
	<data npc_id="22342" loc="-28848 252819 -3520 52985" respawn_rnd="60" stage="3;4" />
	<data npc_id="22343" loc="-27931 251980 -3525 20845" respawn_rnd="60" stage="3;4" />
	<data npc_id="22343" loc="-28968 251137 -3525 33756" respawn_rnd="60" stage="3;4" />
	<data npc_id="22343" loc="-28646 250193 -3472 46275" respawn_rnd="60" stage="3;4" />
	<data npc_id="22343" loc="-28687 251753 -3525 15584" respawn_rnd="60" stage="3;4" />
	<data npc_id="22343" loc="-27864 251442 -3525 51456" respawn_rnd="60" stage="3;4" />
	<data npc_id="22343" loc="-27691 251095 -3525 60480" respawn_rnd="60" stage="3;4" />
	<data npc_id="22343" loc="-26732 251918 -3472 3000" respawn_rnd="60" stage="3;4" />
	<data npc_id="22343" loc="-26958 252092 -3520 14817" respawn_rnd="60" stage="3;4" />
	<data npc_id="22343" loc="-28784 252555 -3525 49673" respawn_rnd="60" stage="3;4" />
	<data npc_id="22343" loc="-27355 251136 -3525 56906" respawn_rnd="60" stage="3;4" />
	<data npc_id="22343" loc="-28688 251961 -3525 49476" respawn_rnd="60" stage="3;4" />
	<data npc_id="22343" loc="-28538 251183 -3525 6437" respawn_rnd="60" stage="3;4" />
	<data npc_id="22343" loc="-29565 252790 -3525 23296" respawn_rnd="60" stage="3;4" />
	<data npc_id="22343" loc="-29430 253123 -3520 2419" respawn_rnd="60" stage="3;4" />
	<data npc_id="22343" loc="-25604 252085 -3248 5309" respawn_rnd="60" stage="3;4" />
    
<!-- Remnant - Ancient Temple -->
	<data npc_id="18463" loc="-27061 254941 -2042 46320" respawn_rnd="60" stage="2;3;4;5;6;7;8;9;10;11" />
	<data npc_id="18463" loc="-27455 255499 -2012 25521" respawn_rnd="60" stage="2;3;4;5;6;7;8;9;10;11" />
	<data npc_id="18463" loc="-27918 256493 -1932 27597" respawn_rnd="60" stage="2;3;4;5;6;7;8;9;10;11" />
	<data npc_id="18463" loc="-28073 257065 -1933 7677" respawn_rnd="60" stage="2;3;4;5;6;7;8;9;10;11" />
	<data npc_id="18463" loc="-26991 257600 -1932 63910" respawn_rnd="60" stage="2;3;4;5;6;7;8;9;10;11" />
	<data npc_id="18463" loc="-26661 257615 -1926 473" respawn_rnd="60" stage="2;3;4;5;6;7;8;9;10;11" />
	<data npc_id="18463" loc="-25730 254439 -2153 54360" respawn_rnd="60" stage="2;3;4;5;6;7;8;9;10;11" />
	<data npc_id="18463" loc="-25099 255567 -2147 16358" respawn_rnd="60" stage="2;3;4;5;6;7;8;9;10;11" />
	<data npc_id="18463" loc="-29151 255839 -2147 42134" respawn_rnd="60" stage="2;3;4;5;6;7;8;9;10;11" />
	<data npc_id="18463" loc="-29068 254817 -2167 50499" respawn_rnd="60" stage="2;3;4;5;6;7;8;9;10;11" />
	<data npc_id="18463" loc="-27982 254332 -2153 58681" respawn_rnd="60" stage="2;3;4;5;6;7;8;9;10;11" />
	<data npc_id="18463" loc="-27263 254089 -2129 48379" respawn_rnd="60" stage="2;3;4;5;6;7;8;9;10;11" />
	<data npc_id="18464" loc="-27281 255183 -2039 49515" respawn_rnd="60" stage="2;3;4;5;6;7;8;9;10;11" />
	<data npc_id="18464" loc="-27286 255929 -1960 12297" respawn_rnd="60" stage="2;3;4;5;6;7;8;9;10;11" />
	<data npc_id="18464" loc="-27583 256373 -1924 24848" respawn_rnd="60" stage="2;3;4;5;6;7;8;9;10;11" />
	<data npc_id="18464" loc="-27949 256665 -1932 18243" respawn_rnd="60" stage="2;3;4;5;6;7;8;9;10;11" />
	<data npc_id="18464" loc="-28234 256868 -1941 26312" respawn_rnd="60" stage="2;3;4;5;6;7;8;9;10;11" />
	<data npc_id="18464" loc="-27462 257674 -1928 4984" respawn_rnd="60" stage="2;3;4;5;6;7;8;9;10;11" />
	<data npc_id="18464" loc="-26343 256435 -1933 53950" respawn_rnd="60" stage="2;3;4;5;6;7;8;9;10;11" />
	<data npc_id="18464" loc="-26166 255304 -2145 53579" respawn_rnd="60" stage="2;3;4;5;6;7;8;9;10;11" />
	<data npc_id="18464" loc="-26008 254988 -2147 52882" respawn_rnd="60" stage="2;3;4;5;6;7;8;9;10;11" />
	<data npc_id="18464" loc="-25102 254910 -2144 19611" respawn_rnd="60" stage="2;3;4;5;6;7;8;9;10;11" />
	<data npc_id="18464" loc="-26666 256235 -1911 62890" respawn_rnd="60" stage="2;3;4;5;6;7;8;9;10;11" />
	<data npc_id="18464" loc="-28666 254838 -2167 63197" respawn_rnd="60" stage="2;3;4;5;6;7;8;9;10;11" />
	<data npc_id="18464" loc="-27693 254611 -2110 7116" respawn_rnd="60" stage="2;3;4;5;6;7;8;9;10;11" />
	<data npc_id="18464" loc="-27180 253936 -2141 54336" respawn_rnd="60" stage="2;3;4;5;6;7;8;9;10;11" />
	<data npc_id="22330" loc="-25903 254538 -2144 10629" respawn_rnd="60" stage="1;2;3;4;5;6;7;8;9;10;11" />
	<data npc_id="22330" loc="-28877 255181 -2160 38118" respawn_rnd="60" stage="1;2;3;4;5;6;7;8;9;10;11" />
	<data npc_id="22330" loc="-27649 255533 -2056 13444" respawn_rnd="60" stage="1;2;3;4;5;6;7;8;9;10;11" />
	<data npc_id="22330" loc="-27511 254560 -2080 1314" respawn_rnd="60" stage="1;2;3;4;5;6;7;8;9;10;11" />
	<data npc_id="22330" loc="-26892 254672 -2136 64140" respawn_rnd="60" stage="1;2;3;4;5;6;7;8;9;10;11" />
	<data npc_id="22330" loc="-27526 255418 -2024 25570" respawn_rnd="60" stage="1;2;3;4;5;6;7;8;9;10;11" />
	<data npc_id="22330" loc="-28259 255399 -2152 25577" respawn_rnd="60" stage="1;2;3;4;5;6;7;8;9;10;11" />
	<data npc_id="22330" loc="-28625 254489 -2160 3126" respawn_rnd="60" stage="1;2;3;4;5;6;7;8;9;10;11" />
	<data npc_id="22330" loc="-28101 255472 -2112 57717" respawn_rnd="60" stage="1;2;3;4;5;6;7;8;9;10;11" />
	<data npc_id="22330" loc="-25579 254941 -2144 42441" respawn_rnd="60" stage="1;2;3;4;5;6;7;8;9;10;11" />
	<data npc_id="22330" loc="-25559 255718 -2120 18520" respawn_rnd="60" stage="1;2;3;4;5;6;7;8;9;10;11" />
	<data npc_id="22330" loc="-26099 254662 -2144 27734" respawn_rnd="60" stage="1;2;3;4;5;6;7;8;9;10;11" />
	<data npc_id="22330" loc="-27417 256610 -1920 7440" respawn_rnd="60" stage="1;2;3;4;5;6;7;8;9;10;11" />
	<data npc_id="22330" loc="-28333 256547 -1920 34011" respawn_rnd="60" stage="1;2;3;4;5;6;7;8;9;10;11" />
	<data npc_id="22330" loc="-25332 257229 -2128 0" respawn_rnd="60" stage="1;2;3;4;5;6;7;8;9;10;11" />
	<data npc_id="22330" loc="-26581 256912 -1928 42074" respawn_rnd="60" stage="1;2;3;4;5;6;7;8;9;10;11" />
	<data npc_id="22330" loc="-25338 256643 -2120 14720" respawn_rnd="60" stage="1;2;3;4;5;6;7;8;9;10;11" />
	<data npc_id="22330" loc="-26397 256697 -1928 57159" respawn_rnd="60" stage="1;2;3;4;5;6;7;8;9;10;11" />
	<data npc_id="22330" loc="-25549 257252 -2120 4188" respawn_rnd="60" stage="1;2;3;4;5;6;7;8;9;10;11" />
	<data npc_id="22330" loc="-25620 256906 -2088 7356" respawn_rnd="60" stage="1;2;3;4;5;6;7;8;9;10;11" />

</list>