<?xml version="1.0" encoding="UTF-8"?><!DOCTYPE list SYSTEM "doors.dtd">

<list>
	<door id="16200001" name="Normils_garden_01" hp="158250" pdef="644" mdef="518">
		<pos x="-109712" y="76464" z="-12634"/>
		<shape ax="-109818" ay="76417" bx="-109589" by="76416" cx="-109589" cy="76434" dx="-109818" dy="76435" minz="-12656" maxz="-12506"/>
		<set name="opened" value="false"/>
		<set name="unlockable" value="false"/>
		<set name="key" value="0"/>
		<set name="show_hp" value="false"/>
	</door>
	<door id="16200002" name="Normils_garden_02" hp="158250" pdef="644" mdef="518">
		<pos x="-110854" y="77939" z="-12826"/>
		<shape ax="-110839" ay="78060" bx="-110838" by="77861" cx="-110873" cy="77862" dx="-110874" dy="78060" minz="-12848" maxz="-12698"/>
		<set name="opened" value="false"/>
		<set name="unlockable" value="false"/>
		<set name="key" value="9703"/>
		<set name="show_hp" value="false"/>
	</door>
	<door id="16200003" name="Normils_garden_03" hp="158250" pdef="644" mdef="518">
		<pos x="-111600" y="77952" z="-12826"/>
		<shape ax="-111607" ay="78060" bx="-111606" by="77861" cx="-111641" cy="77862" dx="-111642" dy="78060" minz="-12848" maxz="-12698"/>
		<set name="opened" value="false"/>
		<set name="unlockable" value="false"/>
		<set name="key" value="9706"/>
		<set name="show_hp" value="false"/>
	</door>
	<door id="16200004" name="Normils_garden_04" hp="158250" pdef="644" mdef="518">
		<pos x="-107611" y="80592" z="-12916"/>
		<shape ax="-107604" ay="80701" bx="-107606" by="80506" cx="-107573" cy="80506" dx="-107575" dy="80701" minz="-12946" maxz="-12796"/>
		<set name="opened" value="false"/>
		<set name="unlockable" value="false"/>
		<set name="key" value="0"/>
		<set name="show_hp" value="false"/>
	</door>
	<door id="16200005" name="Normils_garden_05" hp="158250" pdef="644" mdef="518">
		<pos x="-109152" y="80640" z="-12910"/>
		<shape ax="-109140" ay="80843" bx="-109140" by="80452" cx="-109101" cy="80452" dx="-109100" dy="80843" minz="-12944" maxz="-12794"/>
		<set name="opened" value="false"/>
		<set name="unlockable" value="false"/>
		<set name="key" value="9704"/>
		<set name="show_hp" value="false"/>
	</door>
	<door id="16200006" name="Normils_garden_06" hp="158250" pdef="644" mdef="518">
		<pos x="-108704" y="82416" z="-12878"/>
		<shape ax="-108522" ay="82317" bx="-108801" by="82599" cx="-108830" cy="82573" dx="-108550" dy="82290" minz="-12912" maxz="-12762"/>
		<set name="opened" value="false"/>
		<set name="unlockable" value="false"/>
		<set name="key" value="9710"/>
		<set name="show_hp" value="false"/>
	</door>
	<door id="16200007" name="Normils_garden_07" hp="158250" pdef="644" mdef="518">
		<pos x="-110477" y="83144" z="-12870"/>
		<shape ax="-110288" ay="83149" bx="-110657" by="83150" cx="-110658" cy="83138" dx="-110288" dy="83140" minz="-12912" maxz="-12762"/>
		<set name="opened" value="false"/>
		<set name="unlockable" value="false"/>
		<set name="key" value="9707"/>
		<set name="show_hp" value="false"/>
	</door>
	<door id="16200008" name="Normils_garden_08" hp="158250" pdef="644" mdef="518">
		<pos x="-112208" y="82384" z="-12878"/>
		<shape ax="-112135" ay="82594" bx="-112416" by="82314" cx="-112391" cy="82286" dx="-112110" dy="82570" minz="-12912" maxz="-12762"/>
		<set name="opened" value="false"/>
		<set name="unlockable" value="false"/>
		<set name="key" value="9708"/>
		<set name="show_hp" value="false"/>
	</door>
	<door id="16200009" name="Normils_garden_09" hp="158250" pdef="644" mdef="518">
		<pos x="-111808" y="80640" z="-12910"/>
		<shape ax="-111844" ay="80843" bx="-111844" by="80452" cx="-111805" cy="80452" dx="-111804" dy="80843" minz="-12944" maxz="-12794"/>
		<set name="opened" value="false"/>
		<set name="unlockable" value="false"/>
		<set name="key" value="9705"/>
		<set name="show_hp" value="false"/>
	</door>
	<door id="16200010" name="Normils_garden_10" hp="158250" pdef="644" mdef="518">
		<pos x="-107590" y="83674" z="-12884"/>
		<shape ax="-107606" ay="83775" bx="-107608" by="83580" cx="-107575" cy="83580" dx="-107577" dy="83775" minz="-12913" maxz="-12763"/>
		<set name="opened" value="false"/>
		<set name="unlockable" value="false"/>
		<set name="key" value="9709"/>
		<set name="show_hp" value="false"/>
	</door>
	<door id="16200011" name="Normils_garden_11" hp="158250" pdef="644" mdef="518">
		<pos x="-110484" y="84485" z="-12986"/>
		<shape ax="-110586" ay="84481" bx="-110357" by="84480" cx="-110357" cy="84498" dx="-110586" dy="84499" minz="-13008" maxz="-12858"/>
		<set name="opened" value="false"/>
		<set name="unlockable" value="false"/>
		<set name="key" value="9711"/>
		<set name="show_hp" value="false"/>
	</door>
	<door id="16200012" name="Normils_garden_12" hp="158250" pdef="644" mdef="518">
		<pos x="-111456" y="87168" z="-12973"/>
		<shape ax="-111444" ay="87371" bx="-111444" by="86980" cx="-111405" cy="86980" dx="-111404" dy="87371" minz="-13008" maxz="-12858"/>
		<set name="opened" value="false"/>
		<set name="unlockable" value="false"/>
		<set name="key" value="9712"/>
		<set name="show_hp" value="false"/>
	</door>
	<door id="16200013" name="Normils_garden_13" hp="158250" pdef="644" mdef="518">
		<pos x="-110682" y="84049" z="-13007"/>
		<shape ax="-110681" ay="84150" bx="-110683" by="83955" cx="-110650" cy="83955" dx="-110652" dy="84150" minz="-13011" maxz="-12861"/>
		<set name="opened" value="false"/>
		<set name="unlockable" value="false"/>
		<set name="key" value="0"/>
		<set name="show_hp" value="false"/>
	</door>
	<door id="16200014" name="Normils_garden_14" hp="158250" pdef="644" mdef="518">
		<pos x="-113168" y="87177" z="-12878"/>
		<shape ax="-113194" ay="87322" bx="-113193" by="87037" cx="-113175" cy="87037" dx="-113173" dy="87322" minz="-12904" maxz="-12754"/>
		<set name="opened" value="false"/>
		<set name="unlockable" value="false"/>
		<set name="key" value="0"/>
		<set name="show_hp" value="false"/>
	</door>
	<door id="16200015" name="Normils_garden_15" hp="158250" pdef="644" mdef="518">
		<pos x="-115076" y="87178" z="-12780"/>
		<shape ax="-115085" ay="87321" bx="-115084" by="87036" cx="-115066" cy="87036" dx="-115064" dy="87321" minz="-12816" maxz="-12666"/>
		<set name="opened" value="false"/>
		<set name="unlockable" value="false"/>
		<set name="key" value="0"/>
		<set name="show_hp" value="false"/>
	</door>
	<door id="16200016" name="Normils_garden_16" hp="158250" pdef="644" mdef="518">
		<pos x="-116973" y="87177" z="-12711"/>
		<shape ax="-116982" ay="87319" bx="-116981" by="87034" cx="-116963" cy="87034" dx="-116961" dy="87319" minz="-12711" maxz="-12561"/>
		<set name="opened" value="false"/>
		<set name="unlockable" value="false"/>
		<set name="key" value="0"/>
		<set name="show_hp" value="false"/>
	</door>
	<door id="16200023" name="Normils_garden_21" hp="158250" pdef="644" mdef="518">
		<pos x="-109227" y="81895" z="-12877"/>
		<shape ax="-109145" ay="81792" bx="-108802" by="82135" cx="-108985" cy="82319" dx="-109327" dy="81975" minz="-12907" maxz="-12757"/>
		<set name="opened" value="false"/>
		<set name="unlockable" value="false"/>
		<set name="key" value="0"/>
		<set name="show_hp" value="false"/>
	</door>
	<door id="16200024" name="Normils_garden_22" hp="158250" pdef="644" mdef="518">
		<pos x="-110465" y="82834" z="-12878"/>
		<shape ax="-110602" ay="82367" bx="-110342" by="82367" cx="-110343" cy="82854" dx="-110601" dy="82854" minz="-12906" maxz="-12756"/>
		<set name="opened" value="false"/>
		<set name="unlockable" value="false"/>
		<set name="key" value="0"/>
		<set name="show_hp" value="false"/>
	</door>
	<door id="16200025" name="Normils_garden_23" hp="158250" pdef="644" mdef="518">
		<pos x="-111711" y="81892" z="-12877"/>
		<shape ax="-111795" ay="81786" bx="-111612" by="81969" cx="-111956" cy="82315" dx="-112141" dy="82130" minz="-12908" maxz="-12758"/>
		<set name="opened" value="false"/>
		<set name="unlockable" value="false"/>
		<set name="key" value="0"/>
		<set name="show_hp" value="false"/>
	</door>
</list>
