<?xml version="1.0" encoding="UTF-8"?><!DOCTYPE list SYSTEM "doors.dtd">

<list>
	<door id="17160001" name="Themepark_Kerthang_s.kerthang_pvp_door" hp="158250" pdef="644" mdef="518">
		<pos x="-81006" y="-51669" z="-11439"/>
		<shape ax="-80957" ay="-51652" bx="-80961" by="-51644" cx="-81052" cy="-51683" dx="-81049" dy="-51691" minz="-11494" maxz="-11344"/>
		<set name="opened" value="false"/>
		<set name="unlockable" value="false"/>
		<set name="key" value="0"/>
		<set name="show_hp" value="false"/>
	</door>
	<door id="17160002" name="Themepark_Kerthang_s.kerthang_pvp_door" hp="158250" pdef="644" mdef="518">
		<pos x="-80600" y="-51790" z="-11453"/>
		<shape ax="-80566" ay="-51752" bx="-80575" by="-51747" cx="-80633" cy="-51828" dx="-80624" dy="-51833" minz="-11508" maxz="-11358"/>
		<set name="opened" value="false"/>
		<set name="unlockable" value="false"/>
		<set name="key" value="0"/>
		<set name="show_hp" value="false"/>
	</door>
	<door id="17160003" name="Themepark_Kerthang_s.kerthang_pvp_door" hp="158250" pdef="644" mdef="518">
		<pos x="-80267" y="-50993" z="-11441"/>
		<shape ax="-80311" ay="-50973" bx="-80315" by="-50982" cx="-80221" cy="-51012" dx="-80219" dy="-51004" minz="-11496" maxz="-11346"/>
		<set name="opened" value="false"/>
		<set name="unlockable" value="false"/>
		<set name="key" value="0"/>
		<set name="show_hp" value="false"/>
	</door>
	<door id="17160004" name="Themepark_Kerthang_s.kerthang_pvp_door" hp="158250" pdef="644" mdef="518">
		<pos x="-80094" y="-51342" z="-11435"/>
		<shape ax="-80144" ay="-51336" bx="-80145" by="-51345" cx="-80045" cy="-51347" dx="-80044" dy="-51339" minz="-11490" maxz="-11340"/>
		<set name="opened" value="false"/>
		<set name="unlockable" value="false"/>
		<set name="key" value="0"/>
		<set name="show_hp" value="false"/>
	</door>
	<door id="17160005" name="Themepark_Kerthang_s.kerthang_pvp_door" hp="158250" pdef="644" mdef="518">
		<pos x="-78548" y="-52279" z="-11460"/>
		<shape ax="-78518" ay="-52238" bx="-78527" by="-52233" cx="-78578" cy="-52320" dx="-78569" dy="-52324" minz="-11515" maxz="-11365"/>
		<set name="opened" value="false"/>
		<set name="unlockable" value="false"/>
		<set name="key" value="0"/>
		<set name="show_hp" value="false"/>
	</door>
	<door id="17160006" name="Themepark_Kerthang_s.kerthang_pvp_door" hp="158250" pdef="644" mdef="518">
		<pos x="-78961" y="-52313" z="-11433"/>
		<shape ax="-78951" ay="-52264" bx="-78960" by="-52263" cx="-78971" cy="-52362" dx="-78961" dy="-52363" minz="-11488" maxz="-11338"/>
		<set name="opened" value="false"/>
		<set name="unlockable" value="false"/>
		<set name="key" value="0"/>
		<set name="show_hp" value="false"/>
	</door>
	<door id="17160007" name="Themepark_Kerthang_s.kerthang_pvp_door" hp="158250" pdef="644" mdef="518">
		<pos x="-79898" y="-53425" z="-11453"/>
		<shape ax="-79943" ay="-53406" bx="-79947" by="-53415" cx="-79852" cy="-53444" dx="-79849" dy="-53435" minz="-11508" maxz="-11358"/>
		<set name="opened" value="false"/>
		<set name="unlockable" value="false"/>
		<set name="key" value="0"/>
		<set name="show_hp" value="false"/>
	</door>
	<door id="17160008" name="Themepark_Kerthang_s.kerthang_pvp_door" hp="158250" pdef="644" mdef="518">
		<pos x="-80026" y="-52991" z="-11453"/>
		<shape ax="-80076" ay="-52981" bx="-80077" by="-52991" cx="-79977" cy="-53000" dx="-79977" dy="-52991" minz="-11508" maxz="-11358"/>
		<set name="opened" value="false"/>
		<set name="unlockable" value="false"/>
		<set name="key" value="0"/>
		<set name="show_hp" value="false"/>
	</door>
	<door id="17160009" name="Themepark_Kerthang_s.kerthang_pvp_door" hp="158250" pdef="644" mdef="518">
		<pos x="-79232" y="-49127" z="-11442"/>
		<shape ax="-79232" ay="-49077" bx="-79241" by="-49079" cx="-79233" cy="-49177" dx="-79224" dy="-49175" minz="-11496" maxz="-11346"/>
		<set name="opened" value="false"/>
		<set name="unlockable" value="false"/>
		<set name="key" value="0"/>
		<set name="show_hp" value="false"/>
	</door>
	<door id="17160010" name="Themepark_Kerthang_s.kerthang_pvp_door" hp="158250" pdef="644" mdef="518">
		<pos x="-79026" y="-48794" z="-11436"/>
		<shape ax="-79050" ay="-48750" bx="-79059" by="-48756" cx="-79003" cy="-48836" dx="-78994" dy="-48829" minz="-11491" maxz="-11341"/>
		<set name="opened" value="false"/>
		<set name="unlockable" value="false"/>
		<set name="key" value="0"/>
		<set name="show_hp" value="false"/>
	</door>
	<door id="17160011" name="Themepark_Kerthang_s.kerthang_pvp_door" hp="158250" pdef="644" mdef="518">
		<pos x="-79643" y="-48216" z="-11437"/>
		<shape ax="-79611" ay="-48179" bx="-79617" by="-48173" cx="-79676" cy="-48254" dx="-79669" dy="-48259" minz="-11491" maxz="-11341"/>
		<set name="opened" value="false"/>
		<set name="unlockable" value="false"/>
		<set name="key" value="0"/>
		<set name="show_hp" value="false"/>
	</door>
	<door id="17160012" name="Themepark_Kerthang_s.kerthang_pvp_door" hp="158250" pdef="644" mdef="518">
		<pos x="-79292" y="-48148" z="-11434"/>
		<shape ax="-79272" ay="-48103" bx="-79281" by="-48100" cx="-79311" cy="-48194" dx="-79304" dy="-48196" minz="-11488" maxz="-11338"/>
		<set name="opened" value="false"/>
		<set name="unlockable" value="false"/>
		<set name="key" value="0"/>
		<set name="show_hp" value="false"/>
	</door>
	<door id="17160013" name="Themepark_Kerthang_s.kerthang_pvp_door" hp="158250" pdef="644" mdef="518">
		<pos x="-77927" y="-47015" z="-11434"/>
		<shape ax="-77958" ay="-46973" bx="-77966" by="-46980" cx="-77899" cy="-47055" dx="-77891" dy="-47048" minz="-11488" maxz="-11338"/>
		<set name="opened" value="false"/>
		<set name="unlockable" value="false"/>
		<set name="key" value="0"/>
		<set name="show_hp" value="false"/>
	</door>
	<door id="17160014" name="Themepark_Kerthang_s.kerthang_pvp_door" hp="158250" pdef="644" mdef="518">
		<pos x="-77988" y="-47382" z="-11432"/>
		<shape ax="-78032" ay="-47356" bx="-78036" by="-47366" cx="-77945" cy="-47406" dx="-77940" dy="-47397" minz="-11487" maxz="-11337"/>
		<set name="opened" value="false"/>
		<set name="unlockable" value="false"/>
		<set name="key" value="0"/>
		<set name="show_hp" value="false"/>
	</door>
	<door id="17160015" name="Themepark_Kerthang_s.kerthang_pvp_door" hp="158250" pdef="644" mdef="518">
		<pos x="-77268" y="-48589" z="-11436"/>
		<shape ax="-77235" ay="-48551" bx="-77243" by="-48545" cx="-77301" cy="-48628" dx="-77292" dy="-48633" minz="-11490" maxz="-11340"/>
		<set name="opened" value="false"/>
		<set name="unlockable" value="false"/>
		<set name="key" value="0"/>
		<set name="show_hp" value="false"/>
	</door>
	<door id="17160016" name="Themepark_Kerthang_s.kerthang_pvp_door" hp="158250" pdef="644" mdef="518">
		<pos x="-77662" y="-48607" z="-11441"/>
		<shape ax="-77637" ay="-48564" bx="-77646" by="-48560" cx="-77687" cy="-48651" dx="-77678" dy="-48654" minz="-11495" maxz="-11345"/>
		<set name="opened" value="false"/>
		<set name="unlockable" value="false"/>
		<set name="key" value="0"/>
		<set name="show_hp" value="false"/>
	</door>
	<door id="17160017" name="Themepark_Kerthang_s.kerthang_pvp_door" hp="158250" pdef="644" mdef="518">
		<pos x="-81142" y="-46668" z="-11440"/>
		<shape ax="-81094" ay="-46684" bx="-81091" by="-46675" cx="-81190" cy="-46651" dx="-81191" dy="-46661" minz="-11495" maxz="-11345"/>
		<set name="opened" value="false"/>
		<set name="unlockable" value="false"/>
		<set name="key" value="0"/>
		<set name="show_hp" value="false"/>
	</door>
	<door id="17160018" name="Themepark_Kerthang_s.kerthang_pvp_door" hp="158250" pdef="644" mdef="518">
		<pos x="-81385" y="-46367" z="-11434"/>
		<shape ax="-81335" ay="-46357" bx="-81337" by="-46349" cx="-81434" cy="-46376" dx="-81433" dy="-46386" minz="-11489" maxz="-11339"/>
		<set name="opened" value="false"/>
		<set name="unlockable" value="false"/>
		<set name="key" value="0"/>
		<set name="show_hp" value="false"/>
	</door>
	<door id="17160019" name="Themepark_Kerthang_s.kerthang_pvp_door" hp="158250" pdef="644" mdef="518">
		<pos x="-81001" y="-44640" z="-11436"/>
		<shape ax="-80976" ay="-44683" bx="-80969" by="-44677" cx="-81026" cy="-44596" dx="-81034" dy="-44602" minz="-11491" maxz="-11341"/>
		<set name="opened" value="false"/>
		<set name="unlockable" value="false"/>
		<set name="key" value="0"/>
		<set name="show_hp" value="false"/>
	</door>
	<door id="17160020" name="Themepark_Kerthang_s.kerthang_pvp_door" hp="158250" pdef="644" mdef="518">
		<pos x="-81111" y="-45014" z="-11439"/>
		<shape ax="-81078" ay="-45052" bx="-81072" by="-45044" cx="-81145" cy="-44976" dx="-81150" dy="-44983" minz="-11494" maxz="-11344"/>
		<set name="opened" value="false"/>
		<set name="unlockable" value="false"/>
		<set name="key" value="0"/>
		<set name="show_hp" value="false"/>
	</door>
	<door id="17160021" name="Themepark_Kerthang_s.kerthang_pvp_door" hp="158250" pdef="644" mdef="518">
		<pos x="-82701" y="-44745" z="-11434"/>
		<shape ax="-82653" ay="-44730" bx="-82656" by="-44721" cx="-82749" cy="-44759" dx="-82746" dy="-44767" minz="-11489" maxz="-11339"/>
		<set name="opened" value="false"/>
		<set name="unlockable" value="false"/>
		<set name="key" value="0"/>
		<set name="show_hp" value="false"/>
	</door>
	<door id="17160022" name="Themepark_Kerthang_s.kerthang_pvp_door" hp="158250" pdef="644" mdef="518">
		<pos x="-82376" y="-44916" z="-11433"/>
		<shape ax="-82338" ay="-44884" bx="-82346" by="-44877" cx="-82414" cy="-44948" dx="-82407" dy="-44957" minz="-11488" maxz="-11338"/>
		<set name="opened" value="false"/>
		<set name="unlockable" value="false"/>
		<set name="key" value="0"/>
		<set name="show_hp" value="false"/>
	</door>
	<door id="17160023" name="Themepark_Kerthang_s.kerthang_pvp_door" hp="158250" pdef="644" mdef="518">
		<pos x="-82132" y="-46753" z="-11432"/>
		<shape ax="-82109" ay="-46796" bx="-82100" by="-46790" cx="-82155" cy="-46709" dx="-82163" dy="-46715" minz="-11487" maxz="-11337"/>
		<set name="opened" value="false"/>
		<set name="unlockable" value="false"/>
		<set name="key" value="0"/>
		<set name="show_hp" value="false"/>
	</door>
	<door id="17160024" name="Themepark_Kerthang_s.kerthang_pvp_door" hp="158250" pdef="644" mdef="518">
		<pos x="-82077" y="-46391" z="-11435"/>
		<shape ax="-82041" ay="-46427" bx="-82035" by="-46418" cx="-82113" cy="-46354" dx="-82120" dy="-46365" minz="-11490" maxz="-11340"/>
		<set name="opened" value="false"/>
		<set name="unlockable" value="false"/>
		<set name="key" value="0"/>
		<set name="show_hp" value="false"/>
	</door>
	<door id="17160025" name="Themepark_Kerthang_s.kerthang_pvp_door" hp="158250" pdef="644" mdef="518">
		<pos x="-84084" y="-47670" z="-11430"/>
		<shape ax="-84055" ay="-47630" bx="-84063" by="-47624" cx="-84112" cy="-47711" dx="-84104" dy="-47715" minz="-11484" maxz="-11334"/>
		<set name="opened" value="false"/>
		<set name="unlockable" value="false"/>
		<set name="key" value="0"/>
		<set name="show_hp" value="false"/>
	</door>
	<door id="17160026" name="Themepark_Kerthang_s.kerthang_pvp_door" hp="158250" pdef="644" mdef="518">
		<pos x="-84442" y="-47823" z="-11434"/>
		<shape ax="-84439" ay="-47774" bx="-84447" by="-47774" cx="-84446" cy="-47873" dx="-84438" dy="-47872" minz="-11488" maxz="-11338"/>
		<set name="opened" value="false"/>
		<set name="unlockable" value="false"/>
		<set name="key" value="0"/>
		<set name="show_hp" value="false"/>
	</door>
	<door id="17160027" name="Themepark_Kerthang_s.kerthang_pvp_door" hp="158250" pdef="644" mdef="518">
		<pos x="-84269" y="-48644" z="-11435"/>
		<shape ax="-84220" ay="-48632" bx="-84222" by="-48623" cx="-84318" cy="-48655" dx="-84315" dy="-48664" minz="-11489" maxz="-11339"/>
		<set name="opened" value="false"/>
		<set name="unlockable" value="false"/>
		<set name="key" value="0"/>
		<set name="show_hp" value="false"/>
	</door>
	<door id="17160028" name="Themepark_Kerthang_s.kerthang_pvp_door" hp="158250" pdef="644" mdef="518">
		<pos x="-84625" y="-48465" z="-11454"/>
		<shape ax="-84582" ay="-48441" bx="-84587" by="-48433" cx="-84669" cy="-48490" dx="-84663" dy="-48498" minz="-11508" maxz="-11358"/>
		<set name="opened" value="false"/>
		<set name="unlockable" value="false"/>
		<set name="key" value="0"/>
		<set name="show_hp" value="false"/>
	</door>
	<door id="17160029" name="Themepark_Kerthang_s.kerthang_pvp_door" hp="158250" pdef="644" mdef="518">
		<pos x="-86353" y="-48663" z="-11435"/>
		<shape ax="-86354" ay="-48613" bx="-86364" by="-48614" cx="-86352" cy="-48713" dx="-86343" dy="-48712" minz="-11489" maxz="-11339"/>
		<set name="opened" value="false"/>
		<set name="unlockable" value="false"/>
		<set name="key" value="0"/>
		<set name="show_hp" value="false"/>
	</door>
	<door id="17160030" name="Themepark_Kerthang_s.kerthang_pvp_door" hp="158250" pdef="644" mdef="518">
		<pos x="-86093" y="-48395" z="-11435"/>
		<shape ax="-86114" ay="-48349" bx="-86123" by="-48354" cx="-86074" cy="-48441" dx="-86064" dy="-48435" minz="-11489" maxz="-11339"/>
		<set name="opened" value="false"/>
		<set name="unlockable" value="false"/>
		<set name="key" value="0"/>
		<set name="show_hp" value="false"/>
	</door>
	<door id="17160031" name="Themepark_Kerthang_s.kerthang_pvp_door" hp="158250" pdef="644" mdef="518">
		<pos x="-86009" y="-47000" z="-11433"/>
		<shape ax="-85960" ay="-46988" bx="-85963" by="-46978" cx="-86057" cy="-47013" dx="-86054" dy="-47021" minz="-11487" maxz="-11337"/>
		<set name="opened" value="false"/>
		<set name="unlockable" value="false"/>
		<set name="key" value="0"/>
		<set name="show_hp" value="false"/>
	</door>
	<door id="17160032" name="Themepark_Kerthang_s.kerthang_pvp_door" hp="158250" pdef="644" mdef="518">
		<pos x="-85679" y="-47206" z="-11435"/>
		<shape ax="-85635" ay="-47185" bx="-85640" by="-47177" cx="-85722" cy="-47227" dx="-85719" dy="-47235" minz="-11490" maxz="-11340"/>
		<set name="opened" value="false"/>
		<set name="unlockable" value="false"/>
		<set name="key" value="0"/>
		<set name="show_hp" value="false"/>
	</door>
	<door id="17160033" name="Themepark_Kerthang_s.kerthang_pvp_door" hp="158250" pdef="644" mdef="518">
		<pos x="-83980" y="-50825" z="-11439"/>
		<shape ax="-83951" ay="-50866" bx="-83945" by="-50860" cx="-84005" cy="-50785" dx="-84013" dy="-50791" minz="-11494" maxz="-11344"/>
		<set name="opened" value="false"/>
		<set name="unlockable" value="false"/>
		<set name="key" value="0"/>
		<set name="show_hp" value="false"/>
	</door>
	<door id="17160034" name="Themepark_Kerthang_s.kerthang_pvp_door" hp="158250" pdef="644" mdef="518">
		<pos x="-83968" y="-51208" z="-11436"/>
		<shape ax="-83925" ay="-51231" bx="-83920" by="-51219" cx="-84013" cy="-51186" dx="-84016" dy="-51196" minz="-11491" maxz="-11341"/>
		<set name="opened" value="false"/>
		<set name="unlockable" value="false"/>
		<set name="key" value="0"/>
		<set name="show_hp" value="false"/>
	</door>
	<door id="17160035" name="Themepark_Kerthang_s.kerthang_pvp_door" hp="158250" pdef="644" mdef="518">
		<pos x="-83136" y="-51339" z="-11440"/>
		<shape ax="-83149" ay="-51390" bx="-83127" by="-51390" cx="-83124" cy="-51287" dx="-83145" dy="-51286" minz="-11495" maxz="-11345"/>
		<set name="opened" value="false"/>
		<set name="unlockable" value="false"/>
		<set name="key" value="0"/>
		<set name="show_hp" value="false"/>
	</door>
	<door id="17160036" name="Themepark_Kerthang_s.kerthang_pvp_door" hp="158250" pdef="644" mdef="518">
		<pos x="-83381" y="-51591" z="-11434"/>
		<shape ax="-83375" ay="-51640" bx="-83362" by="-51638" cx="-83388" cy="-51542" dx="-83399" dy="-51544" minz="-11489" maxz="-11339"/>
		<set name="opened" value="false"/>
		<set name="unlockable" value="false"/>
		<set name="key" value="0"/>
		<set name="show_hp" value="false"/>
	</door>
	<door id="17160037" name="Themepark_Kerthang_s.kerthang_pvp_door" hp="158250" pdef="644" mdef="518">
		<pos x="-83881" y="-53366" z="-11461"/>
		<shape ax="-83927" ay="-53349" bx="-83929" by="-53358" cx="-83835" cy="-53383" dx="-83832" dy="-53373" minz="-11516" maxz="-11366"/>
		<set name="opened" value="false"/>
		<set name="unlockable" value="false"/>
		<set name="key" value="0"/>
		<set name="show_hp" value="false"/>
	</door>
	<door id="17160038" name="Themepark_Kerthang_s.kerthang_pvp_door" hp="158250" pdef="644" mdef="518">
		<pos x="-84029" y="-52965" z="-11433"/>
		<shape ax="-84080" ay="-52969" bx="-84078" by="-52978" cx="-83980" cy="-52962" dx="-83981" dy="-52952" minz="-11488" maxz="-11338"/>
		<set name="opened" value="false"/>
		<set name="unlockable" value="false"/>
		<set name="key" value="0"/>
		<set name="show_hp" value="false"/>
	</door>
	<door id="17160039" name="Themepark_Kerthang_s.kerthang_pvp_door" hp="158250" pdef="644" mdef="518">
		<pos x="-85296" y="-52364" z="-11434"/>
		<shape ax="-85301" ay="-52413" bx="-85293" by="-52413" cx="-85290" cy="-52315" dx="-85300" dy="-52314" minz="-11489" maxz="-11339"/>
		<set name="opened" value="false"/>
		<set name="unlockable" value="false"/>
		<set name="key" value="0"/>
		<set name="show_hp" value="false"/>
	</door>
	<door id="17160040" name="Themepark_Kerthang_s.kerthang_pvp_door" hp="158250" pdef="644" mdef="518">
		<pos x="-84991" y="-52127" z="-11443"/>
		<shape ax="-84988" ay="-52179" bx="-84976" by="-52175" cx="-84995" cy="-52076" dx="-85006" dy="-52078" minz="-11498" maxz="-11348"/>
		<set name="opened" value="false"/>
		<set name="unlockable" value="false"/>
		<set name="key" value="0"/>
		<set name="show_hp" value="false"/>
	</door>
</list>
