<?xml version="1.0" encoding="UTF-8"?><!DOCTYPE list SYSTEM "doors.dtd">

<list>
	<door id="17190001" name="Normils_cave_01" hp="158250" pdef="644" mdef="518">
		<pos x="-85054" y="47901" z="-3861"/>
		<shape ax="-85170" ay="47896" bx="-84941" by="47895" cx="-84941" cy="47913" dx="-85170" dy="47914" minz="-3864" maxz="-3714"/>
		<set name="opened" value="false"/>
		<set name="unlockable" value="false"/>
		<set name="key" value="0"/>
		<set name="show_hp" value="false"/>
	</door>
</list>
