<?xml version="1.0" encoding="UTF-8"?><!DOCTYPE list SYSTEM "doors.dtd">

<list>
	<door id="17150001" name="Themepark_Valos_S.Valos_dungeon_doors" hp="158250" pdef="644" mdef="518">
		<pos x="-85904" y="-86402" z="-8384"/>
		<shape ax="-85966" ay="-86411" bx="-85842" by="-86411" cx="-85841" cy="-86389" dx="-85966" dy="-86389" minz="-8384" maxz="-8234"/>
		<set name="opened" value="false"/>
		<set name="unlockable" value="false"/>
		<set name="key" value="0"/>
		<set name="show_hp" value="false"/>
		<set name="targetable" value="false"/>
	</door>
	<door id="17150002" name="Themepark_Valos_S.Valos_dungeon_doors" hp="158250" pdef="644" mdef="518">
		<pos x="-83904" y="-86402" z="-8384"/>
		<shape ax="-83966" ay="-86411" bx="-83842" by="-86411" cx="-83841" cy="-86389" dx="-83966" dy="-86389" minz="-8384" maxz="-8234"/>
		<set name="opened" value="false"/>
		<set name="unlockable" value="false"/>
		<set name="key" value="0"/>
		<set name="show_hp" value="false"/>
		<set name="targetable" value="false"/>
	</door>
	<door id="17150003" name="Themepark_Valos_S.Valos_dungeon_doors" hp="158250" pdef="644" mdef="518">
		<pos x="-81904" y="-86402" z="-8384"/>
		<shape ax="-81966" ay="-86411" bx="-81842" by="-86411" cx="-81841" cy="-86389" dx="-81966" dy="-86389" minz="-8384" maxz="-8234"/>
		<set name="opened" value="false"/>
		<set name="unlockable" value="false"/>
		<set name="key" value="0"/>
		<set name="show_hp" value="false"/>
		<set name="targetable" value="false"/>
	</door>
	<door id="17150004" name="Themepark_Valos_S.Valos_dungeon_doors" hp="158250" pdef="644" mdef="518">
		<pos x="-79904" y="-86402" z="-8384"/>
		<shape ax="-79966" ay="-86411" bx="-79842" by="-86411" cx="-79841" cy="-86389" dx="-79966" dy="-86389" minz="-8384" maxz="-8234"/>
		<set name="opened" value="false"/>
		<set name="unlockable" value="false"/>
		<set name="key" value="0"/>
		<set name="show_hp" value="false"/>
		<set name="targetable" value="false"/>
	</door>
	<door id="17150005" name="Themepark_Valos_S.Valos_dungeon_doors" hp="158250" pdef="644" mdef="518">
		<pos x="-77904" y="-86402" z="-8384"/>
		<shape ax="-77966" ay="-86411" bx="-77842" by="-86411" cx="-77841" cy="-86389" dx="-77966" dy="-86389" minz="-8384" maxz="-8234"/>
		<set name="opened" value="false"/>
		<set name="unlockable" value="false"/>
		<set name="key" value="0"/>
		<set name="show_hp" value="false"/>
		<set name="targetable" value="false"/>
	</door>
	<door id="17150006" name="Themepark_Valos_S.Valos_dungeon_doors_v" hp="158250" pdef="644" mdef="518">
		<pos x="-86498" y="-85808" z="-8384"/>
		<shape ax="-86508" ay="-85870" bx="-86487" by="-85869" cx="-86488" cy="-85747" dx="-86508" dy="-85746" minz="-8384" maxz="-8234"/>
		<set name="opened" value="false"/>
		<set name="unlockable" value="false"/>
		<set name="key" value="0"/>
		<set name="show_hp" value="false"/>
		<set name="targetable" value="false"/>
	</door>
	<door id="17150007" name="Themepark_Valos_S.Valos_dungeon_doors_v" hp="158250" pdef="644" mdef="518">
		<pos x="-85310" y="-85808" z="-8384"/>
		<shape ax="-85320" ay="-85867" bx="-85301" by="-85867" cx="-85300" cy="-85747" dx="-85319" dy="-85747" minz="-8384" maxz="-8234"/>
		<set name="opened" value="false"/>
		<set name="unlockable" value="false"/>
		<set name="key" value="0"/>
		<set name="show_hp" value="false"/>
		<set name="open_time" value="20"/>
		<set name="random_time" value="10"/>
		<set name="close_time" value="15"/>
		<set name="targetable" value="false"/>
	</door>
	<door id="17150008" name="Themepark_Valos_S.Valos_dungeon_doors_v" hp="158250" pdef="644" mdef="518">
		<pos x="-84498" y="-85808" z="-8384"/>
		<shape ax="-84508" ay="-85870" bx="-84487" by="-85869" cx="-84488" cy="-85747" dx="-84508" dy="-85746" minz="-8384" maxz="-8234"/>
		<set name="opened" value="false"/>
		<set name="unlockable" value="false"/>
		<set name="key" value="0"/>
		<set name="show_hp" value="false"/>
		<set name="targetable" value="false"/>
		<set name="master_door" value="17150007"/>
	</door>
	<door id="17150009" name="Themepark_Valos_S.Valos_dungeon_doors_v" hp="158250" pdef="644" mdef="518">
		<pos x="-83310" y="-85808" z="-8384"/>
		<shape ax="-83320" ay="-85867" bx="-83301" by="-85867" cx="-83300" cy="-85747" dx="-83319" dy="-85747" minz="-8384" maxz="-8234"/>
		<set name="opened" value="false"/>
		<set name="unlockable" value="false"/>
		<set name="key" value="0"/>
		<set name="show_hp" value="false"/>
		<set name="open_time" value="30"/>
		<set name="random_time" value="10"/>
		<set name="close_time" value="15"/>
		<set name="targetable" value="false"/>
	</door>
	<door id="17150010" name="Themepark_Valos_S.Valos_dungeon_doors_v" hp="158250" pdef="644" mdef="518">
		<pos x="-82498" y="-85808" z="-8384"/>
		<shape ax="-82508" ay="-85870" bx="-82487" by="-85869" cx="-82488" cy="-85747" dx="-82508" dy="-85746" minz="-8384" maxz="-8234"/>
		<set name="opened" value="false"/>
		<set name="unlockable" value="false"/>
		<set name="key" value="0"/>
		<set name="show_hp" value="false"/>
		<set name="targetable" value="false"/>
		<set name="master_door" value="17150009"/>
	</door>
	<door id="17150011" name="Themepark_Valos_S.Valos_dungeon_doors_v" hp="158250" pdef="644" mdef="518">
		<pos x="-81310" y="-85808" z="-8384"/>
		<shape ax="-81320" ay="-85867" bx="-81301" by="-85867" cx="-81300" cy="-85747" dx="-81319" dy="-85747" minz="-8384" maxz="-8234"/>
		<set name="opened" value="false"/>
		<set name="unlockable" value="false"/>
		<set name="key" value="0"/>
		<set name="show_hp" value="false"/>
		<set name="open_time" value="20"/>
		<set name="random_time" value="10"/>
		<set name="close_time" value="15"/>
		<set name="targetable" value="false"/>
	</door>
	<door id="17150012" name="Themepark_Valos_S.Valos_dungeon_doors_v" hp="158250" pdef="644" mdef="518">
		<pos x="-80498" y="-85808" z="-8384"/>
		<shape ax="-80508" ay="-85870" bx="-80487" by="-85869" cx="-80488" cy="-85747" dx="-80508" dy="-85746" minz="-8384" maxz="-8234"/>
		<set name="opened" value="false"/>
		<set name="unlockable" value="false"/>
		<set name="key" value="0"/>
		<set name="show_hp" value="false"/>
		<set name="targetable" value="false"/>
		<set name="master_door" value="17150011"/>
	</door>
	<door id="17150013" name="Themepark_Valos_S.Valos_dungeon_doors_v" hp="158250" pdef="644" mdef="518">
		<pos x="-79310" y="-85808" z="-8384"/>
		<shape ax="-79320" ay="-85867" bx="-79301" by="-85867" cx="-79300" cy="-85747" dx="-79319" dy="-85747" minz="-8384" maxz="-8234"/>
		<set name="opened" value="false"/>
		<set name="unlockable" value="false"/>
		<set name="key" value="0"/>
		<set name="show_hp" value="false"/>
		<set name="open_time" value="25"/>
		<set name="random_time" value="10"/>
		<set name="close_time" value="15"/>
		<set name="targetable" value="false"/>
	</door>
	<door id="17150014" name="Themepark_Valos_S.Valos_dungeon_doors_v" hp="158250" pdef="644" mdef="518">
		<pos x="-78498" y="-85808" z="-8384"/>
		<shape ax="-78508" ay="-85870" bx="-78487" by="-85869" cx="-78488" cy="-85747" dx="-78508" dy="-85746" minz="-8384" maxz="-8234"/>
		<set name="opened" value="false"/>
		<set name="unlockable" value="false"/>
		<set name="key" value="0"/>
		<set name="show_hp" value="false"/>
		<set name="targetable" value="false"/>
		<set name="master_door" value="17150013"/>
	</door>
	<door id="17150015" name="Themepark_Valos_S.Valos_dungeon_doors_v" hp="158250" pdef="644" mdef="518">
		<pos x="-77310" y="-85808" z="-8384"/>
		<shape ax="-77320" ay="-85867" bx="-77301" by="-85867" cx="-77300" cy="-85747" dx="-77319" dy="-85747" minz="-8384" maxz="-8234"/>
		<set name="opened" value="false"/>
		<set name="unlockable" value="false"/>
		<set name="key" value="0"/>
		<set name="show_hp" value="false"/>
		<set name="targetable" value="false"/>
	</door>
	<door id="17150016" name="Themepark_Valos_S.Valos_dungeon_doors" hp="158250" pdef="644" mdef="518">
		<pos x="-85904" y="-85214" z="-8384"/>
		<shape ax="-85965" ay="-85223" bx="-85842" by="-85223" cx="-85841" cy="-85204" dx="-85964" dy="-85204" minz="-8384" maxz="-8234"/>
		<set name="opened" value="false"/>
		<set name="unlockable" value="false"/>
		<set name="key" value="0"/>
		<set name="show_hp" value="false"/>
		<set name="open_time" value="30"/>
		<set name="random_time" value="10"/>
		<set name="close_time" value="15"/>
		<set name="targetable" value="false"/>
	</door>
	<door id="17150017" name="Themepark_Valos_S.Valos_dungeon_doors" hp="158250" pdef="644" mdef="518">
		<pos x="-83904" y="-85214" z="-8384"/>
		<shape ax="-83965" ay="-85223" bx="-83842" by="-85223" cx="-83841" cy="-85204" dx="-83964" dy="-85204" minz="-8384" maxz="-8234"/>
		<set name="opened" value="false"/>
		<set name="unlockable" value="false"/>
		<set name="key" value="0"/>
		<set name="show_hp" value="false"/>
		<set name="open_time" value="15"/>
		<set name="random_time" value="10"/>
		<set name="close_time" value="15"/>
		<set name="targetable" value="false"/>
	</door>
	<door id="17150018" name="Themepark_Valos_S.Valos_dungeon_doors" hp="158250" pdef="644" mdef="518">
		<pos x="-81904" y="-85214" z="-8384"/>
		<shape ax="-81965" ay="-85223" bx="-81842" by="-85223" cx="-81841" cy="-85204" dx="-81964" dy="-85204" minz="-8384" maxz="-8234"/>
		<set name="opened" value="false"/>
		<set name="unlockable" value="false"/>
		<set name="key" value="0"/>
		<set name="show_hp" value="false"/>
		<set name="open_time" value="15"/>
		<set name="random_time" value="10"/>
		<set name="close_time" value="15"/>
		<set name="targetable" value="false"/>
	</door>
	<door id="17150019" name="Themepark_Valos_S.Valos_dungeon_doors" hp="158250" pdef="644" mdef="518">
		<pos x="-79904" y="-85214" z="-8384"/>
		<shape ax="-79965" ay="-85223" bx="-79842" by="-85223" cx="-79841" cy="-85204" dx="-79964" dy="-85204" minz="-8384" maxz="-8234"/>
		<set name="opened" value="false"/>
		<set name="unlockable" value="false"/>
		<set name="key" value="0"/>
		<set name="show_hp" value="false"/>
		<set name="open_time" value="20"/>
		<set name="random_time" value="10"/>
		<set name="close_time" value="15"/>
		<set name="targetable" value="false"/>
	</door>
	<door id="17150020" name="Themepark_Valos_S.Valos_dungeon_doors" hp="158250" pdef="644" mdef="518">
		<pos x="-77904" y="-85214" z="-8384"/>
		<shape ax="-77965" ay="-85223" bx="-77842" by="-85223" cx="-77841" cy="-85204" dx="-77964" dy="-85204" minz="-8384" maxz="-8234"/>
		<set name="opened" value="false"/>
		<set name="unlockable" value="false"/>
		<set name="key" value="0"/>
		<set name="show_hp" value="false"/>
		<set name="open_time" value="10"/>
		<set name="random_time" value="5"/>
		<set name="close_time" value="15"/>
		<set name="targetable" value="false"/>
	</door>
	<door id="17150021" name="Themepark_Valos_S.Valos_dungeon_doors" hp="158250" pdef="644" mdef="518">
		<pos x="-85904" y="-84402" z="-8384"/>
		<shape ax="-85969" ay="-84413" bx="-85840" by="-84414" cx="-85840" cy="-84391" dx="-85968" dy="-84388" minz="-8384" maxz="-8234"/>
		<set name="opened" value="false"/>
		<set name="unlockable" value="false"/>
		<set name="key" value="0"/>
		<set name="show_hp" value="false"/>
		<set name="targetable" value="false"/>
		<set name="master_door" value="17150016"/>
	</door>
	<door id="17150022" name="Themepark_Valos_S.Valos_dungeon_doors" hp="158250" pdef="644" mdef="518">
		<pos x="-83904" y="-84402" z="-8384"/>
		<shape ax="-83969" ay="-84413" bx="-83840" by="-84414" cx="-83840" cy="-84391" dx="-83968" dy="-84388" minz="-8384" maxz="-8234"/>
		<set name="opened" value="false"/>
		<set name="unlockable" value="false"/>
		<set name="key" value="0"/>
		<set name="show_hp" value="false"/>
		<set name="targetable" value="false"/>
		<set name="master_door" value="17150017"/>
	</door>
	<door id="17150023" name="Themepark_Valos_S.Valos_dungeon_doors" hp="158250" pdef="644" mdef="518">
		<pos x="-81904" y="-84402" z="-8384"/>
		<shape ax="-81969" ay="-84413" bx="-81840" by="-84414" cx="-81840" cy="-84391" dx="-81968" dy="-84388" minz="-8384" maxz="-8234"/>
		<set name="opened" value="false"/>
		<set name="unlockable" value="false"/>
		<set name="key" value="0"/>
		<set name="show_hp" value="false"/>
		<set name="targetable" value="false"/>
		<set name="master_door" value="17150018"/>
	</door>
	<door id="17150024" name="Themepark_Valos_S.Valos_dungeon_doors" hp="158250" pdef="644" mdef="518">
		<pos x="-79904" y="-84402" z="-8384"/>
		<shape ax="-79969" ay="-84413" bx="-79840" by="-84414" cx="-79840" cy="-84391" dx="-79968" dy="-84388" minz="-8384" maxz="-8234"/>
		<set name="opened" value="false"/>
		<set name="unlockable" value="false"/>
		<set name="key" value="0"/>
		<set name="show_hp" value="false"/>
		<set name="targetable" value="false"/>
		<set name="master_door" value="17150019"/>
	</door>
	<door id="17150025" name="Themepark_Valos_S.Valos_dungeon_doors" hp="158250" pdef="644" mdef="518">
		<pos x="-77904" y="-84402" z="-8384"/>
		<shape ax="-77969" ay="-84413" bx="-77840" by="-84414" cx="-77840" cy="-84391" dx="-77968" dy="-84388" minz="-8384" maxz="-8234"/>
		<set name="opened" value="false"/>
		<set name="unlockable" value="false"/>
		<set name="key" value="0"/>
		<set name="show_hp" value="false"/>
		<set name="targetable" value="false"/>
		<set name="master_door" value="17150020"/>
	</door>
	<door id="17150026" name="Themepark_Valos_S.Valos_dungeon_doors_v" hp="158250" pdef="644" mdef="518">
		<pos x="-86498" y="-83808" z="-8384"/>
		<shape ax="-86516" ay="-83881" bx="-86487" by="-83881" cx="-86488" cy="-83729" dx="-86514" dy="-83729" minz="-8384" maxz="-8234"/>
		<set name="opened" value="false"/>
		<set name="unlockable" value="false"/>
		<set name="key" value="0"/>
		<set name="show_hp" value="false"/>
		<set name="targetable" value="false"/>
	</door>
	<door id="17150027" name="Themepark_Valos_S.Valos_dungeon_doors_v" hp="158250" pdef="644" mdef="518">
		<pos x="-85310" y="-83808" z="-8384"/>
		<shape ax="-85321" ay="-83875" bx="-85300" by="-83875" cx="-85298" cy="-83736" dx="-85321" dy="-83737" minz="-8384" maxz="-8234"/>
		<set name="opened" value="false"/>
		<set name="unlockable" value="false"/>
		<set name="key" value="0"/>
		<set name="show_hp" value="false"/>
		<set name="open_time" value="20"/>
		<set name="random_time" value="10"/>
		<set name="close_time" value="15"/>
		<set name="targetable" value="false"/>
	</door>
	<door id="17150028" name="Themepark_Valos_S.Valos_dungeon_doors_v" hp="158250" pdef="644" mdef="518">
		<pos x="-84498" y="-83808" z="-8384"/>
		<shape ax="-84516" ay="-83881" bx="-84487" by="-83881" cx="-84488" cy="-83729" dx="-84514" dy="-83729" minz="-8384" maxz="-8234"/>
		<set name="opened" value="false"/>
		<set name="unlockable" value="false"/>
		<set name="key" value="0"/>
		<set name="show_hp" value="false"/>
		<set name="targetable" value="false"/>
		<set name="master_door" value="17150027"/>
	</door>
	<door id="17150029" name="Themepark_Valos_S.Valos_dungeon_doors_v" hp="158250" pdef="644" mdef="518">
		<pos x="-83310" y="-83808" z="-8384"/>
		<shape ax="-83321" ay="-83875" bx="-83300" by="-83875" cx="-83298" cy="-83736" dx="-83321" dy="-83737" minz="-8384" maxz="-8234"/>
		<set name="opened" value="false"/>
		<set name="unlockable" value="false"/>
		<set name="key" value="0"/>
		<set name="show_hp" value="false"/>
		<set name="open_time" value="10"/>
		<set name="random_time" value="5"/>
		<set name="close_time" value="15"/>
		<set name="targetable" value="false"/>
	</door>
	<door id="17150030" name="Themepark_Valos_S.Valos_dungeon_doors_v" hp="158250" pdef="644" mdef="518">
		<pos x="-82498" y="-83808" z="-8384"/>
		<shape ax="-82516" ay="-83881" bx="-82487" by="-83881" cx="-82488" cy="-83729" dx="-82514" dy="-83729" minz="-8384" maxz="-8234"/>
		<set name="opened" value="false"/>
		<set name="unlockable" value="false"/>
		<set name="key" value="0"/>
		<set name="show_hp" value="false"/>
		<set name="targetable" value="false"/>
		<set name="master_door" value="17150029"/>
	</door>
	<door id="17150031" name="Themepark_Valos_S.Valos_dungeon_doors_v" hp="158250" pdef="644" mdef="518">
		<pos x="-81310" y="-83808" z="-8384"/>
		<shape ax="-81321" ay="-83875" bx="-81300" by="-83875" cx="-81298" cy="-83736" dx="-81321" dy="-83737" minz="-8384" maxz="-8234"/>
		<set name="opened" value="false"/>
		<set name="unlockable" value="false"/>
		<set name="key" value="0"/>
		<set name="show_hp" value="false"/>
		<set name="open_time" value="25"/>
		<set name="random_time" value="10"/>
		<set name="close_time" value="15"/>
		<set name="targetable" value="false"/>
	</door>
	<door id="17150032" name="Themepark_Valos_S.Valos_dungeon_doors_v" hp="158250" pdef="644" mdef="518">
		<pos x="-80498" y="-83808" z="-8384"/>
		<shape ax="-80516" ay="-83881" bx="-80487" by="-83881" cx="-80488" cy="-83729" dx="-80514" dy="-83729" minz="-8384" maxz="-8234"/>
		<set name="opened" value="false"/>
		<set name="unlockable" value="false"/>
		<set name="key" value="0"/>
		<set name="show_hp" value="false"/>
		<set name="targetable" value="false"/>
		<set name="master_door" value="17150031"/>
	</door>
	<door id="17150033" name="Themepark_Valos_S.Valos_dungeon_doors_v" hp="158250" pdef="644" mdef="518">
		<pos x="-79310" y="-83808" z="-8384"/>
		<shape ax="-79321" ay="-83875" bx="-79300" by="-83875" cx="-79298" cy="-83736" dx="-79321" dy="-83737" minz="-8384" maxz="-8234"/>
		<set name="opened" value="false"/>
		<set name="unlockable" value="false"/>
		<set name="key" value="0"/>
		<set name="show_hp" value="false"/>
		<set name="open_time" value="15"/>
		<set name="random_time" value="10"/>
		<set name="close_time" value="15"/>
		<set name="targetable" value="false"/>
	</door>
	<door id="17150034" name="Themepark_Valos_S.Valos_dungeon_doors_v" hp="158250" pdef="644" mdef="518">
		<pos x="-78498" y="-83808" z="-8384"/>
		<shape ax="-78516" ay="-83881" bx="-78487" by="-83881" cx="-78488" cy="-83729" dx="-78514" dy="-83729" minz="-8384" maxz="-8234"/>
		<set name="opened" value="false"/>
		<set name="unlockable" value="false"/>
		<set name="key" value="0"/>
		<set name="show_hp" value="false"/>
		<set name="targetable" value="false"/>
		<set name="master_door" value="17150033"/>
	</door>
	<door id="17150035" name="Themepark_Valos_S.Valos_dungeon_doors_v" hp="158250" pdef="644" mdef="518">
		<pos x="-77310" y="-83808" z="-8384"/>
		<shape ax="-77321" ay="-83875" bx="-77300" by="-83875" cx="-77298" cy="-83736" dx="-77321" dy="-83737" minz="-8384" maxz="-8234"/>
		<set name="opened" value="false"/>
		<set name="unlockable" value="false"/>
		<set name="key" value="0"/>
		<set name="show_hp" value="false"/>
		<set name="targetable" value="false"/>
	</door>
	<door id="17150036" name="Themepark_Valos_S.Valos_dungeon_doors" hp="158250" pdef="644" mdef="518">
		<pos x="-85904" y="-83214" z="-8384"/>
		<shape ax="-85967" ay="-83227" bx="-85841" by="-83227" cx="-85840" cy="-83199" dx="-85967" dy="-83200" minz="-8384" maxz="-8234"/>
		<set name="opened" value="false"/>
		<set name="unlockable" value="false"/>
		<set name="key" value="0"/>
		<set name="show_hp" value="false"/>
		<set name="open_time" value="30"/>
		<set name="random_time" value="10"/>
		<set name="close_time" value="15"/>
		<set name="targetable" value="false"/>
	</door>
	<door id="17150037" name="Themepark_Valos_S.Valos_dungeon_doors" hp="158250" pdef="644" mdef="518">
		<pos x="-83904" y="-83214" z="-8384"/>
		<shape ax="-83967" ay="-83227" bx="-83841" by="-83227" cx="-83840" cy="-83199" dx="-83967" dy="-83200" minz="-8384" maxz="-8234"/>
		<set name="opened" value="false"/>
		<set name="unlockable" value="false"/>
		<set name="key" value="0"/>
		<set name="show_hp" value="false"/>
		<set name="open_time" value="15"/>
		<set name="random_time" value="10"/>
		<set name="close_time" value="15"/>
		<set name="targetable" value="false"/>
	</door>
	<door id="17150038" name="Themepark_Valos_S.Valos_dungeon_doors" hp="158250" pdef="644" mdef="518">
		<pos x="-81904" y="-83214" z="-8384"/>
		<shape ax="-81967" ay="-83227" bx="-81841" by="-83227" cx="-81840" cy="-83199" dx="-81967" dy="-83200" minz="-8384" maxz="-8234"/>
		<set name="opened" value="false"/>
		<set name="unlockable" value="false"/>
		<set name="key" value="0"/>
		<set name="show_hp" value="false"/>
		<set name="open_time" value="20"/>
		<set name="random_time" value="10"/>
		<set name="close_time" value="15"/>
		<set name="targetable" value="false"/>
	</door>
	<door id="17150039" name="Themepark_Valos_S.Valos_dungeon_doors" hp="158250" pdef="644" mdef="518">
		<pos x="-79904" y="-83214" z="-8384"/>
		<shape ax="-79967" ay="-83227" bx="-79841" by="-83227" cx="-79840" cy="-83199" dx="-79967" dy="-83200" minz="-8384" maxz="-8234"/>
		<set name="opened" value="false"/>
		<set name="unlockable" value="false"/>
		<set name="key" value="0"/>
		<set name="show_hp" value="false"/>
		<set name="open_time" value="10"/>
		<set name="random_time" value="10"/>
		<set name="close_time" value="15"/>
		<set name="targetable" value="false"/>
	</door>
	<door id="17150040" name="Themepark_Valos_S.Valos_dungeon_doors" hp="158250" pdef="644" mdef="518">
		<pos x="-77904" y="-83214" z="-8384"/>
		<shape ax="-77967" ay="-83227" bx="-77841" by="-83227" cx="-77840" cy="-83199" dx="-77967" dy="-83200" minz="-8384" maxz="-8234"/>
		<set name="opened" value="false"/>
		<set name="unlockable" value="false"/>
		<set name="key" value="0"/>
		<set name="show_hp" value="false"/>
		<set name="open_time" value="25"/>
		<set name="random_time" value="10"/>
		<set name="close_time" value="15"/>
		<set name="targetable" value="false"/>
	</door>
	<door id="17150041" name="Themepark_Valos_S.Valos_dungeon_doors" hp="158250" pdef="644" mdef="518">
		<pos x="-85904" y="-82402" z="-8384"/>
		<shape ax="-85983" ay="-82414" bx="-85824" by="-82415" cx="-85824" cy="-82392" dx="-85983" dy="-82392" minz="-8384" maxz="-8234"/>
		<set name="opened" value="false"/>
		<set name="unlockable" value="false"/>
		<set name="key" value="0"/>
		<set name="show_hp" value="false"/>
		<set name="targetable" value="false"/>
		<set name="master_door" value="17150036"/>
	</door>
	<door id="17150042" name="Themepark_Valos_S.Valos_dungeon_doors" hp="158250" pdef="644" mdef="518">
		<pos x="-83904" y="-82402" z="-8384"/>
		<shape ax="-83983" ay="-82414" bx="-83824" by="-82415" cx="-83824" cy="-82392" dx="-83983" dy="-82392" minz="-8384" maxz="-8234"/>
		<set name="opened" value="false"/>
		<set name="unlockable" value="false"/>
		<set name="key" value="0"/>
		<set name="show_hp" value="false"/>
		<set name="targetable" value="false"/>
		<set name="master_door" value="17150037"/>
	</door>
	<door id="17150043" name="Themepark_Valos_S.Valos_dungeon_doors" hp="158250" pdef="644" mdef="518">
		<pos x="-81904" y="-82402" z="-8384"/>
		<shape ax="-81983" ay="-82414" bx="-81824" by="-82415" cx="-81824" cy="-82392" dx="-81983" dy="-82392" minz="-8384" maxz="-8234"/>
		<set name="opened" value="false"/>
		<set name="unlockable" value="false"/>
		<set name="key" value="0"/>
		<set name="show_hp" value="false"/>
		<set name="targetable" value="false"/>
		<set name="master_door" value="17150038"/>
	</door>
	<door id="17150044" name="Themepark_Valos_S.Valos_dungeon_doors" hp="158250" pdef="644" mdef="518">
		<pos x="-79904" y="-82402" z="-8384"/>
		<shape ax="-79983" ay="-82414" bx="-79824" by="-82415" cx="-79824" cy="-82392" dx="-79983" dy="-82392" minz="-8384" maxz="-8234"/>
		<set name="opened" value="false"/>
		<set name="unlockable" value="false"/>
		<set name="key" value="0"/>
		<set name="show_hp" value="false"/>
		<set name="targetable" value="false"/>
		<set name="master_door" value="17150039"/>
	</door>
	<door id="17150045" name="Themepark_Valos_S.Valos_dungeon_doors" hp="158250" pdef="644" mdef="518">
		<pos x="-77904" y="-82402" z="-8384"/>
		<shape ax="-77983" ay="-82414" bx="-77824" by="-82415" cx="-77824" cy="-82392" dx="-77983" dy="-82392" minz="-8384" maxz="-8234"/>
		<set name="opened" value="false"/>
		<set name="unlockable" value="false"/>
		<set name="key" value="0"/>
		<set name="show_hp" value="false"/>
		<set name="targetable" value="false"/>
		<set name="master_door" value="17150040"/>
	</door>
	<door id="17150046" name="Themepark_Valos_S.Valos_dungeon_doors_v" hp="158250" pdef="644" mdef="518">
		<pos x="-86498" y="-81808" z="-8384"/>
		<shape ax="-86508" ay="-81879" bx="-86487" by="-81879" cx="-86488" cy="-81746" dx="-86506" dy="-81744" minz="-8384" maxz="-8234"/>
		<set name="opened" value="false"/>
		<set name="unlockable" value="false"/>
		<set name="key" value="0"/>
		<set name="show_hp" value="false"/>
		<set name="targetable" value="false"/>
	</door>
	<door id="17150047" name="Themepark_Valos_S.Valos_dungeon_doors_v" hp="158250" pdef="644" mdef="518">
		<pos x="-85310" y="-81808" z="-8384"/>
		<shape ax="-85324" ay="-81888" bx="-85298" by="-81888" cx="-85298" cy="-81728" dx="-85323" dy="-81728" minz="-8384" maxz="-8234"/>
		<set name="opened" value="false"/>
		<set name="unlockable" value="false"/>
		<set name="key" value="0"/>
		<set name="show_hp" value="false"/>
		<set name="open_time" value="14"/>
		<set name="random_time" value="10"/>
		<set name="close_time" value="15"/>
		<set name="targetable" value="false"/>
	</door>
	<door id="17150048" name="Themepark_Valos_S.Valos_dungeon_doors_v" hp="158250" pdef="644" mdef="518">
		<pos x="-84498" y="-81808" z="-8384"/>
		<shape ax="-84508" ay="-81879" bx="-84487" by="-81879" cx="-84488" cy="-81746" dx="-84506" dy="-81744" minz="-8384" maxz="-8234"/>
		<set name="opened" value="false"/>
		<set name="unlockable" value="false"/>
		<set name="key" value="0"/>
		<set name="show_hp" value="false"/>
		<set name="targetable" value="false"/>
		<set name="master_door" value="17150047"/>
	</door>
	<door id="17150049" name="Themepark_Valos_S.Valos_dungeon_doors_v" hp="158250" pdef="644" mdef="518">
		<pos x="-83310" y="-81808" z="-8384"/>
		<shape ax="-83324" ay="-81888" bx="-83298" by="-81888" cx="-83298" cy="-81728" dx="-83323" dy="-81728" minz="-8384" maxz="-8234"/>
		<set name="opened" value="false"/>
		<set name="unlockable" value="false"/>
		<set name="key" value="0"/>
		<set name="show_hp" value="false"/>
		<set name="open_time" value="25"/>
		<set name="random_time" value="10"/>
		<set name="close_time" value="15"/>
		<set name="targetable" value="false"/>
	</door>
	<door id="17150050" name="Themepark_Valos_S.Valos_dungeon_doors_v" hp="158250" pdef="644" mdef="518">
		<pos x="-82498" y="-81808" z="-8384"/>
		<shape ax="-82508" ay="-81879" bx="-82487" by="-81879" cx="-82488" cy="-81746" dx="-82506" dy="-81744" minz="-8384" maxz="-8234"/>
		<set name="opened" value="false"/>
		<set name="unlockable" value="false"/>
		<set name="key" value="0"/>
		<set name="show_hp" value="false"/>
		<set name="targetable" value="false"/>
		<set name="master_door" value="17150049"/>
	</door>
	<door id="17150051" name="Themepark_Valos_S.Valos_dungeon_doors_v" hp="158250" pdef="644" mdef="518">
		<pos x="-81310" y="-81808" z="-8384"/>
		<shape ax="-81324" ay="-81888" bx="-81298" by="-81888" cx="-81298" cy="-81728" dx="-81323" dy="-81728" minz="-8384" maxz="-8234"/>
		<set name="opened" value="false"/>
		<set name="unlockable" value="false"/>
		<set name="key" value="0"/>
		<set name="show_hp" value="false"/>
		<set name="open_time" value="23"/>
		<set name="random_time" value="10"/>
		<set name="close_time" value="15"/>
		<set name="targetable" value="false"/>
	</door>
	<door id="17150052" name="Themepark_Valos_S.Valos_dungeon_doors_v" hp="158250" pdef="644" mdef="518">
		<pos x="-80498" y="-81808" z="-8384"/>
		<shape ax="-80508" ay="-81879" bx="-80487" by="-81879" cx="-80488" cy="-81746" dx="-80506" dy="-81744" minz="-8384" maxz="-8234"/>
		<set name="opened" value="false"/>
		<set name="unlockable" value="false"/>
		<set name="key" value="0"/>
		<set name="show_hp" value="false"/>
		<set name="targetable" value="false"/>
		<set name="master_door" value="17150051"/>
	</door>
	<door id="17150053" name="Themepark_Valos_S.Valos_dungeon_doors_v" hp="158250" pdef="644" mdef="518">
		<pos x="-79310" y="-81808" z="-8384"/>
		<shape ax="-79324" ay="-81888" bx="-79298" by="-81888" cx="-79298" cy="-81728" dx="-79323" dy="-81728" minz="-8384" maxz="-8234"/>
		<set name="opened" value="false"/>
		<set name="unlockable" value="false"/>
		<set name="key" value="0"/>
		<set name="show_hp" value="false"/>
		<set name="open_time" value="30"/>
		<set name="random_time" value="10"/>
		<set name="close_time" value="15"/>
		<set name="targetable" value="false"/>
	</door>
	<door id="17150054" name="Themepark_Valos_S.Valos_dungeon_doors_v" hp="158250" pdef="644" mdef="518">
		<pos x="-78498" y="-81808" z="-8384"/>
		<shape ax="-78508" ay="-81879" bx="-78487" by="-81879" cx="-78488" cy="-81746" dx="-78506" dy="-81744" minz="-8384" maxz="-8234"/>
		<set name="opened" value="false"/>
		<set name="unlockable" value="false"/>
		<set name="key" value="0"/>
		<set name="show_hp" value="false"/>
		<set name="targetable" value="false"/>
		<set name="master_door" value="17150053"/>
	</door>
	<door id="17150055" name="Themepark_Valos_S.Valos_dungeon_doors_v" hp="158250" pdef="644" mdef="518">
		<pos x="-77310" y="-81808" z="-8384"/>
		<shape ax="-77324" ay="-81888" bx="-77298" by="-81888" cx="-77298" cy="-81728" dx="-77323" dy="-81728" minz="-8384" maxz="-8234"/>
		<set name="opened" value="false"/>
		<set name="unlockable" value="false"/>
		<set name="key" value="0"/>
		<set name="show_hp" value="false"/>
		<set name="targetable" value="false"/>
	</door>
	<door id="17150056" name="Themepark_Valos_S.Valos_dungeon_doors" hp="158250" pdef="644" mdef="518">
		<pos x="-85904" y="-81214" z="-8384"/>
		<shape ax="-85964" ay="-81228" bx="-85841" by="-81229" cx="-85840" cy="-81200" dx="-85968" dy="-81200" minz="-8384" maxz="-8234"/>
		<set name="opened" value="false"/>
		<set name="unlockable" value="false"/>
		<set name="key" value="0"/>
		<set name="show_hp" value="false"/>
		<set name="open_time" value="25"/>
		<set name="random_time" value="10"/>
		<set name="close_time" value="15"/>
		<set name="targetable" value="false"/>
	</door>
	<door id="17150057" name="Themepark_Valos_S.Valos_dungeon_doors" hp="158250" pdef="644" mdef="518">
		<pos x="-83904" y="-81214" z="-8384"/>
		<shape ax="-83964" ay="-81228" bx="-83841" by="-81229" cx="-83840" cy="-81200" dx="-83968" dy="-81200" minz="-8384" maxz="-8234"/>
		<set name="opened" value="false"/>
		<set name="unlockable" value="false"/>
		<set name="key" value="0"/>
		<set name="show_hp" value="false"/>
		<set name="open_time" value="30"/>
		<set name="random_time" value="10"/>
		<set name="close_time" value="15"/>
		<set name="targetable" value="false"/>
	</door>
	<door id="17150058" name="Themepark_Valos_S.Valos_dungeon_doors" hp="158250" pdef="644" mdef="518">
		<pos x="-81904" y="-81214" z="-8384"/>
		<shape ax="-81964" ay="-81228" bx="-81841" by="-81229" cx="-81840" cy="-81200" dx="-81968" dy="-81200" minz="-8384" maxz="-8234"/>
		<set name="opened" value="false"/>
		<set name="unlockable" value="false"/>
		<set name="key" value="0"/>
		<set name="show_hp" value="false"/>
		<set name="open_time" value="18"/>
		<set name="random_time" value="10"/>
		<set name="close_time" value="15"/>
		<set name="targetable" value="false"/>
	</door>
	<door id="17150059" name="Themepark_Valos_S.Valos_dungeon_doors" hp="158250" pdef="644" mdef="518">
		<pos x="-79904" y="-81214" z="-8384"/>
		<shape ax="-79964" ay="-81228" bx="-79841" by="-81229" cx="-79840" cy="-81200" dx="-79968" dy="-81200" minz="-8384" maxz="-8234"/>
		<set name="opened" value="false"/>
		<set name="unlockable" value="false"/>
		<set name="key" value="0"/>
		<set name="show_hp" value="false"/>
		<set name="open_time" value="10"/>
		<set name="random_time" value="5"/>
		<set name="close_time" value="15"/>
		<set name="targetable" value="false"/>
	</door>
	<door id="17150060" name="Themepark_Valos_S.Valos_dungeon_doors" hp="158250" pdef="644" mdef="518">
		<pos x="-77904" y="-81214" z="-8384"/>
		<shape ax="-77964" ay="-81228" bx="-77841" by="-81229" cx="-77840" cy="-81200" dx="-77968" dy="-81200" minz="-8384" maxz="-8234"/>
		<set name="opened" value="false"/>
		<set name="unlockable" value="false"/>
		<set name="key" value="0"/>
		<set name="show_hp" value="false"/>
		<set name="open_time" value="20"/>
		<set name="random_time" value="10"/>
		<set name="close_time" value="15"/>
		<set name="targetable" value="false"/>
	</door>
	<door id="17150061" name="Themepark_Valos_S.Valos_dungeon_doors" hp="158250" pdef="644" mdef="518">
		<pos x="-85904" y="-80402" z="-8384"/>
		<shape ax="-85968" ay="-80413" bx="-85840" by="-80414" cx="-85841" cy="-80389" dx="-85967" dy="-80389" minz="-8384" maxz="-8234"/>
		<set name="opened" value="false"/>
		<set name="unlockable" value="false"/>
		<set name="key" value="0"/>
		<set name="show_hp" value="false"/>
		<set name="targetable" value="false"/>
		<set name="master_door" value="17150056"/>
	</door>
	<door id="17150062" name="Themepark_Valos_S.Valos_dungeon_doors" hp="158250" pdef="644" mdef="518">
		<pos x="-83904" y="-80402" z="-8384"/>
		<shape ax="-83968" ay="-80413" bx="-83840" by="-80414" cx="-83841" cy="-80389" dx="-83967" dy="-80389" minz="-8384" maxz="-8234"/>
		<set name="opened" value="false"/>
		<set name="unlockable" value="false"/>
		<set name="key" value="0"/>
		<set name="show_hp" value="false"/>
		<set name="targetable" value="false"/>
		<set name="master_door" value="17150057"/>
	</door>
	<door id="17150063" name="Themepark_Valos_S.Valos_dungeon_doors" hp="158250" pdef="644" mdef="518">
		<pos x="-81904" y="-80402" z="-8384"/>
		<shape ax="-81968" ay="-80413" bx="-81840" by="-80414" cx="-81841" cy="-80389" dx="-81967" dy="-80389" minz="-8384" maxz="-8234"/>
		<set name="opened" value="false"/>
		<set name="unlockable" value="false"/>
		<set name="key" value="0"/>
		<set name="show_hp" value="false"/>
		<set name="targetable" value="false"/>
		<set name="master_door" value="17150058"/>
	</door>
	<door id="17150064" name="Themepark_Valos_S.Valos_dungeon_doors" hp="158250" pdef="644" mdef="518">
		<pos x="-79904" y="-80402" z="-8384"/>
		<shape ax="-79968" ay="-80413" bx="-79840" by="-80414" cx="-79841" cy="-80389" dx="-79967" dy="-80389" minz="-8384" maxz="-8234"/>
		<set name="opened" value="false"/>
		<set name="unlockable" value="false"/>
		<set name="key" value="0"/>
		<set name="show_hp" value="false"/>
		<set name="targetable" value="false"/>
		<set name="master_door" value="17150059"/>
	</door>
	<door id="17150065" name="Themepark_Valos_S.Valos_dungeon_doors" hp="158250" pdef="644" mdef="518">
		<pos x="-77904" y="-80402" z="-8384"/>
		<shape ax="-77968" ay="-80413" bx="-77840" by="-80414" cx="-77841" cy="-80389" dx="-77967" dy="-80389" minz="-8384" maxz="-8234"/>
		<set name="opened" value="false"/>
		<set name="unlockable" value="false"/>
		<set name="key" value="0"/>
		<set name="show_hp" value="false"/>
		<set name="targetable" value="false"/>
		<set name="master_door" value="17150060"/>
	</door>
	<door id="17150066" name="Themepark_Valos_S.Valos_dungeon_doors_v" hp="158250" pdef="644" mdef="518">
		<pos x="-86498" y="-79808" z="-8384"/>
		<shape ax="-86508" ay="-79869" bx="-86489" by="-79869" cx="-86487" cy="-79745" dx="-86509" dy="-79744" minz="-8384" maxz="-8234"/>
		<set name="opened" value="false"/>
		<set name="unlockable" value="false"/>
		<set name="key" value="0"/>
		<set name="show_hp" value="false"/>
		<set name="targetable" value="false"/>
	</door>
	<door id="17150067" name="Themepark_Valos_S.Valos_dungeon_doors_v" hp="158250" pdef="644" mdef="518">
		<pos x="-85310" y="-79808" z="-8384"/>
		<shape ax="-85319" ay="-79867" bx="-85301" by="-79868" cx="-85301" cy="-79748" dx="-85320" dy="-79747" minz="-8384" maxz="-8234"/>
		<set name="opened" value="false"/>
		<set name="unlockable" value="false"/>
		<set name="key" value="0"/>
		<set name="show_hp" value="false"/>
		<set name="open_time" value="26"/>
		<set name="random_time" value="10"/>
		<set name="close_time" value="15"/>
		<set name="targetable" value="false"/>
	</door>
	<door id="17150068" name="Themepark_Valos_S.Valos_dungeon_doors_v" hp="158250" pdef="644" mdef="518">
		<pos x="-84498" y="-79808" z="-8384"/>
		<shape ax="-84508" ay="-79869" bx="-84489" by="-79869" cx="-84487" cy="-79745" dx="-84509" dy="-79744" minz="-8384" maxz="-8234"/>
		<set name="opened" value="false"/>
		<set name="unlockable" value="false"/>
		<set name="key" value="0"/>
		<set name="show_hp" value="false"/>
		<set name="targetable" value="false"/>
		<set name="master_door" value="17150067"/>
	</door>
	<door id="17150069" name="Themepark_Valos_S.Valos_dungeon_doors_v" hp="158250" pdef="644" mdef="518">
		<pos x="-83310" y="-79808" z="-8384"/>
		<shape ax="-83319" ay="-79867" bx="-83301" by="-79868" cx="-83301" cy="-79748" dx="-83320" dy="-79747" minz="-8384" maxz="-8234"/>
		<set name="opened" value="false"/>
		<set name="unlockable" value="false"/>
		<set name="key" value="0"/>
		<set name="show_hp" value="false"/>
		<set name="open_time" value="10"/>
		<set name="random_time" value="5"/>
		<set name="close_time" value="15"/>
		<set name="targetable" value="false"/>
	</door>
	<door id="17150070" name="Themepark_Valos_S.Valos_dungeon_doors_v" hp="158250" pdef="644" mdef="518">
		<pos x="-82498" y="-79808" z="-8384"/>
		<shape ax="-82508" ay="-79869" bx="-82489" by="-79869" cx="-82487" cy="-79745" dx="-82509" dy="-79744" minz="-8384" maxz="-8234"/>
		<set name="opened" value="false"/>
		<set name="unlockable" value="false"/>
		<set name="key" value="0"/>
		<set name="show_hp" value="false"/>
		<set name="targetable" value="false"/>
		<set name="master_door" value="17150069"/>
	</door>
	<door id="17150071" name="Themepark_Valos_S.Valos_dungeon_doors_v" hp="158250" pdef="644" mdef="518">
		<pos x="-81310" y="-79808" z="-8384"/>
		<shape ax="-81319" ay="-79867" bx="-81301" by="-79868" cx="-81301" cy="-79748" dx="-81320" dy="-79747" minz="-8384" maxz="-8234"/>
		<set name="opened" value="false"/>
		<set name="unlockable" value="false"/>
		<set name="key" value="0"/>
		<set name="show_hp" value="false"/>
		<set name="open_time" value="15"/>
		<set name="random_time" value="10"/>
		<set name="close_time" value="15"/>
		<set name="targetable" value="false"/>
	</door>
	<door id="17150072" name="Themepark_Valos_S.Valos_dungeon_doors_v" hp="158250" pdef="644" mdef="518">
		<pos x="-80498" y="-79808" z="-8384"/>
		<shape ax="-80508" ay="-79869" bx="-80489" by="-79869" cx="-80487" cy="-79745" dx="-80509" dy="-79744" minz="-8384" maxz="-8234"/>
		<set name="opened" value="false"/>
		<set name="unlockable" value="false"/>
		<set name="key" value="0"/>
		<set name="show_hp" value="false"/>
		<set name="targetable" value="false"/>
		<set name="master_door" value="17150071"/>
	</door>
	<door id="17150073" name="Themepark_Valos_S.Valos_dungeon_doors_v" hp="158250" pdef="644" mdef="518">
		<pos x="-79310" y="-79808" z="-8384"/>
		<shape ax="-79319" ay="-79867" bx="-79301" by="-79868" cx="-79301" cy="-79748" dx="-79320" dy="-79747" minz="-8384" maxz="-8234"/>
		<set name="opened" value="false"/>
		<set name="unlockable" value="false"/>
		<set name="key" value="0"/>
		<set name="show_hp" value="false"/>
		<set name="open_time" value="30"/>
		<set name="random_time" value="10"/>
		<set name="close_time" value="15"/>
		<set name="targetable" value="false"/>
	</door>
	<door id="17150074" name="Themepark_Valos_S.Valos_dungeon_doors_v" hp="158250" pdef="644" mdef="518">
		<pos x="-78498" y="-79808" z="-8384"/>
		<shape ax="-78508" ay="-79869" bx="-78489" by="-79869" cx="-78487" cy="-79745" dx="-78509" dy="-79744" minz="-8384" maxz="-8234"/>
		<set name="opened" value="false"/>
		<set name="unlockable" value="false"/>
		<set name="key" value="0"/>
		<set name="show_hp" value="false"/>
		<set name="targetable" value="false"/>
		<set name="master_door" value="17150073"/>
	</door>
	<door id="17150075" name="Themepark_Valos_S.Valos_dungeon_doors_v" hp="158250" pdef="644" mdef="518">
		<pos x="-77310" y="-79808" z="-8384"/>
		<shape ax="-77319" ay="-79867" bx="-77301" by="-79868" cx="-77301" cy="-79748" dx="-77320" dy="-79747" minz="-8384" maxz="-8234"/>
		<set name="opened" value="false"/>
		<set name="unlockable" value="false"/>
		<set name="key" value="0"/>
		<set name="show_hp" value="false"/>
		<set name="targetable" value="false"/>
	</door>
	<door id="17150076" name="Themepark_Valos_S.Valos_dungeon_doors" hp="158250" pdef="644" mdef="518">
		<pos x="-85904" y="-79214" z="-8384"/>
		<shape ax="-85969" ay="-79223" bx="-85841" by="-79223" cx="-85841" cy="-79202" dx="-85969" dy="-79203" minz="-8384" maxz="-8234"/>
		<set name="opened" value="false"/>
		<set name="unlockable" value="false"/>
		<set name="key" value="0"/>
		<set name="show_hp" value="false"/>
		<set name="open_time" value="25"/>
		<set name="random_time" value="10"/>
		<set name="close_time" value="15"/>
		<set name="targetable" value="false"/>
	</door>
	<door id="17150077" name="Themepark_Valos_S.Valos_dungeon_doors" hp="158250" pdef="644" mdef="518">
		<pos x="-83904" y="-79214" z="-8384"/>
		<shape ax="-83969" ay="-79223" bx="-83841" by="-79223" cx="-83841" cy="-79202" dx="-83969" dy="-79203" minz="-8384" maxz="-8234"/>
		<set name="opened" value="false"/>
		<set name="unlockable" value="false"/>
		<set name="key" value="0"/>
		<set name="show_hp" value="false"/>
		<set name="open_time" value="30"/>
		<set name="random_time" value="10"/>
		<set name="close_time" value="15"/>
		<set name="targetable" value="false"/>
	</door>
	<door id="17150078" name="Themepark_Valos_S.Valos_dungeon_doors" hp="158250" pdef="644" mdef="518">
		<pos x="-81904" y="-79214" z="-8384"/>
		<shape ax="-81969" ay="-79223" bx="-81841" by="-79223" cx="-81841" cy="-79202" dx="-81969" dy="-79203" minz="-8384" maxz="-8234"/>
		<set name="opened" value="false"/>
		<set name="unlockable" value="false"/>
		<set name="key" value="0"/>
		<set name="show_hp" value="false"/>
		<set name="open_time" value="18"/>
		<set name="random_time" value="10"/>
		<set name="close_time" value="15"/>
		<set name="targetable" value="false"/>
	</door>
	<door id="17150079" name="Themepark_Valos_S.Valos_dungeon_doors" hp="158250" pdef="644" mdef="518">
		<pos x="-79904" y="-79214" z="-8384"/>
		<shape ax="-79969" ay="-79223" bx="-79841" by="-79223" cx="-79841" cy="-79202" dx="-79969" dy="-79203" minz="-8384" maxz="-8234"/>
		<set name="opened" value="false"/>
		<set name="unlockable" value="false"/>
		<set name="key" value="0"/>
		<set name="show_hp" value="false"/>
		<set name="open_time" value="10"/>
		<set name="random_time" value="5"/>
		<set name="close_time" value="15"/>
		<set name="targetable" value="false"/>
	</door>
	<door id="17150080" name="Themepark_Valos_S.Valos_dungeon_doors" hp="158250" pdef="644" mdef="518">
		<pos x="-77904" y="-79214" z="-8384"/>
		<shape ax="-77969" ay="-79223" bx="-77841" by="-79223" cx="-77841" cy="-79202" dx="-77969" dy="-79203" minz="-8384" maxz="-8234"/>
		<set name="opened" value="false"/>
		<set name="unlockable" value="false"/>
		<set name="key" value="0"/>
		<set name="show_hp" value="false"/>
		<set name="open_time" value="20"/>
		<set name="random_time" value="10"/>
		<set name="close_time" value="15"/>
		<set name="targetable" value="false"/>
	</door>
	<door id="17150081" name="Themepark_Valos_S.Valos_dungeon_doors" hp="158250" pdef="644" mdef="518">
		<pos x="-85904" y="-78402" z="-8384"/>
		<shape ax="-85967" ay="-78413" bx="-85841" by="-78412" cx="-85841" cy="-78391" dx="-85967" dy="-78390" minz="-8384" maxz="-8234"/>
		<set name="opened" value="false"/>
		<set name="unlockable" value="false"/>
		<set name="key" value="0"/>
		<set name="show_hp" value="false"/>
		<set name="targetable" value="false"/>
		<set name="master_door" value="17150076"/>
	</door>
	<door id="17150082" name="Themepark_Valos_S.Valos_dungeon_doors" hp="158250" pdef="644" mdef="518">
		<pos x="-83904" y="-78402" z="-8384"/>
		<shape ax="-83967" ay="-78413" bx="-83841" by="-78412" cx="-83841" cy="-78391" dx="-83967" dy="-78390" minz="-8384" maxz="-8234"/>
		<set name="opened" value="false"/>
		<set name="unlockable" value="false"/>
		<set name="key" value="0"/>
		<set name="show_hp" value="false"/>
		<set name="targetable" value="false"/>
		<set name="master_door" value="17150077"/>
	</door>
	<door id="17150083" name="Themepark_Valos_S.Valos_dungeon_doors" hp="158250" pdef="644" mdef="518">
		<pos x="-81904" y="-78402" z="-8384"/>
		<shape ax="-81967" ay="-78413" bx="-81841" by="-78412" cx="-81841" cy="-78391" dx="-81967" dy="-78390" minz="-8384" maxz="-8234"/>
		<set name="opened" value="false"/>
		<set name="unlockable" value="false"/>
		<set name="key" value="0"/>
		<set name="show_hp" value="false"/>
		<set name="targetable" value="false"/>
		<set name="master_door" value="17150078"/>
	</door>
	<door id="17150084" name="Themepark_Valos_S.Valos_dungeon_doors" hp="158250" pdef="644" mdef="518">
		<pos x="-79904" y="-78402" z="-8384"/>
		<shape ax="-79967" ay="-78413" bx="-79841" by="-78412" cx="-79841" cy="-78391" dx="-79967" dy="-78390" minz="-8384" maxz="-8234"/>
		<set name="opened" value="false"/>
		<set name="unlockable" value="false"/>
		<set name="key" value="0"/>
		<set name="show_hp" value="false"/>
		<set name="targetable" value="false"/>
		<set name="master_door" value="17150079"/>
	</door>
	<door id="17150085" name="Themepark_Valos_S.Valos_dungeon_doors" hp="158250" pdef="644" mdef="518">
		<pos x="-77904" y="-78402" z="-8384"/>
		<shape ax="-77967" ay="-78413" bx="-77841" by="-78412" cx="-77841" cy="-78391" dx="-77967" dy="-78390" minz="-8384" maxz="-8234"/>
		<set name="opened" value="false"/>
		<set name="unlockable" value="false"/>
		<set name="key" value="0"/>
		<set name="show_hp" value="false"/>
		<set name="targetable" value="false"/>
		<set name="master_door" value="17150080"/>
	</door>
	<door id="17150086" name="Themepark_Valos_S.Valos_dungeon_doors_v" hp="158250" pdef="644" mdef="518">
		<pos x="-86498" y="-77808" z="-8384"/>
		<shape ax="-86507" ay="-77868" bx="-86489" by="-77867" cx="-86489" cy="-77749" dx="-86506" dy="-77748" minz="-8384" maxz="-8234"/>
		<set name="opened" value="false"/>
		<set name="unlockable" value="false"/>
		<set name="key" value="0"/>
		<set name="show_hp" value="false"/>
		<set name="targetable" value="false"/>
	</door>
	<door id="17150087" name="Themepark_Valos_S.Valos_dungeon_doors_v" hp="158250" pdef="644" mdef="518">
		<pos x="-85310" y="-77808" z="-8384"/>
		<shape ax="-85320" ay="-77868" bx="-85301" by="-77868" cx="-85301" cy="-77747" dx="-85319" dy="-77747" minz="-8384" maxz="-8234"/>
		<set name="opened" value="false"/>
		<set name="unlockable" value="false"/>
		<set name="key" value="0"/>
		<set name="show_hp" value="false"/>
		<set name="open_time" value="26"/>
		<set name="random_time" value="10"/>
		<set name="close_time" value="15"/>
		<set name="targetable" value="false"/>
	</door>
	<door id="17150088" name="Themepark_Valos_S.Valos_dungeon_doors_v" hp="158250" pdef="644" mdef="518">
		<pos x="-84498" y="-77808" z="-8384"/>
		<shape ax="-84507" ay="-77868" bx="-84489" by="-77867" cx="-84489" cy="-77749" dx="-84506" dy="-77748" minz="-8384" maxz="-8234"/>
		<set name="opened" value="false"/>
		<set name="unlockable" value="false"/>
		<set name="key" value="0"/>
		<set name="show_hp" value="false"/>
		<set name="targetable" value="false"/>
		<set name="master_door" value="17150087"/>
	</door>
	<door id="17150089" name="Themepark_Valos_S.Valos_dungeon_doors_v" hp="158250" pdef="644" mdef="518">
		<pos x="-83310" y="-77808" z="-8384"/>
		<shape ax="-83320" ay="-77868" bx="-83301" by="-77868" cx="-83301" cy="-77747" dx="-83319" dy="-77747" minz="-8384" maxz="-8234"/>
		<set name="opened" value="false"/>
		<set name="unlockable" value="false"/>
		<set name="key" value="0"/>
		<set name="show_hp" value="false"/>
		<set name="open_time" value="10"/>
		<set name="random_time" value="5"/>
		<set name="close_time" value="15"/>
		<set name="targetable" value="false"/>
	</door>
	<door id="17150090" name="Themepark_Valos_S.Valos_dungeon_doors_v" hp="158250" pdef="644" mdef="518">
		<pos x="-82498" y="-77808" z="-8384"/>
		<shape ax="-82507" ay="-77868" bx="-82489" by="-77867" cx="-82489" cy="-77749" dx="-82506" dy="-77748" minz="-8384" maxz="-8234"/>
		<set name="opened" value="false"/>
		<set name="unlockable" value="false"/>
		<set name="key" value="0"/>
		<set name="show_hp" value="false"/>
		<set name="targetable" value="false"/>
		<set name="master_door" value="17150089"/>
	</door>
	<door id="17150091" name="Themepark_Valos_S.Valos_dungeon_doors_v" hp="158250" pdef="644" mdef="518">
		<pos x="-81310" y="-77808" z="-8384"/>
		<shape ax="-81320" ay="-77868" bx="-81301" by="-77868" cx="-81301" cy="-77747" dx="-81319" dy="-77747" minz="-8384" maxz="-8234"/>
		<set name="opened" value="false"/>
		<set name="unlockable" value="false"/>
		<set name="key" value="0"/>
		<set name="show_hp" value="false"/>
		<set name="open_time" value="15"/>
		<set name="random_time" value="10"/>
		<set name="close_time" value="15"/>
		<set name="targetable" value="false"/>
	</door>
	<door id="17150092" name="Themepark_Valos_S.Valos_dungeon_doors_v" hp="158250" pdef="644" mdef="518">
		<pos x="-80498" y="-77808" z="-8384"/>
		<shape ax="-80507" ay="-77868" bx="-80489" by="-77867" cx="-80489" cy="-77749" dx="-80506" dy="-77748" minz="-8384" maxz="-8234"/>
		<set name="opened" value="false"/>
		<set name="unlockable" value="false"/>
		<set name="key" value="0"/>
		<set name="show_hp" value="false"/>
		<set name="targetable" value="false"/>
		<set name="master_door" value="17150091"/>
	</door>
	<door id="17150093" name="Themepark_Valos_S.Valos_dungeon_doors_v" hp="158250" pdef="644" mdef="518">
		<pos x="-79310" y="-77808" z="-8384"/>
		<shape ax="-79320" ay="-77868" bx="-79301" by="-77868" cx="-79301" cy="-77747" dx="-79319" dy="-77747" minz="-8384" maxz="-8234"/>
		<set name="opened" value="false"/>
		<set name="unlockable" value="false"/>
		<set name="key" value="0"/>
		<set name="show_hp" value="false"/>
		<set name="open_time" value="30"/>
		<set name="random_time" value="10"/>
		<set name="close_time" value="15"/>
		<set name="targetable" value="false"/>
	</door>
	<door id="17150094" name="Themepark_Valos_S.Valos_dungeon_doors_v" hp="158250" pdef="644" mdef="518">
		<pos x="-78498" y="-77808" z="-8384"/>
		<shape ax="-78507" ay="-77868" bx="-78489" by="-77867" cx="-78489" cy="-77749" dx="-78506" dy="-77748" minz="-8384" maxz="-8234"/>
		<set name="opened" value="false"/>
		<set name="unlockable" value="false"/>
		<set name="key" value="0"/>
		<set name="show_hp" value="false"/>
		<set name="targetable" value="false"/>
		<set name="master_door" value="17150093"/>
	</door>
	<door id="17150095" name="Themepark_Valos_S.Valos_dungeon_doors_v" hp="158250" pdef="644" mdef="518">
		<pos x="-77310" y="-77808" z="-8384"/>
		<shape ax="-77320" ay="-77868" bx="-77301" by="-77868" cx="-77301" cy="-77747" dx="-77319" dy="-77747" minz="-8384" maxz="-8234"/>
		<set name="opened" value="false"/>
		<set name="unlockable" value="false"/>
		<set name="key" value="0"/>
		<set name="show_hp" value="false"/>
		<set name="targetable" value="false"/>
	</door>
	<door id="17150096" name="Themepark_Valos_S.Valos_dungeon_doors" hp="158250" pdef="644" mdef="518">
		<pos x="-85904" y="-77214" z="-8384"/>
		<shape ax="-85968" ay="-77227" bx="-85841" by="-77229" cx="-85841" cy="-77200" dx="-85967" dy="-77200" minz="-8384" maxz="-8234"/>
		<set name="opened" value="false"/>
		<set name="unlockable" value="false"/>
		<set name="key" value="0"/>
		<set name="show_hp" value="false"/>
		<set name="targetable" value="false"/>
	</door>
	<door id="17150097" name="Themepark_Valos_S.Valos_dungeon_doors" hp="158250" pdef="644" mdef="518">
		<pos x="-83904" y="-77214" z="-8384"/>
		<shape ax="-83968" ay="-77227" bx="-83841" by="-77229" cx="-83841" cy="-77200" dx="-83967" dy="-77200" minz="-8384" maxz="-8234"/>
		<set name="opened" value="false"/>
		<set name="unlockable" value="false"/>
		<set name="key" value="0"/>
		<set name="show_hp" value="false"/>
		<set name="targetable" value="false"/>
	</door>
	<door id="17150098" name="Themepark_Valos_S.Valos_dungeon_doors" hp="158250" pdef="644" mdef="518">
		<pos x="-81904" y="-77214" z="-8384"/>
		<shape ax="-81968" ay="-77227" bx="-81841" by="-77229" cx="-81841" cy="-77200" dx="-81967" dy="-77200" minz="-8384" maxz="-8234"/>
		<set name="opened" value="false"/>
		<set name="unlockable" value="false"/>
		<set name="key" value="0"/>
		<set name="show_hp" value="false"/>
		<set name="targetable" value="false"/>
	</door>
	<door id="17150099" name="Themepark_Valos_S.Valos_dungeon_doors" hp="158250" pdef="644" mdef="518">
		<pos x="-79904" y="-77214" z="-8384"/>
		<shape ax="-79968" ay="-77227" bx="-79841" by="-77229" cx="-79841" cy="-77200" dx="-79967" dy="-77200" minz="-8384" maxz="-8234"/>
		<set name="opened" value="false"/>
		<set name="unlockable" value="false"/>
		<set name="key" value="0"/>
		<set name="show_hp" value="false"/>
		<set name="targetable" value="false"/>
	</door>
	<door id="17150100" name="Themepark_Valos_S.Valos_dungeon_doors" hp="158250" pdef="644" mdef="518">
		<pos x="-77904" y="-77214" z="-8384"/>
		<shape ax="-77968" ay="-77227" bx="-77841" by="-77229" cx="-77841" cy="-77200" dx="-77967" dy="-77200" minz="-8384" maxz="-8234"/>
		<set name="opened" value="false"/>
		<set name="unlockable" value="false"/>
		<set name="key" value="0"/>
		<set name="show_hp" value="false"/>
		<set name="targetable" value="false"/>
	</door>
	<door id="17150101" name="Themepark_Valos_S.Valos_dungeon_doors" hp="158250" pdef="644" mdef="518">
		<pos x="-87036" y="-82398" z="-8384"/>
		<shape ax="-87093" ay="-82405" bx="-86979" by="-82405" cx="-86979" cy="-82391" dx="-87093" dy="-82389" minz="-8384" maxz="-8234"/>
		<set name="opened" value="false"/>
		<set name="unlockable" value="false"/>
		<set name="key" value="0"/>
		<set name="show_hp" value="false"/>
		<set name="targetable" value="false"/>
	</door>
	<door id="17150102" name="Themepark_Valos_S.Valos_dungeon_doors_v" hp="158250" pdef="644" mdef="518">
		<pos x="-86545" y="-81808" z="-8384"/>
		<shape ax="-86559" ay="-81877" bx="-86532" by="-81877" cx="-86533" cy="-81736" dx="-86557" dy="-81736" minz="-8384" maxz="-8234"/>
		<set name="opened" value="false"/>
		<set name="unlockable" value="false"/>
		<set name="key" value="0"/>
		<set name="show_hp" value="false"/>
		<set name="targetable" value="false"/>
	</door>
	<door id="17150103" name="Themepark_Valos_S.Valos_dungeon_doors" hp="158250" pdef="644" mdef="518">
		<pos x="-87036" y="-81218" z="-8384"/>
		<shape ax="-87095" ay="-81226" bx="-86976" by="-81226" cx="-86976" cy="-81208" dx="-87095" dy="-81209" minz="-8384" maxz="-8234"/>
		<set name="opened" value="false"/>
		<set name="unlockable" value="false"/>
		<set name="key" value="0"/>
		<set name="show_hp" value="false"/>
		<set name="targetable" value="false"/>
	</door>
</list>
