<?xml version="1.0" encoding="UTF-8"?><!DOCTYPE list SYSTEM "doors.dtd">

<list>
	<door id="17130045" name="frintessa_new_door_251" hp="158250" pdef="644" mdef="518">
		<pos x="-87953" y="-148635" z="-9025"/>
		<shape ax="-88131" ay="-148691" bx="-87775" by="-148692" cx="-87776" cy="-148630" dx="-88131" dy="-148630" minz="-9217" maxz="-9067"/>
		<set name="opened" value="false"/>
		<set name="unlockable" value="false"/>
		<set name="key" value="0"/>
		<set name="show_hp" value="false"/>
	</door>
	<door id="17130051" name="frintessa_new_door_101" hp="158250" pdef="644" mdef="518">
		<pos x="-88883" y="-141304" z="-8948"/>
		<shape ax="-88956" ay="-141735" bx="-88797" by="-141735" cx="-88801" cy="-140873" dx="-88960" dy="-140873" minz="-9229" maxz="-9079"/>
		<set name="opened" value="false"/>
		<set name="unlockable" value="false"/>
		<set name="key" value="0"/>
		<set name="show_hp" value="false"/>
	</door>
	<door id="17130046" name="frintessa_new_door_351" hp="158250" pdef="644" mdef="518">
		<pos x="-87779" y="-151317" z="-8987"/>
		<shape ax="-88018" ay="-151360" bx="-87541" by="-151360" cx="-87541" cy="-151271" dx="-88018" dy="-151272" minz="-9216" maxz="-9066"/>
		<set name="opened" value="false"/>
		<set name="unlockable" value="false"/>
		<set name="key" value="0"/>
		<set name="show_hp" value="false"/>
	</door>
	<door id="17130043" name="frintessa_new_door_252" hp="158250" pdef="644" mdef="518">
		<pos x="-87953" y="-145483" z="-9032"/>
		<shape ax="-88131" ay="-145539" bx="-87775" by="-145540" cx="-87776" cy="-145478" dx="-88131" dy="-145478" minz="-9224" maxz="-9074"/>
		<set name="opened" value="false"/>
		<set name="unlockable" value="false"/>
		<set name="key" value="0"/>
		<set name="show_hp" value="false"/>
	</door>
	<door id="17130042" name="frintessa_new_door_151" hp="158250" pdef="644" mdef="518">
		<pos x="-87952" y="-142871" z="-9032"/>
		<shape ax="-88130" ay="-142927" bx="-87774" by="-142928" cx="-87775" cy="-142866" dx="-88130" dy="-142866" minz="-9224" maxz="-9074"/>
		<set name="opened" value="false"/>
		<set name="unlockable" value="false"/>
		<set name="key" value="0"/>
		<set name="show_hp" value="false"/>
	</door>
	<door id="17130052" name="frintessa_new_door_102" hp="158250" pdef="644" mdef="518">
		<pos x="-88614" y="-142001" z="-8948"/>
		<shape ax="-88367" ay="-142340" bx="-88303" by="-142215" cx="-88818" cy="-141691" dx="-88965" dy="-141763" minz="-9229" maxz="-9079"/>
		<set name="opened" value="false"/>
		<set name="unlockable" value="false"/>
		<set name="key" value="0"/>
		<set name="show_hp" value="false"/>
	</door>
	<door id="17130053" name="frintessa_new_door_103" hp="158250" pdef="644" mdef="518">
		<pos x="-87916" y="-142287" z="-8948"/>
		<shape ax="-87484" ay="-142341" bx="-87532" by="-142229" cx="-88289" cy="-142221" dx="-88344" dy="-142343" minz="-9229" maxz="-9079"/>
		<set name="opened" value="false"/>
		<set name="unlockable" value="false"/>
		<set name="key" value="0"/>
		<set name="show_hp" value="false"/>
	</door>
	<door id="17130054" name="frintessa_new_door_104" hp="158250" pdef="644" mdef="518">
		<pos x="-87224" y="-142010" z="-8948"/>
		<shape ax="-86886" ay="-141725" bx="-86993" by="-141703" cx="-87541" cy="-142236" dx="-87484" dy="-142353" minz="-9229" maxz="-9079"/>
		<set name="opened" value="false"/>
		<set name="unlockable" value="false"/>
		<set name="key" value="0"/>
		<set name="show_hp" value="false"/>
	</door>
	<door id="17130055" name="frintessa_new_door_105" hp="158250" pdef="644" mdef="518">
		<pos x="-86940" y="-141317" z="-8948"/>
		<shape ax="-86882" ay="-140888" bx="-87004" by="-140934" cx="-86997" cy="-141703" dx="-86883" dy="-141744" minz="-9229" maxz="-9079"/>
		<set name="opened" value="false"/>
		<set name="unlockable" value="false"/>
		<set name="key" value="0"/>
		<set name="show_hp" value="false"/>
	</door>
	<door id="17130056" name="frintessa_new_door_106" hp="158250" pdef="644" mdef="518">
		<pos x="-87211" y="-140616" z="-8948"/>
		<shape ax="-87478" ay="-140277" bx="-87524" by="-140390" cx="-86986" cy="-140934" dx="-86868" dy="-140881" minz="-9229" maxz="-9079"/>
		<set name="opened" value="false"/>
		<set name="unlockable" value="false"/>
		<set name="key" value="0"/>
		<set name="show_hp" value="false"/>
	</door>
	<door id="17130057" name="frintessa_new_door_107" hp="158250" pdef="644" mdef="518">
		<pos x="-87908" y="-140336" z="-8948"/>
		<shape ax="-88343" ay="-140276" bx="-88297" by="-140400" cx="-87523" cy="-140405" dx="-87468" dy="-140268" minz="-9229" maxz="-9079"/>
		<set name="opened" value="false"/>
		<set name="unlockable" value="false"/>
		<set name="key" value="0"/>
		<set name="show_hp" value="false"/>
	</door>
	<door id="17130058" name="frintessa_new_door_108" hp="158250" pdef="644" mdef="518">
		<pos x="-88600" y="-140606" z="-8948"/>
		<shape ax="-88944" ay="-140865" bx="-88825" by="-140929" cx="-88280" cy="-140383" dx="-88335" dy="-140264" minz="-9229" maxz="-9079"/>
		<set name="opened" value="false"/>
		<set name="unlockable" value="false"/>
		<set name="key" value="0"/>
		<set name="show_hp" value="false"/>
	</door>
	<door id="17130068" name="frintessa_new_door_208" hp="158250" pdef="644" mdef="518">
		<pos x="-88640" y="-147056" z="-8941"/>
		<shape ax="-88708" ay="-147475" bx="-88567" by="-147470" cx="-88573" cy="-146668" dx="-88704" dy="-146667" minz="-9224" maxz="-9074"/>
		<set name="opened" value="false"/>
		<set name="unlockable" value="false"/>
		<set name="key" value="0"/>
		<set name="show_hp" value="false"/>
	</door>
	<door id="17130069" name="frintessa_new_door_209" hp="158250" pdef="644" mdef="518">
		<pos x="-88515" y="-147777" z="-8955"/>
		<shape ax="-88428" ay="-148054" bx="-88315" by="-148014" cx="-88570" cy="-147451" dx="-88708" dy="-147459" minz="-9221" maxz="-9071"/>
		<set name="opened" value="false"/>
		<set name="unlockable" value="false"/>
		<set name="key" value="0"/>
		<set name="show_hp" value="false"/>
	</door>
	<door id="17130070" name="frintessa_new_door_210" hp="158250" pdef="644" mdef="518">
		<pos x="-88382" y="-148298" z="-8955"/>
		<shape ax="-88442" ay="-148547" bx="-88329" by="-148544" cx="-88325" cy="-148044" dx="-88438" dy="-148047" minz="-9224" maxz="-9074"/>
		<set name="opened" value="false"/>
		<set name="unlockable" value="false"/>
		<set name="key" value="0"/>
		<set name="show_hp" value="false"/>
	</door>
	<door id="17130066" name="frintessa_new_door_206" hp="158250" pdef="644" mdef="518">
		<pos x="-88381" y="-145832" z="-8955"/>
		<shape ax="-88435" ay="-146085" bx="-88326" by="-146087" cx="-88325" cy="-145577" dx="-88433" dy="-145577" minz="-9223" maxz="-9073"/>
		<set name="opened" value="false"/>
		<set name="unlockable" value="false"/>
		<set name="key" value="0"/>
		<set name="show_hp" value="false"/>
	</door>
	<door id="17130067" name="frintessa_new_door_207" hp="158250" pdef="644" mdef="518">
		<pos x="-88505" y="-146336" z="-8955"/>
		<shape ax="-88696" ay="-146636" bx="-88582" by="-146700" cx="-88308" cy="-146082" dx="-88431" dy="-146047" minz="-9232" maxz="-9082"/>
		<set name="opened" value="false"/>
		<set name="unlockable" value="false"/>
		<set name="key" value="0"/>
		<set name="show_hp" value="false"/>
	</door>
	<door id="17130063" name="frintessa_new_door_203" hp="158250" pdef="644" mdef="518">
		<pos x="-87251" y="-147073" z="-8941"/>
		<shape ax="-87315" ay="-147453" bx="-87187" by="-147499" cx="-87184" cy="-146658" dx="-87307" dy="-146712" minz="-9223" maxz="-9073"/>
		<set name="opened" value="false"/>
		<set name="unlockable" value="false"/>
		<set name="key" value="0"/>
		<set name="show_hp" value="false"/>
	</door>
	<door id="17130064" name="frintessa_new_door_204" hp="158250" pdef="644" mdef="518">
		<pos x="-87375" y="-146352" z="-8955"/>
		<shape ax="-87300" ay="-146721" bx="-87169" by="-146660" cx="-87456" cy="-146049" dx="-87574" dy="-146104" minz="-9222" maxz="-9072"/>
		<set name="opened" value="false"/>
		<set name="unlockable" value="false"/>
		<set name="key" value="0"/>
		<set name="show_hp" value="false"/>
	</door>
	<door id="17130065" name="frintessa_new_door_205" hp="158250" pdef="644" mdef="518">
		<pos x="-87509" y="-145832" z="-8955"/>
		<shape ax="-87564" ay="-146090" bx="-87448" by="-146101" cx="-87449" cy="-145587" dx="-87567" dy="-145584" minz="-9223" maxz="-9073"/>
		<set name="opened" value="false"/>
		<set name="unlockable" value="false"/>
		<set name="key" value="0"/>
		<set name="show_hp" value="false"/>
	</door>
	<door id="17130061" name="frintessa_new_door_201" hp="158250" pdef="644" mdef="518">
		<pos x="-87509" y="-148298" z="-8955"/>
		<shape ax="-87568" ay="-148546" bx="-87454" by="-148540" cx="-87451" cy="-148038" dx="-87567" dy="-148032" minz="-9223" maxz="-9073"/>
		<set name="opened" value="false"/>
		<set name="unlockable" value="false"/>
		<set name="key" value="0"/>
		<set name="show_hp" value="false"/>
	</door>
	<door id="17130062" name="frintessa_new_door_202" hp="158250" pdef="644" mdef="518">
		<pos x="-87385" y="-147793" z="-8955"/>
		<shape ax="-87593" ay="-148046" bx="-87171" by="-147480" cx="-87472" cy="-148098" dx="-87313" dy="-147423" minz="-9221" maxz="-9071"/>
		<set name="opened" value="false"/>
		<set name="unlockable" value="false"/>
		<set name="key" value="0"/>
		<set name="show_hp" value="false"/>
	</door>
</list>
