<?xml version="1.0" encoding="UTF-8"?><!DOCTYPE list SYSTEM "doors.dtd">

<list>
	<door id="17240001" name="SecretOracleofDawnGate" hp="158250" pdef="644" mdef="518">
		<pos x="-75606" y="213414" z="-7154"/>
		<shape ax="-75615" ay="213331" bx="-75598" by="213330" cx="-75598" cy="213496" dx="-75615" dy="213496" minz="-7154" maxz="-7004"/>
		<set name="opened" value="false"/>
		<set name="unlockable" value="false"/>
		<set name="key" value="0"/>
		<set name="show_hp" value="false"/>
	</door>
	<door id="17240002" name="SecretOracleofDawnGate" hp="158250" pdef="644" mdef="518">
		<pos x="-75606" y="213414" z="-7154"/>
		<shape ax="-75614" ay="213335" bx="-75598" by="213335" cx="-75598" cy="213493" dx="-75615" dy="213495" minz="-7025" maxz="-6875"/>
		<set name="opened" value="false"/>
		<set name="unlockable" value="false"/>
		<set name="key" value="0"/>
		<set name="show_hp" value="false"/>
	</door>
	<door id="17240003" name="SecretOracleofDawnGate" hp="158250" pdef="644" mdef="518">
		<pos x="-78455" y="205854" z="-7920"/>
		<shape ax="-78465" ay="205770" bx="-78446" by="205770" cx="-78446" cy="205939" dx="-78465" dy="205939" minz="-7921" maxz="-7771"/>
		<set name="opened" value="false"/>
		<set name="unlockable" value="false"/>
		<set name="key" value="0"/>
		<set name="show_hp" value="false"/>
	</door>
	<door id="17240004" name="SecretOracleofDawnGate" hp="158250" pdef="644" mdef="518">
		<pos x="-78455" y="205854" z="-7920"/>
		<shape ax="-78465" ay="205771" bx="-78445" by="205772" cx="-78447" cy="205939" dx="-78465" dy="205939" minz="-7791" maxz="-7641"/>
		<set name="opened" value="false"/>
		<set name="unlockable" value="false"/>
		<set name="key" value="0"/>
		<set name="show_hp" value="false"/>
	</door>
	<door id="17240005" name="SecretOracleofDawnGate" hp="158250" pdef="644" mdef="518">
		<pos x="-80257" y="205857" z="-7920"/>
		<shape ax="-80264" ay="205774" bx="-80248" by="205774" cx="-80248" cy="205939" dx="-80264" dy="205939" minz="-7923" maxz="-7773"/>
		<set name="opened" value="false"/>
		<set name="unlockable" value="false"/>
		<set name="key" value="0"/>
		<set name="show_hp" value="false"/>
	</door>
	<door id="17240006" name="SecretOracleofDawnGate" hp="158250" pdef="644" mdef="518">
		<pos x="-80257" y="205857" z="-7920"/>
		<shape ax="-80265" ay="205775" bx="-80248" by="205775" cx="-80246" cy="205939" dx="-80265" dy="205939" minz="-7791" maxz="-7641"/>
		<set name="opened" value="false"/>
		<set name="unlockable" value="false"/>
		<set name="key" value="0"/>
		<set name="show_hp" value="false"/>
	</door>
	<door id="17240101" name="SSQ_dungeon02" hp="158250" pdef="644" mdef="518">
		<pos x="-89560" y="217515" z="-7520"/>
		<shape ax="-89702" ay="217498" bx="-89418" by="217498" cx="-89421" cy="217533" dx="-89701" dy="217534" minz="-7523" maxz="-7373"/>
		<set name="opened" value="false"/>
		<set name="unlockable" value="false"/>
		<set name="key" value="0"/>
		<set name="show_hp" value="false"/>
	</door>
	<door id="17240102" name="SSQ_dungeon02" hp="158250" pdef="644" mdef="518">
		<pos x="-89048" y="218315" z="-7520"/>
		<shape ax="-89192" ay="218298" bx="-88906" by="218295" cx="-88909" cy="218333" dx="-89189" dy="218334" minz="-7523" maxz="-7373"/>
		<set name="ai" value="SSQDoor"/>
		<set name="opened" value="false"/>
		<set name="unlockable" value="false"/>
		<set name="key" value="0"/>
		<set name="show_hp" value="false"/>
	</door>
	<door id="17240104" name="SSQ_dungeon02" hp="158250" pdef="644" mdef="518">
		<pos x="-88599" y="219493" z="-7520"/>
		<shape ax="-88743" ay="219475" bx="-88460" by="219475" cx="-88460" cy="219511" dx="-88740" dy="219512" minz="-7523" maxz="-7373"/>
		<set name="ai" value="SSQDoor"/>
		<set name="opened" value="false"/>
		<set name="unlockable" value="false"/>
		<set name="key" value="0"/>
		<set name="show_hp" value="false"/>
	</door>
	<door id="17240105" name="SSQ_dungeon02" hp="158250" pdef="644" mdef="518">
		<pos x="-87288" y="220237" z="-7520"/>
		<shape ax="-87429" ay="220219" bx="-87146" by="220222" cx="-87145" cy="220254" dx="-87429" dy="220256" minz="-7523" maxz="-7373"/>
		<set name="opened" value="false"/>
		<set name="unlockable" value="false"/>
		<set name="key" value="0"/>
		<set name="show_hp" value="false"/>
	</door>
	<door id="17240110" name="SSQ_dungeon02" hp="158250" pdef="644" mdef="518">
		<pos x="-87448" y="216507" z="-7520"/>
		<shape ax="-87591" ay="216489" bx="-87303" by="216489" cx="-87300" cy="216527" dx="-87589" dy="216526" minz="-7523" maxz="-7373"/>
		<set name="ai" value="SSQDoor"/>
		<set name="opened" value="false"/>
		<set name="unlockable" value="false"/>
		<set name="key" value="0"/>
		<set name="show_hp" value="false"/>
	</door>
	<door id="17240108" name="SSQ_dungeon02" hp="158250" pdef="644" mdef="518">
		<pos x="-85464" y="218832" z="-7520"/>
		<shape ax="-85606" ay="218816" bx="-85323" by="218812" cx="-85325" cy="218850" dx="-85605" dy="218851" minz="-7523" maxz="-7373"/>
		<set name="ai" value="SSQDoor"/>
		<set name="opened" value="false"/>
		<set name="unlockable" value="false"/>
		<set name="key" value="0"/>
		<set name="show_hp" value="false"/>
	</door>
	<door id="17240107" name="SSQ_dungeon02" hp="158250" pdef="644" mdef="518">
		<pos x="-84952" y="219629" z="-7520"/>
		<shape ax="-85092" ay="219612" bx="-84811" by="219611" cx="-84813" cy="219647" dx="-85093" dy="219648" minz="-7523" maxz="-7373"/>
		<set name="opened" value="false"/>
		<set name="unlockable" value="false"/>
		<set name="key" value="0"/>
		<set name="show_hp" value="false"/>
	</door>
	<door id="17240103" name="SSQ_dungeon02" hp="158250" pdef="644" mdef="518">
		<pos x="-88998" y="220637" z="-7520"/>
		<shape ax="-89014" ay="220782" bx="-89021" by="220495" cx="-88978" cy="220494" dx="-88981" dy="220781" minz="-7523" maxz="-7373"/>
		<set name="opened" value="false"/>
		<set name="unlockable" value="false"/>
		<set name="key" value="0"/>
		<set name="show_hp" value="false"/>
	</door>
	<door id="17240106" name="SSQ_dungeon02" hp="158250" pdef="644" mdef="518">
		<pos x="-86400" y="220639" z="-7520"/>
		<shape ax="-86416" ay="220784" bx="-86423" by="220497" cx="-86380" cy="220496" dx="-86383" dy="220783" minz="-7523" maxz="-7373"/>
		<set name="ai" value="SSQDoor"/>
		<set name="opened" value="false"/>
		<set name="unlockable" value="false"/>
		<set name="key" value="0"/>
		<set name="show_hp" value="false"/>
	</door>
	<door id="17240109" name="SSQ_dungeon02" hp="158250" pdef="644" mdef="518">
		<pos x="-86839" y="217406" z="-7520"/>
		<shape ax="-86823" ay="217260" bx="-86822" by="217552" cx="-86859" cy="217551" dx="-86855" dy="217261" minz="-7523" maxz="-7373"/>
		<set name="opened" value="false"/>
		<set name="unlockable" value="false"/>
		<set name="key" value="0"/>
		<set name="show_hp" value="false"/>
	</door>
	<door id="17240111" name="SSQ_dungeon02" hp="158250" pdef="644" mdef="518">
		<pos x="-84189" y="216028" z="-7520"/>
		<shape ax="-84173" ay="215882" bx="-84172" by="216174" cx="-84209" cy="216173" dx="-84205" dy="215883" minz="-7523" maxz="-7373"/>
		<set name="opened" value="false"/>
		<set name="unlockable" value="false"/>
		<set name="key" value="0"/>
		<set name="show_hp" value="false"/>
	</door>
</list>
