<?xml version="1.0" encoding="UTF-8"?><!DOCTYPE list SYSTEM "doors.dtd">

<list>
	<door id="18150262" name="Themepark_Valos_S.Valos_dungeon_doors" hp="158250" pdef="644" mdef="518">
		<pos x="-50720" y="-81554" z="-8352"/>
		<shape ax="-50784" ay="-81565" bx="-50656" by="-81566" cx="-50657" cy="-81541" dx="-50783" dy="-81541" minz="-8352" maxz="-8202"/>
		<set name="opened" value="false"/>
		<set name="unlockable" value="false"/>
		<set name="key" value="0"/>
		<set name="show_hp" value="false"/>
		<set name="targetable" value="false"/>
		<set name="master_door" value="18150257"/>
	</door>
	<door id="18150242" name="Themepark_Valos_S.Valos_dungeon_doors" hp="158250" pdef="644" mdef="518">
		<pos x="-50720" y="-83554" z="-8352"/>
		<shape ax="-50799" ay="-83566" bx="-50640" by="-83567" cx="-50640" cy="-83544" dx="-50799" dy="-83544" minz="-8352" maxz="-8202"/>
		<set name="opened" value="false"/>
		<set name="unlockable" value="false"/>
		<set name="key" value="0"/>
		<set name="show_hp" value="false"/>
		<set name="targetable" value="false"/>
		<set name="master_door" value="18150237"/>
	</door>
	<door id="18150257" name="Themepark_Valos_S.Valos_dungeon_doors" hp="158250" pdef="644" mdef="518">
		<pos x="-50720" y="-82366" z="-8352"/>
		<shape ax="-50780" ay="-82380" bx="-50657" by="-82381" cx="-50656" cy="-82352" dx="-50784" dy="-82352" minz="-8352" maxz="-8202"/>
		<set name="opened" value="false"/>
		<set name="unlockable" value="false"/>
		<set name="key" value="0"/>
		<set name="show_hp" value="false"/>
		<set name="open_time" value="30"/>
		<set name="random_time" value="10"/>
		<set name="close_time" value="15"/>
		<set name="targetable" value="false"/>
	</door>
	<door id="18150286" name="Themepark_Valos_S.Valos_dungeon_doors_v" hp="158250" pdef="644" mdef="518">
		<pos x="-53314" y="-78960" z="-8352"/>
		<shape ax="-53323" ay="-79020" bx="-53305" by="-79019" cx="-53305" cy="-78901" dx="-53322" dy="-78900" minz="-8352" maxz="-8202"/>
		<set name="opened" value="false"/>
		<set name="unlockable" value="false"/>
		<set name="key" value="0"/>
		<set name="show_hp" value="false"/>
		<set name="targetable" value="false"/>
	</door>
	<door id="18150287" name="Themepark_Valos_S.Valos_dungeon_doors_v" hp="158250" pdef="644" mdef="518">
		<pos x="-52126" y="-78960" z="-8352"/>
		<shape ax="-52136" ay="-79020" bx="-52117" by="-79020" cx="-52117" cy="-78899" dx="-52135" dy="-78899" minz="-8352" maxz="-8202"/>
		<set name="opened" value="false"/>
		<set name="unlockable" value="false"/>
		<set name="key" value="0"/>
		<set name="show_hp" value="false"/>
		<set name="open_time" value="26"/>
		<set name="random_time" value="10"/>
		<set name="close_time" value="15"/>
		<set name="targetable" value="false"/>
	</door>
	<door id="18150266" name="Themepark_Valos_S.Valos_dungeon_doors_v" hp="158250" pdef="644" mdef="518">
		<pos x="-53314" y="-80960" z="-8352"/>
		<shape ax="-53324" ay="-81021" bx="-53305" by="-81021" cx="-53303" cy="-80897" dx="-53325" dy="-80896" minz="-8352" maxz="-8202"/>
		<set name="opened" value="false"/>
		<set name="unlockable" value="false"/>
		<set name="key" value="0"/>
		<set name="show_hp" value="false"/>
		<set name="targetable" value="false"/>
	</door>
	<door id="18150267" name="Themepark_Valos_S.Valos_dungeon_doors_v" hp="158250" pdef="644" mdef="518">
		<pos x="-52126" y="-80960" z="-8352"/>
		<shape ax="-52135" ay="-81019" bx="-52117" by="-81020" cx="-52117" cy="-80900" dx="-52136" dy="-80899" minz="-8352" maxz="-8202"/>
		<set name="opened" value="false"/>
		<set name="unlockable" value="false"/>
		<set name="key" value="0"/>
		<set name="show_hp" value="false"/>
		<set name="open_time" value="26"/>
		<set name="random_time" value="10"/>
		<set name="close_time" value="15"/>
		<set name="targetable" value="false"/>
	</door>
	<door id="18150206" name="Themepark_Valos_S.Valos_dungeon_doors_v" hp="158250" pdef="644" mdef="518">
		<pos x="-53314" y="-86960" z="-8352"/>
		<shape ax="-53324" ay="-87022" bx="-53303" by="-87021" cx="-53304" cy="-86899" dx="-53324" dy="-86898" minz="-8352" maxz="-8202"/>
		<set name="opened" value="false"/>
		<set name="unlockable" value="false"/>
		<set name="key" value="0"/>
		<set name="show_hp" value="false"/>
		<set name="targetable" value="false"/>
	</door>
	<door id="18150207" name="Themepark_Valos_S.Valos_dungeon_doors_v" hp="158250" pdef="644" mdef="518">
		<pos x="-52126" y="-86960" z="-8352"/>
		<shape ax="-52136" ay="-87019" bx="-52117" by="-87019" cx="-52116" cy="-86899" dx="-52135" dy="-86899" minz="-8352" maxz="-8202"/>
		<set name="opened" value="false"/>
		<set name="unlockable" value="false"/>
		<set name="key" value="0"/>
		<set name="show_hp" value="false"/>
		<set name="open_time" value="20"/>
		<set name="random_time" value="10"/>
		<set name="close_time" value="15"/>
		<set name="targetable" value="false"/>
	</door>
	<door id="18150226" name="Themepark_Valos_S.Valos_dungeon_doors_v" hp="158250" pdef="644" mdef="518">
		<pos x="-53314" y="-84960" z="-8352"/>
		<shape ax="-53332" ay="-85033" bx="-53303" by="-85033" cx="-53304" cy="-84881" dx="-53330" dy="-84881" minz="-8352" maxz="-8202"/>
		<set name="opened" value="false"/>
		<set name="unlockable" value="false"/>
		<set name="key" value="0"/>
		<set name="show_hp" value="false"/>
		<set name="targetable" value="false"/>
	</door>
	<door id="18150227" name="Themepark_Valos_S.Valos_dungeon_doors_v" hp="158250" pdef="644" mdef="518">
		<pos x="-52126" y="-84960" z="-8352"/>
		<shape ax="-52137" ay="-85027" bx="-52116" by="-85027" cx="-52114" cy="-84888" dx="-52137" dy="-84889" minz="-8352" maxz="-8202"/>
		<set name="opened" value="false"/>
		<set name="unlockable" value="false"/>
		<set name="key" value="0"/>
		<set name="show_hp" value="false"/>
		<set name="open_time" value="20"/>
		<set name="random_time" value="10"/>
		<set name="close_time" value="15"/>
		<set name="targetable" value="false"/>
	</door>
	<door id="18150246" name="Themepark_Valos_S.Valos_dungeon_doors_v" hp="158250" pdef="644" mdef="518">
		<pos x="-53314" y="-82960" z="-8352"/>
		<shape ax="-53324" ay="-83031" bx="-53303" by="-83031" cx="-53304" cy="-82898" dx="-53322" dy="-82896" minz="-8352" maxz="-8202"/>
		<set name="opened" value="false"/>
		<set name="unlockable" value="false"/>
		<set name="key" value="0"/>
		<set name="show_hp" value="false"/>
		<set name="targetable" value="false"/>
	</door>
	<door id="18150247" name="Themepark_Valos_S.Valos_dungeon_doors_v" hp="158250" pdef="644" mdef="518">
		<pos x="-52126" y="-82960" z="-8352"/>
		<shape ax="-52140" ay="-83040" bx="-52114" by="-83040" cx="-52114" cy="-82880" dx="-52139" dy="-82880" minz="-8352" maxz="-8202"/>
		<set name="opened" value="false"/>
		<set name="unlockable" value="false"/>
		<set name="key" value="0"/>
		<set name="show_hp" value="false"/>
		<set name="open_time" value="14"/>
		<set name="random_time" value="10"/>
		<set name="close_time" value="15"/>
		<set name="targetable" value="false"/>
	</door>
	<door id="18150296" name="Themepark_Valos_S.Valos_dungeon_doors" hp="158250" pdef="644" mdef="518">
		<pos x="-52720" y="-78366" z="-8352"/>
		<shape ax="-52784" ay="-78379" bx="-52657" by="-78381" cx="-52657" cy="-78352" dx="-52783" dy="-78352" minz="-8352" maxz="-8202"/>
		<set name="opened" value="false"/>
		<set name="unlockable" value="false"/>
		<set name="key" value="0"/>
		<set name="show_hp" value="false"/>
		<set name="targetable" value="false"/>
	</door>
	<door id="18150201" name="Themepark_Valos_S.Valos_dungeon_doors" hp="158250" pdef="644" mdef="518">
		<pos x="-52720" y="-87554" z="-8352"/>
		<shape ax="-52782" ay="-87563" bx="-52658" by="-87563" cx="-52657" cy="-87541" dx="-52782" dy="-87541" minz="-8352" maxz="-8202"/>
		<set name="opened" value="false"/>
		<set name="unlockable" value="false"/>
		<set name="key" value="0"/>
		<set name="show_hp" value="false"/>
		<set name="targetable" value="false"/>
	</door>
	<door id="18150241" name="Themepark_Valos_S.Valos_dungeon_doors" hp="158250" pdef="644" mdef="518">
		<pos x="-52720" y="-83554" z="-8352"/>
		<shape ax="-52799" ay="-83566" bx="-52640" by="-83567" cx="-52640" cy="-83544" dx="-52799" dy="-83544" minz="-8352" maxz="-8202"/>
		<set name="opened" value="false"/>
		<set name="unlockable" value="false"/>
		<set name="key" value="0"/>
		<set name="show_hp" value="false"/>
		<set name="targetable" value="false"/>
		<set name="master_door" value="18150236"/>
	</door>
	<door id="18150236" name="Themepark_Valos_S.Valos_dungeon_doors" hp="158250" pdef="644" mdef="518">
		<pos x="-52720" y="-84366" z="-8352"/>
		<shape ax="-52783" ay="-84379" bx="-52657" by="-84379" cx="-52656" cy="-84351" dx="-52783" dy="-84352" minz="-8352" maxz="-8202"/>
		<set name="opened" value="false"/>
		<set name="unlockable" value="false"/>
		<set name="key" value="0"/>
		<set name="show_hp" value="false"/>
		<set name="open_time" value="30"/>
		<set name="random_time" value="10"/>
		<set name="close_time" value="15"/>
		<set name="targetable" value="false"/>
	</door>
	<door id="18150221" name="Themepark_Valos_S.Valos_dungeon_doors" hp="158250" pdef="644" mdef="518">
		<pos x="-52720" y="-85554" z="-8352"/>
		<shape ax="-52785" ay="-85565" bx="-52656" by="-85566" cx="-52656" cy="-85543" dx="-52784" dy="-85540" minz="-8352" maxz="-8202"/>
		<set name="opened" value="false"/>
		<set name="unlockable" value="false"/>
		<set name="key" value="0"/>
		<set name="show_hp" value="false"/>
		<set name="targetable" value="false"/>
		<set name="master_door" value="18150216"/>
	</door>
	<door id="18150216" name="Themepark_Valos_S.Valos_dungeon_doors" hp="158250" pdef="644" mdef="518">
		<pos x="-52720" y="-86366" z="-8352"/>
		<shape ax="-52781" ay="-86375" bx="-52658" by="-86375" cx="-52657" cy="-86356" dx="-52780" dy="-86356" minz="-8352" maxz="-8202"/>
		<set name="opened" value="false"/>
		<set name="unlockable" value="false"/>
		<set name="key" value="0"/>
		<set name="show_hp" value="false"/>
		<set name="open_time" value="30"/>
		<set name="random_time" value="10"/>
		<set name="close_time" value="15"/>
		<set name="targetable" value="false"/>
	</door>
	<door id="18150281" name="Themepark_Valos_S.Valos_dungeon_doors" hp="158250" pdef="644" mdef="518">
		<pos x="-52720" y="-79554" z="-8352"/>
		<shape ax="-52783" ay="-79565" bx="-52657" by="-79564" cx="-52657" cy="-79543" dx="-52783" dy="-79542" minz="-8352" maxz="-8202"/>
		<set name="opened" value="false"/>
		<set name="unlockable" value="false"/>
		<set name="key" value="0"/>
		<set name="show_hp" value="false"/>
		<set name="targetable" value="false"/>
		<set name="master_door" value="18150276"/>
	</door>
	<door id="18150276" name="Themepark_Valos_S.Valos_dungeon_doors" hp="158250" pdef="644" mdef="518">
		<pos x="-52720" y="-80366" z="-8352"/>
		<shape ax="-52785" ay="-80375" bx="-52657" by="-80375" cx="-52657" cy="-80354" dx="-52785" dy="-80355" minz="-8352" maxz="-8202"/>
		<set name="opened" value="false"/>
		<set name="unlockable" value="false"/>
		<set name="key" value="0"/>
		<set name="show_hp" value="false"/>
		<set name="open_time" value="25"/>
		<set name="random_time" value="10"/>
		<set name="close_time" value="15"/>
		<set name="targetable" value="false"/>
	</door>
	<door id="18150261" name="Themepark_Valos_S.Valos_dungeon_doors" hp="158250" pdef="644" mdef="518">
		<pos x="-52720" y="-81554" z="-8352"/>
		<shape ax="-52784" ay="-81565" bx="-52656" by="-81566" cx="-52657" cy="-81541" dx="-52783" dy="-81541" minz="-8352" maxz="-8202"/>
		<set name="opened" value="false"/>
		<set name="unlockable" value="false"/>
		<set name="key" value="0"/>
		<set name="show_hp" value="false"/>
		<set name="targetable" value="false"/>
		<set name="master_door" value="18150256"/>
	</door>
	<door id="18150256" name="Themepark_Valos_S.Valos_dungeon_doors" hp="158250" pdef="644" mdef="518">
		<pos x="-52720" y="-82366" z="-8352"/>
		<shape ax="-52780" ay="-82380" bx="-52657" by="-82381" cx="-52656" cy="-82352" dx="-52784" dy="-82352" minz="-8352" maxz="-8202"/>
		<set name="opened" value="false"/>
		<set name="unlockable" value="false"/>
		<set name="key" value="0"/>
		<set name="show_hp" value="false"/>
		<set name="open_time" value="25"/>
		<set name="random_time" value="10"/>
		<set name="close_time" value="15"/>
		<set name="targetable" value="false"/>
	</door>
	<door id="18150237" name="Themepark_Valos_S.Valos_dungeon_doors" hp="158250" pdef="644" mdef="518">
		<pos x="-50720" y="-84366" z="-8352"/>
		<shape ax="-50783" ay="-84379" bx="-50657" by="-84379" cx="-50656" cy="-84351" dx="-50783" dy="-84352" minz="-8352" maxz="-8202"/>
		<set name="opened" value="false"/>
		<set name="unlockable" value="false"/>
		<set name="key" value="0"/>
		<set name="show_hp" value="false"/>
		<set name="open_time" value="15"/>
		<set name="random_time" value="10"/>
		<set name="close_time" value="15"/>
		<set name="targetable" value="false"/>
	</door>
	<door id="18150222" name="Themepark_Valos_S.Valos_dungeon_doors" hp="158250" pdef="644" mdef="518">
		<pos x="-50720" y="-85554" z="-8352"/>
		<shape ax="-50785" ay="-85565" bx="-50656" by="-85566" cx="-50656" cy="-85543" dx="-50784" dy="-85540" minz="-8352" maxz="-8202"/>
		<set name="opened" value="false"/>
		<set name="unlockable" value="false"/>
		<set name="key" value="0"/>
		<set name="show_hp" value="false"/>
		<set name="targetable" value="false"/>
		<set name="master_door" value="18150217"/>
	</door>
	<door id="18150217" name="Themepark_Valos_S.Valos_dungeon_doors" hp="158250" pdef="644" mdef="518">
		<pos x="-50720" y="-86366" z="-8352"/>
		<shape ax="-50781" ay="-86375" bx="-50658" by="-86375" cx="-50657" cy="-86356" dx="-50780" dy="-86356" minz="-8352" maxz="-8202"/>
		<set name="opened" value="false"/>
		<set name="unlockable" value="false"/>
		<set name="key" value="0"/>
		<set name="show_hp" value="false"/>
		<set name="open_time" value="15"/>
		<set name="random_time" value="10"/>
		<set name="close_time" value="15"/>
		<set name="targetable" value="false"/>
	</door>
	<door id="18150282" name="Themepark_Valos_S.Valos_dungeon_doors" hp="158250" pdef="644" mdef="518">
		<pos x="-50720" y="-79554" z="-8352"/>
		<shape ax="-50783" ay="-79565" bx="-50657" by="-79564" cx="-50657" cy="-79543" dx="-50783" dy="-79542" minz="-8352" maxz="-8202"/>
		<set name="opened" value="false"/>
		<set name="unlockable" value="false"/>
		<set name="key" value="0"/>
		<set name="show_hp" value="false"/>
		<set name="targetable" value="false"/>
		<set name="master_door" value="18150277"/>
	</door>
	<door id="18150277" name="Themepark_Valos_S.Valos_dungeon_doors" hp="158250" pdef="644" mdef="518">
		<pos x="-50720" y="-80366" z="-8352"/>
		<shape ax="-50785" ay="-80375" bx="-50657" by="-80375" cx="-50657" cy="-80354" dx="-50785" dy="-80355" minz="-8352" maxz="-8202"/>
		<set name="opened" value="false"/>
		<set name="unlockable" value="false"/>
		<set name="key" value="0"/>
		<set name="show_hp" value="false"/>
		<set name="open_time" value="30"/>
		<set name="random_time" value="10"/>
		<set name="close_time" value="15"/>
		<set name="targetable" value="false"/>
	</door>
	<door id="18150258" name="Themepark_Valos_S.Valos_dungeon_doors" hp="158250" pdef="644" mdef="518">
		<pos x="-48720" y="-82366" z="-8352"/>
		<shape ax="-48780" ay="-82380" bx="-48657" by="-82381" cx="-48656" cy="-82352" dx="-48784" dy="-82352" minz="-8352" maxz="-8202"/>
		<set name="opened" value="false"/>
		<set name="unlockable" value="false"/>
		<set name="key" value="0"/>
		<set name="show_hp" value="false"/>
		<set name="open_time" value="18"/>
		<set name="random_time" value="10"/>
		<set name="close_time" value="15"/>
		<set name="targetable" value="false"/>
	</door>
	<door id="18150288" name="Themepark_Valos_S.Valos_dungeon_doors_v" hp="158250" pdef="644" mdef="518">
		<pos x="-51314" y="-78960" z="-8352"/>
		<shape ax="-51323" ay="-79020" bx="-51305" by="-79019" cx="-51305" cy="-78901" dx="-51322" dy="-78900" minz="-8352" maxz="-8202"/>
		<set name="opened" value="false"/>
		<set name="unlockable" value="false"/>
		<set name="key" value="0"/>
		<set name="show_hp" value="false"/>
		<set name="targetable" value="false"/>
		<set name="master_door" value="18150287"/>
	</door>
	<door id="18150289" name="Themepark_Valos_S.Valos_dungeon_doors_v" hp="158250" pdef="644" mdef="518">
		<pos x="-50126" y="-78960" z="-8352"/>
		<shape ax="-50136" ay="-79020" bx="-50117" by="-79020" cx="-50117" cy="-78899" dx="-50135" dy="-78899" minz="-8352" maxz="-8202"/>
		<set name="opened" value="false"/>
		<set name="unlockable" value="false"/>
		<set name="key" value="0"/>
		<set name="show_hp" value="false"/>
		<set name="open_time" value="10"/>
		<set name="random_time" value="5"/>
		<set name="close_time" value="15"/>
		<set name="targetable" value="false"/>
	</door>
	<door id="18150268" name="Themepark_Valos_S.Valos_dungeon_doors_v" hp="158250" pdef="644" mdef="518">
		<pos x="-51314" y="-80960" z="-8352"/>
		<shape ax="-51324" ay="-81021" bx="-51305" by="-81021" cx="-51303" cy="-80897" dx="-51325" dy="-80896" minz="-8352" maxz="-8202"/>
		<set name="opened" value="false"/>
		<set name="unlockable" value="false"/>
		<set name="key" value="0"/>
		<set name="show_hp" value="false"/>
		<set name="targetable" value="false"/>
		<set name="master_door" value="18150267"/>
	</door>
	<door id="18150269" name="Themepark_Valos_S.Valos_dungeon_doors_v" hp="158250" pdef="644" mdef="518">
		<pos x="-50126" y="-80960" z="-8352"/>
		<shape ax="-50135" ay="-81019" bx="-50117" by="-81020" cx="-50117" cy="-80900" dx="-50136" dy="-80899" minz="-8352" maxz="-8202"/>
		<set name="opened" value="false"/>
		<set name="unlockable" value="false"/>
		<set name="key" value="0"/>
		<set name="show_hp" value="false"/>
		<set name="open_time" value="10"/>
		<set name="random_time" value="5"/>
		<set name="close_time" value="15"/>
		<set name="targetable" value="false"/>
	</door>
	<door id="18150208" name="Themepark_Valos_S.Valos_dungeon_doors_v" hp="158250" pdef="644" mdef="518">
		<pos x="-51314" y="-86960" z="-8352"/>
		<shape ax="-51324" ay="-87022" bx="-51303" by="-87021" cx="-51304" cy="-86899" dx="-51324" dy="-86898" minz="-8352" maxz="-8202"/>
		<set name="opened" value="false"/>
		<set name="unlockable" value="false"/>
		<set name="key" value="0"/>
		<set name="show_hp" value="false"/>
		<set name="targetable" value="false"/>
		<set name="master_door" value="18150207"/>
	</door>
	<door id="18150209" name="Themepark_Valos_S.Valos_dungeon_doors_v" hp="158250" pdef="644" mdef="518">
		<pos x="-50126" y="-86960" z="-8352"/>
		<shape ax="-50136" ay="-87019" bx="-50117" by="-87019" cx="-50116" cy="-86899" dx="-50135" dy="-86899" minz="-8352" maxz="-8202"/>
		<set name="opened" value="false"/>
		<set name="unlockable" value="false"/>
		<set name="key" value="0"/>
		<set name="show_hp" value="false"/>
		<set name="open_time" value="30"/>
		<set name="random_time" value="10"/>
		<set name="close_time" value="15"/>
		<set name="targetable" value="false"/>
	</door>
	<door id="18150228" name="Themepark_Valos_S.Valos_dungeon_doors_v" hp="158250" pdef="644" mdef="518">
		<pos x="-51314" y="-84960" z="-8352"/>
		<shape ax="-51332" ay="-85033" bx="-51303" by="-85033" cx="-51304" cy="-84881" dx="-51330" dy="-84881" minz="-8352" maxz="-8202"/>
		<set name="opened" value="false"/>
		<set name="unlockable" value="false"/>
		<set name="key" value="0"/>
		<set name="show_hp" value="false"/>
		<set name="targetable" value="false"/>
		<set name="master_door" value="18150227"/>
	</door>
	<door id="18150229" name="Themepark_Valos_S.Valos_dungeon_doors_v" hp="158250" pdef="644" mdef="518">
		<pos x="-50126" y="-84960" z="-8352"/>
		<shape ax="-50137" ay="-85027" bx="-50116" by="-85027" cx="-50114" cy="-84888" dx="-50137" dy="-84889" minz="-8352" maxz="-8202"/>
		<set name="opened" value="false"/>
		<set name="unlockable" value="false"/>
		<set name="key" value="0"/>
		<set name="show_hp" value="false"/>
		<set name="open_time" value="10"/>
		<set name="random_time" value="5"/>
		<set name="close_time" value="15"/>
		<set name="targetable" value="false"/>
	</door>
	<door id="18150248" name="Themepark_Valos_S.Valos_dungeon_doors_v" hp="158250" pdef="644" mdef="518">
		<pos x="-51314" y="-82960" z="-8352"/>
		<shape ax="-51324" ay="-83031" bx="-51303" by="-83031" cx="-51304" cy="-82898" dx="-51322" dy="-82896" minz="-8352" maxz="-8202"/>
		<set name="opened" value="false"/>
		<set name="unlockable" value="false"/>
		<set name="key" value="0"/>
		<set name="show_hp" value="false"/>
		<set name="targetable" value="false"/>
		<set name="master_door" value="18150247"/>
	</door>
	<door id="18150249" name="Themepark_Valos_S.Valos_dungeon_doors_v" hp="158250" pdef="644" mdef="518">
		<pos x="-50126" y="-82960" z="-8352"/>
		<shape ax="-50140" ay="-83040" bx="-50114" by="-83040" cx="-50114" cy="-82880" dx="-50139" dy="-82880" minz="-8352" maxz="-8202"/>
		<set name="opened" value="false"/>
		<set name="unlockable" value="false"/>
		<set name="key" value="0"/>
		<set name="show_hp" value="false"/>
		<set name="open_time" value="25"/>
		<set name="random_time" value="10"/>
		<set name="close_time" value="15"/>
		<set name="targetable" value="false"/>
	</door>
	<door id="18150297" name="Themepark_Valos_S.Valos_dungeon_doors" hp="158250" pdef="644" mdef="518">
		<pos x="-50720" y="-78366" z="-8352"/>
		<shape ax="-50784" ay="-78379" bx="-50657" by="-78381" cx="-50657" cy="-78352" dx="-50783" dy="-78352" minz="-8352" maxz="-8202"/>
		<set name="opened" value="false"/>
		<set name="unlockable" value="false"/>
		<set name="key" value="0"/>
		<set name="show_hp" value="false"/>
		<set name="targetable" value="false"/>
	</door>
	<door id="18150202" name="Themepark_Valos_S.Valos_dungeon_doors" hp="158250" pdef="644" mdef="518">
		<pos x="-50720" y="-87554" z="-8352"/>
		<shape ax="-50782" ay="-87563" bx="-50658" by="-87563" cx="-50657" cy="-87541" dx="-50782" dy="-87541" minz="-8352" maxz="-8202"/>
		<set name="opened" value="false"/>
		<set name="unlockable" value="false"/>
		<set name="key" value="0"/>
		<set name="show_hp" value="false"/>
		<set name="targetable" value="false"/>
	</door>
	<door id="18150231" name="Themepark_Valos_S.Valos_dungeon_doors_v" hp="158250" pdef="644" mdef="518">
		<pos x="-48126" y="-84960" z="-8352"/>
		<shape ax="-48137" ay="-85027" bx="-48116" by="-85027" cx="-48114" cy="-84888" dx="-48137" dy="-84889" minz="-8352" maxz="-8202"/>
		<set name="opened" value="false"/>
		<set name="unlockable" value="false"/>
		<set name="key" value="0"/>
		<set name="show_hp" value="false"/>
		<set name="open_time" value="25"/>
		<set name="random_time" value="10"/>
		<set name="close_time" value="15"/>
		<set name="targetable" value="false"/>
	</door>
	<door id="18150250" name="Themepark_Valos_S.Valos_dungeon_doors_v" hp="158250" pdef="644" mdef="518">
		<pos x="-49314" y="-82960" z="-8352"/>
		<shape ax="-49324" ay="-83031" bx="-49303" by="-83031" cx="-49304" cy="-82898" dx="-49322" dy="-82896" minz="-8352" maxz="-8202"/>
		<set name="opened" value="false"/>
		<set name="unlockable" value="false"/>
		<set name="key" value="0"/>
		<set name="show_hp" value="false"/>
		<set name="targetable" value="false"/>
		<set name="master_door" value="18150249"/>
	</door>
	<door id="18150251" name="Themepark_Valos_S.Valos_dungeon_doors_v" hp="158250" pdef="644" mdef="518">
		<pos x="-48126" y="-82960" z="-8352"/>
		<shape ax="-48140" ay="-83040" bx="-48114" by="-83040" cx="-48114" cy="-82880" dx="-48139" dy="-82880" minz="-8352" maxz="-8202"/>
		<set name="opened" value="false"/>
		<set name="unlockable" value="false"/>
		<set name="key" value="0"/>
		<set name="show_hp" value="false"/>
		<set name="open_time" value="23"/>
		<set name="random_time" value="10"/>
		<set name="close_time" value="15"/>
		<set name="targetable" value="false"/>
	</door>
	<door id="18150298" name="Themepark_Valos_S.Valos_dungeon_doors" hp="158250" pdef="644" mdef="518">
		<pos x="-48720" y="-78366" z="-8352"/>
		<shape ax="-48784" ay="-78379" bx="-48657" by="-78381" cx="-48657" cy="-78352" dx="-48783" dy="-78352" minz="-8352" maxz="-8202"/>
		<set name="opened" value="false"/>
		<set name="unlockable" value="false"/>
		<set name="key" value="0"/>
		<set name="show_hp" value="false"/>
		<set name="targetable" value="false"/>
	</door>
	<door id="18150203" name="Themepark_Valos_S.Valos_dungeon_doors" hp="158250" pdef="644" mdef="518">
		<pos x="-48720" y="-87554" z="-8352"/>
		<shape ax="-48782" ay="-87563" bx="-48658" by="-87563" cx="-48657" cy="-87541" dx="-48782" dy="-87541" minz="-8352" maxz="-8202"/>
		<set name="opened" value="false"/>
		<set name="unlockable" value="false"/>
		<set name="key" value="0"/>
		<set name="show_hp" value="false"/>
		<set name="targetable" value="false"/>
	</door>
	<door id="18150243" name="Themepark_Valos_S.Valos_dungeon_doors" hp="158250" pdef="644" mdef="518">
		<pos x="-48720" y="-83554" z="-8352"/>
		<shape ax="-48799" ay="-83566" bx="-48640" by="-83567" cx="-48640" cy="-83544" dx="-48799" dy="-83544" minz="-8352" maxz="-8202"/>
		<set name="opened" value="false"/>
		<set name="unlockable" value="false"/>
		<set name="key" value="0"/>
		<set name="show_hp" value="false"/>
		<set name="targetable" value="false"/>
		<set name="master_door" value="18150238"/>
	</door>
	<door id="18150238" name="Themepark_Valos_S.Valos_dungeon_doors" hp="158250" pdef="644" mdef="518">
		<pos x="-48720" y="-84366" z="-8352"/>
		<shape ax="-48783" ay="-84379" bx="-48657" by="-84379" cx="-48656" cy="-84351" dx="-48783" dy="-84352" minz="-8352" maxz="-8202"/>
		<set name="opened" value="false"/>
		<set name="unlockable" value="false"/>
		<set name="key" value="0"/>
		<set name="show_hp" value="false"/>
		<set name="open_time" value="20"/>
		<set name="random_time" value="10"/>
		<set name="close_time" value="15"/>
		<set name="targetable" value="false"/>
	</door>
	<door id="18150223" name="Themepark_Valos_S.Valos_dungeon_doors" hp="158250" pdef="644" mdef="518">
		<pos x="-48720" y="-85554" z="-8352"/>
		<shape ax="-48785" ay="-85565" bx="-48656" by="-85566" cx="-48656" cy="-85543" dx="-48784" dy="-85540" minz="-8352" maxz="-8202"/>
		<set name="opened" value="false"/>
		<set name="unlockable" value="false"/>
		<set name="key" value="0"/>
		<set name="show_hp" value="false"/>
		<set name="targetable" value="false"/>
		<set name="master_door" value="18150218"/>
	</door>
	<door id="18150218" name="Themepark_Valos_S.Valos_dungeon_doors" hp="158250" pdef="644" mdef="518">
		<pos x="-48720" y="-86366" z="-8352"/>
		<shape ax="-48781" ay="-86375" bx="-48658" by="-86375" cx="-48657" cy="-86356" dx="-48780" dy="-86356" minz="-8352" maxz="-8202"/>
		<set name="opened" value="false"/>
		<set name="unlockable" value="false"/>
		<set name="key" value="0"/>
		<set name="show_hp" value="false"/>
		<set name="open_time" value="15"/>
		<set name="random_time" value="10"/>
		<set name="close_time" value="15"/>
		<set name="targetable" value="false"/>
	</door>
	<door id="18150283" name="Themepark_Valos_S.Valos_dungeon_doors" hp="158250" pdef="644" mdef="518">
		<pos x="-48720" y="-79554" z="-8352"/>
		<shape ax="-48783" ay="-79565" bx="-48657" by="-79564" cx="-48657" cy="-79543" dx="-48783" dy="-79542" minz="-8352" maxz="-8202"/>
		<set name="opened" value="false"/>
		<set name="unlockable" value="false"/>
		<set name="key" value="0"/>
		<set name="show_hp" value="false"/>
		<set name="targetable" value="false"/>
		<set name="master_door" value="18150278"/>
	</door>
	<door id="18150278" name="Themepark_Valos_S.Valos_dungeon_doors" hp="158250" pdef="644" mdef="518">
		<pos x="-48720" y="-80366" z="-8352"/>
		<shape ax="-48785" ay="-80375" bx="-48657" by="-80375" cx="-48657" cy="-80354" dx="-48785" dy="-80355" minz="-8352" maxz="-8202"/>
		<set name="opened" value="false"/>
		<set name="unlockable" value="false"/>
		<set name="key" value="0"/>
		<set name="show_hp" value="false"/>
		<set name="open_time" value="18"/>
		<set name="random_time" value="10"/>
		<set name="close_time" value="15"/>
		<set name="targetable" value="false"/>
	</door>
	<door id="18150265" name="Themepark_Valos_S.Valos_dungeon_doors" hp="158250" pdef="644" mdef="518">
		<pos x="-44720" y="-81554" z="-8352"/>
		<shape ax="-44784" ay="-81565" bx="-44656" by="-81566" cx="-44657" cy="-81541" dx="-44783" dy="-81541" minz="-8352" maxz="-8202"/>
		<set name="opened" value="false"/>
		<set name="unlockable" value="false"/>
		<set name="key" value="0"/>
		<set name="show_hp" value="false"/>
		<set name="targetable" value="false"/>
		<set name="master_door" value="18150260"/>
	</door>
	<door id="18150285" name="Themepark_Valos_S.Valos_dungeon_doors" hp="158250" pdef="644" mdef="518">
		<pos x="-44720" y="-79554" z="-8352"/>
		<shape ax="-44783" ay="-79565" bx="-44657" by="-79564" cx="-44657" cy="-79543" dx="-44783" dy="-79542" minz="-8352" maxz="-8202"/>
		<set name="opened" value="false"/>
		<set name="unlockable" value="false"/>
		<set name="key" value="0"/>
		<set name="show_hp" value="false"/>
		<set name="targetable" value="false"/>
		<set name="master_door" value="18150280"/>
	</door>
	<door id="18150220" name="Themepark_Valos_S.Valos_dungeon_doors" hp="158250" pdef="644" mdef="518">
		<pos x="-44720" y="-86366" z="-8352"/>
		<shape ax="-44781" ay="-86375" bx="-44658" by="-86375" cx="-44657" cy="-86356" dx="-44780" dy="-86356" minz="-8352" maxz="-8202"/>
		<set name="opened" value="false"/>
		<set name="unlockable" value="false"/>
		<set name="key" value="0"/>
		<set name="show_hp" value="false"/>
		<set name="open_time" value="10"/>
		<set name="random_time" value="5"/>
		<set name="close_time" value="15"/>
		<set name="targetable" value="false"/>
	</door>
	<door id="18150240" name="Themepark_Valos_S.Valos_dungeon_doors" hp="158250" pdef="644" mdef="518">
		<pos x="-44720" y="-84366" z="-8352"/>
		<shape ax="-44783" ay="-84379" bx="-44657" by="-84379" cx="-44656" cy="-84351" dx="-44783" dy="-84352" minz="-8352" maxz="-8202"/>
		<set name="opened" value="false"/>
		<set name="unlockable" value="false"/>
		<set name="key" value="0"/>
		<set name="show_hp" value="false"/>
		<set name="open_time" value="25"/>
		<set name="random_time" value="10"/>
		<set name="close_time" value="15"/>
		<set name="targetable" value="false"/>
	</door>
	<door id="18150205" name="Themepark_Valos_S.Valos_dungeon_doors" hp="158250" pdef="644" mdef="518">
		<pos x="-44720" y="-87554" z="-8352"/>
		<shape ax="-44782" ay="-87563" bx="-44658" by="-87563" cx="-44657" cy="-87541" dx="-44782" dy="-87541" minz="-8352" maxz="-8202"/>
		<set name="opened" value="false"/>
		<set name="unlockable" value="false"/>
		<set name="key" value="0"/>
		<set name="show_hp" value="false"/>
		<set name="targetable" value="false"/>
	</door>
	<door id="18150300" name="Themepark_Valos_S.Valos_dungeon_doors" hp="158250" pdef="644" mdef="518">
		<pos x="-44720" y="-78366" z="-8352"/>
		<shape ax="-44784" ay="-78379" bx="-44657" by="-78381" cx="-44657" cy="-78352" dx="-44783" dy="-78352" minz="-8352" maxz="-8202"/>
		<set name="opened" value="false"/>
		<set name="unlockable" value="false"/>
		<set name="key" value="0"/>
		<set name="show_hp" value="false"/>
		<set name="targetable" value="false"/>
	</door>
	<door id="18150254" name="Themepark_Valos_S.Valos_dungeon_doors_v" hp="158250" pdef="644" mdef="518">
		<pos x="-45314" y="-82960" z="-8352"/>
		<shape ax="-45324" ay="-83031" bx="-45303" by="-83031" cx="-45304" cy="-82898" dx="-45322" dy="-82896" minz="-8352" maxz="-8202"/>
		<set name="opened" value="false"/>
		<set name="unlockable" value="false"/>
		<set name="key" value="0"/>
		<set name="show_hp" value="false"/>
		<set name="targetable" value="false"/>
		<set name="master_door" value="18150253"/>
	</door>
	<door id="18150235" name="Themepark_Valos_S.Valos_dungeon_doors_v" hp="158250" pdef="644" mdef="518">
		<pos x="-44126" y="-84960" z="-8352"/>
		<shape ax="-44137" ay="-85027" bx="-44116" by="-85027" cx="-44114" cy="-84888" dx="-44137" dy="-84889" minz="-8352" maxz="-8202"/>
		<set name="opened" value="false"/>
		<set name="unlockable" value="false"/>
		<set name="key" value="0"/>
		<set name="show_hp" value="false"/>
		<set name="targetable" value="false"/>
	</door>
	<door id="18150234" name="Themepark_Valos_S.Valos_dungeon_doors_v" hp="158250" pdef="644" mdef="518">
		<pos x="-45314" y="-84960" z="-8352"/>
		<shape ax="-45332" ay="-85033" bx="-45303" by="-85033" cx="-45304" cy="-84881" dx="-45330" dy="-84881" minz="-8352" maxz="-8202"/>
		<set name="opened" value="false"/>
		<set name="unlockable" value="false"/>
		<set name="key" value="0"/>
		<set name="show_hp" value="false"/>
		<set name="targetable" value="false"/>
		<set name="master_door" value="18150233"/>
	</door>
	<door id="18150214" name="Themepark_Valos_S.Valos_dungeon_doors_v" hp="158250" pdef="644" mdef="518">
		<pos x="-45314" y="-86960" z="-8352"/>
		<shape ax="-45324" ay="-87022" bx="-45303" by="-87021" cx="-45304" cy="-86899" dx="-45324" dy="-86898" minz="-8352" maxz="-8202"/>
		<set name="opened" value="false"/>
		<set name="unlockable" value="false"/>
		<set name="key" value="0"/>
		<set name="show_hp" value="false"/>
		<set name="targetable" value="false"/>
		<set name="master_door" value="18150213"/>
	</door>
	<door id="18150301" name="Themepark_Valos_S.Valos_dungeon_doors" hp="158250" pdef="644" mdef="518">
		<pos x="-53852" y="-83550" z="-8352"/>
		<shape ax="-53909" ay="-83557" bx="-53795" by="-83557" cx="-53795" cy="-83543" dx="-53909" dy="-83541" minz="-8352" maxz="-8202"/>
		<set name="opened" value="false"/>
		<set name="unlockable" value="false"/>
		<set name="key" value="0"/>
		<set name="show_hp" value="false"/>
		<set name="targetable" value="false"/>
	</door>
	<door id="18150230" name="Themepark_Valos_S.Valos_dungeon_doors_v" hp="158250" pdef="644" mdef="518">
		<pos x="-49314" y="-84960" z="-8352"/>
		<shape ax="-49332" ay="-85033" bx="-49303" by="-85033" cx="-49304" cy="-84881" dx="-49330" dy="-84881" minz="-8352" maxz="-8202"/>
		<set name="opened" value="false"/>
		<set name="unlockable" value="false"/>
		<set name="key" value="0"/>
		<set name="show_hp" value="false"/>
		<set name="targetable" value="false"/>
		<set name="master_door" value="18150229"/>
	</door>
	<door id="18150211" name="Themepark_Valos_S.Valos_dungeon_doors_v" hp="158250" pdef="644" mdef="518">
		<pos x="-48126" y="-86960" z="-8352"/>
		<shape ax="-48136" ay="-87019" bx="-48117" by="-87019" cx="-48116" cy="-86899" dx="-48135" dy="-86899" minz="-8352" maxz="-8202"/>
		<set name="opened" value="false"/>
		<set name="unlockable" value="false"/>
		<set name="key" value="0"/>
		<set name="show_hp" value="false"/>
		<set name="open_time" value="20"/>
		<set name="random_time" value="10"/>
		<set name="close_time" value="15"/>
		<set name="targetable" value="false"/>
	</door>
	<door id="18150210" name="Themepark_Valos_S.Valos_dungeon_doors_v" hp="158250" pdef="644" mdef="518">
		<pos x="-49314" y="-86960" z="-8352"/>
		<shape ax="-49324" ay="-87022" bx="-49303" by="-87021" cx="-49304" cy="-86899" dx="-49324" dy="-86898" minz="-8352" maxz="-8202"/>
		<set name="opened" value="false"/>
		<set name="unlockable" value="false"/>
		<set name="key" value="0"/>
		<set name="show_hp" value="false"/>
		<set name="targetable" value="false"/>
		<set name="master_door" value="18150209"/>
	</door>
	<door id="18150271" name="Themepark_Valos_S.Valos_dungeon_doors_v" hp="158250" pdef="644" mdef="518">
		<pos x="-48126" y="-80960" z="-8352"/>
		<shape ax="-48135" ay="-81019" bx="-48117" by="-81020" cx="-48117" cy="-80900" dx="-48136" dy="-80899" minz="-8352" maxz="-8202"/>
		<set name="opened" value="false"/>
		<set name="unlockable" value="false"/>
		<set name="key" value="0"/>
		<set name="show_hp" value="false"/>
		<set name="open_time" value="15"/>
		<set name="random_time" value="10"/>
		<set name="close_time" value="15"/>
		<set name="targetable" value="false"/>
	</door>
	<door id="18150270" name="Themepark_Valos_S.Valos_dungeon_doors_v" hp="158250" pdef="644" mdef="518">
		<pos x="-49314" y="-80960" z="-8352"/>
		<shape ax="-49324" ay="-81021" bx="-49305" by="-81021" cx="-49303" cy="-80897" dx="-49325" dy="-80896" minz="-8352" maxz="-8202"/>
		<set name="opened" value="false"/>
		<set name="unlockable" value="false"/>
		<set name="key" value="0"/>
		<set name="show_hp" value="false"/>
		<set name="targetable" value="false"/>
		<set name="master_door" value="18150269"/>
	</door>
	<door id="18150291" name="Themepark_Valos_S.Valos_dungeon_doors_v" hp="158250" pdef="644" mdef="518">
		<pos x="-48126" y="-78960" z="-8352"/>
		<shape ax="-48136" ay="-79020" bx="-48117" by="-79020" cx="-48117" cy="-78899" dx="-48135" dy="-78899" minz="-8352" maxz="-8202"/>
		<set name="opened" value="false"/>
		<set name="unlockable" value="false"/>
		<set name="key" value="0"/>
		<set name="show_hp" value="false"/>
		<set name="open_time" value="15"/>
		<set name="random_time" value="10"/>
		<set name="close_time" value="15"/>
		<set name="targetable" value="false"/>
	</door>
	<door id="18150290" name="Themepark_Valos_S.Valos_dungeon_doors_v" hp="158250" pdef="644" mdef="518">
		<pos x="-49314" y="-78960" z="-8352"/>
		<shape ax="-49323" ay="-79020" bx="-49305" by="-79019" cx="-49305" cy="-78901" dx="-49322" dy="-78900" minz="-8352" maxz="-8202"/>
		<set name="opened" value="false"/>
		<set name="unlockable" value="false"/>
		<set name="key" value="0"/>
		<set name="show_hp" value="false"/>
		<set name="targetable" value="false"/>
		<set name="master_door" value="18150289"/>
	</door>
	<door id="18150259" name="Themepark_Valos_S.Valos_dungeon_doors" hp="158250" pdef="644" mdef="518">
		<pos x="-46720" y="-82366" z="-8352"/>
		<shape ax="-46780" ay="-82380" bx="-46657" by="-82381" cx="-46656" cy="-82352" dx="-46784" dy="-82352" minz="-8352" maxz="-8202"/>
		<set name="opened" value="false"/>
		<set name="unlockable" value="false"/>
		<set name="key" value="0"/>
		<set name="show_hp" value="false"/>
		<set name="open_time" value="10"/>
		<set name="random_time" value="5"/>
		<set name="close_time" value="15"/>
		<set name="targetable" value="false"/>
	</door>
	<door id="18150264" name="Themepark_Valos_S.Valos_dungeon_doors" hp="158250" pdef="644" mdef="518">
		<pos x="-46720" y="-81554" z="-8352"/>
		<shape ax="-46784" ay="-81565" bx="-46656" by="-81566" cx="-46657" cy="-81541" dx="-46783" dy="-81541" minz="-8352" maxz="-8202"/>
		<set name="opened" value="false"/>
		<set name="unlockable" value="false"/>
		<set name="key" value="0"/>
		<set name="show_hp" value="false"/>
		<set name="targetable" value="false"/>
		<set name="master_door" value="18150259"/>
	</door>
	<door id="18150279" name="Themepark_Valos_S.Valos_dungeon_doors" hp="158250" pdef="644" mdef="518">
		<pos x="-46720" y="-80366" z="-8352"/>
		<shape ax="-46785" ay="-80375" bx="-46657" by="-80375" cx="-46657" cy="-80354" dx="-46785" dy="-80355" minz="-8352" maxz="-8202"/>
		<set name="opened" value="false"/>
		<set name="unlockable" value="false"/>
		<set name="key" value="0"/>
		<set name="show_hp" value="false"/>
		<set name="open_time" value="10"/>
		<set name="random_time" value="5"/>
		<set name="close_time" value="15"/>
		<set name="targetable" value="false"/>
	</door>
	<door id="18150284" name="Themepark_Valos_S.Valos_dungeon_doors" hp="158250" pdef="644" mdef="518">
		<pos x="-46720" y="-79554" z="-8352"/>
		<shape ax="-46783" ay="-79565" bx="-46657" by="-79564" cx="-46657" cy="-79543" dx="-46783" dy="-79542" minz="-8352" maxz="-8202"/>
		<set name="opened" value="false"/>
		<set name="unlockable" value="false"/>
		<set name="key" value="0"/>
		<set name="show_hp" value="false"/>
		<set name="targetable" value="false"/>
		<set name="master_door" value="18150279"/>
	</door>
	<door id="18150219" name="Themepark_Valos_S.Valos_dungeon_doors" hp="158250" pdef="644" mdef="518">
		<pos x="-46720" y="-86366" z="-8352"/>
		<shape ax="-46781" ay="-86375" bx="-46658" by="-86375" cx="-46657" cy="-86356" dx="-46780" dy="-86356" minz="-8352" maxz="-8202"/>
		<set name="opened" value="false"/>
		<set name="unlockable" value="false"/>
		<set name="key" value="0"/>
		<set name="show_hp" value="false"/>
		<set name="open_time" value="20"/>
		<set name="random_time" value="10"/>
		<set name="close_time" value="15"/>
		<set name="targetable" value="false"/>
	</door>
	<door id="18150224" name="Themepark_Valos_S.Valos_dungeon_doors" hp="158250" pdef="644" mdef="518">
		<pos x="-46720" y="-85554" z="-8352"/>
		<shape ax="-46785" ay="-85565" bx="-46656" by="-85566" cx="-46656" cy="-85543" dx="-46784" dy="-85540" minz="-8352" maxz="-8202"/>
		<set name="opened" value="false"/>
		<set name="unlockable" value="false"/>
		<set name="key" value="0"/>
		<set name="show_hp" value="false"/>
		<set name="targetable" value="false"/>
		<set name="master_door" value="18150219"/>
	</door>
	<door id="18150239" name="Themepark_Valos_S.Valos_dungeon_doors" hp="158250" pdef="644" mdef="518">
		<pos x="-46720" y="-84366" z="-8352"/>
		<shape ax="-46783" ay="-84379" bx="-46657" by="-84379" cx="-46656" cy="-84351" dx="-46783" dy="-84352" minz="-8352" maxz="-8202"/>
		<set name="opened" value="false"/>
		<set name="unlockable" value="false"/>
		<set name="key" value="0"/>
		<set name="show_hp" value="false"/>
		<set name="open_time" value="10"/>
		<set name="random_time" value="10"/>
		<set name="close_time" value="15"/>
		<set name="targetable" value="false"/>
	</door>
	<door id="18150244" name="Themepark_Valos_S.Valos_dungeon_doors" hp="158250" pdef="644" mdef="518">
		<pos x="-46720" y="-83554" z="-8352"/>
		<shape ax="-46799" ay="-83566" bx="-46640" by="-83567" cx="-46640" cy="-83544" dx="-46799" dy="-83544" minz="-8352" maxz="-8202"/>
		<set name="opened" value="false"/>
		<set name="unlockable" value="false"/>
		<set name="key" value="0"/>
		<set name="show_hp" value="false"/>
		<set name="targetable" value="false"/>
		<set name="master_door" value="18150239"/>
	</door>
	<door id="18150204" name="Themepark_Valos_S.Valos_dungeon_doors" hp="158250" pdef="644" mdef="518">
		<pos x="-46720" y="-87554" z="-8352"/>
		<shape ax="-46782" ay="-87563" bx="-46658" by="-87563" cx="-46657" cy="-87541" dx="-46782" dy="-87541" minz="-8352" maxz="-8202"/>
		<set name="opened" value="false"/>
		<set name="unlockable" value="false"/>
		<set name="key" value="0"/>
		<set name="show_hp" value="false"/>
		<set name="targetable" value="false"/>
	</door>
	<door id="18150299" name="Themepark_Valos_S.Valos_dungeon_doors" hp="158250" pdef="644" mdef="518">
		<pos x="-46720" y="-78366" z="-8352"/>
		<shape ax="-46784" ay="-78379" bx="-46657" by="-78381" cx="-46657" cy="-78352" dx="-46783" dy="-78352" minz="-8352" maxz="-8202"/>
		<set name="opened" value="false"/>
		<set name="unlockable" value="false"/>
		<set name="key" value="0"/>
		<set name="show_hp" value="false"/>
		<set name="targetable" value="false"/>
	</door>
	<door id="18150253" name="Themepark_Valos_S.Valos_dungeon_doors_v" hp="158250" pdef="644" mdef="518">
		<pos x="-46126" y="-82960" z="-8352"/>
		<shape ax="-46140" ay="-83040" bx="-46114" by="-83040" cx="-46114" cy="-82880" dx="-46139" dy="-82880" minz="-8352" maxz="-8202"/>
		<set name="opened" value="false"/>
		<set name="unlockable" value="false"/>
		<set name="key" value="0"/>
		<set name="show_hp" value="false"/>
		<set name="open_time" value="30"/>
		<set name="random_time" value="10"/>
		<set name="close_time" value="15"/>
		<set name="targetable" value="false"/>
	</door>
	<door id="18150252" name="Themepark_Valos_S.Valos_dungeon_doors_v" hp="158250" pdef="644" mdef="518">
		<pos x="-47314" y="-82960" z="-8352"/>
		<shape ax="-47324" ay="-83031" bx="-47303" by="-83031" cx="-47304" cy="-82898" dx="-47322" dy="-82896" minz="-8352" maxz="-8202"/>
		<set name="opened" value="false"/>
		<set name="unlockable" value="false"/>
		<set name="key" value="0"/>
		<set name="show_hp" value="false"/>
		<set name="targetable" value="false"/>
		<set name="master_door" value="18150251"/>
	</door>
	<door id="18150233" name="Themepark_Valos_S.Valos_dungeon_doors_v" hp="158250" pdef="644" mdef="518">
		<pos x="-46126" y="-84960" z="-8352"/>
		<shape ax="-46137" ay="-85027" bx="-46116" by="-85027" cx="-46114" cy="-84888" dx="-46137" dy="-84889" minz="-8352" maxz="-8202"/>
		<set name="opened" value="false"/>
		<set name="unlockable" value="false"/>
		<set name="key" value="0"/>
		<set name="show_hp" value="false"/>
		<set name="open_time" value="15"/>
		<set name="random_time" value="10"/>
		<set name="close_time" value="15"/>
		<set name="targetable" value="false"/>
	</door>
	<door id="18150232" name="Themepark_Valos_S.Valos_dungeon_doors_v" hp="158250" pdef="644" mdef="518">
		<pos x="-47314" y="-84960" z="-8352"/>
		<shape ax="-47332" ay="-85033" bx="-47303" by="-85033" cx="-47304" cy="-84881" dx="-47330" dy="-84881" minz="-8352" maxz="-8202"/>
		<set name="opened" value="false"/>
		<set name="unlockable" value="false"/>
		<set name="key" value="0"/>
		<set name="show_hp" value="false"/>
		<set name="targetable" value="false"/>
		<set name="master_door" value="18150231"/>
	</door>
	<door id="18150213" name="Themepark_Valos_S.Valos_dungeon_doors_v" hp="158250" pdef="644" mdef="518">
		<pos x="-46126" y="-86960" z="-8352"/>
		<shape ax="-46136" ay="-87019" bx="-46117" by="-87019" cx="-46116" cy="-86899" dx="-46135" dy="-86899" minz="-8352" maxz="-8202"/>
		<set name="opened" value="false"/>
		<set name="unlockable" value="false"/>
		<set name="key" value="0"/>
		<set name="show_hp" value="false"/>
		<set name="open_time" value="25"/>
		<set name="random_time" value="10"/>
		<set name="close_time" value="15"/>
		<set name="targetable" value="false"/>
	</door>
	<door id="18150212" name="Themepark_Valos_S.Valos_dungeon_doors_v" hp="158250" pdef="644" mdef="518">
		<pos x="-47314" y="-86960" z="-8352"/>
		<shape ax="-47324" ay="-87022" bx="-47303" by="-87021" cx="-47304" cy="-86899" dx="-47324" dy="-86898" minz="-8352" maxz="-8202"/>
		<set name="opened" value="false"/>
		<set name="unlockable" value="false"/>
		<set name="key" value="0"/>
		<set name="show_hp" value="false"/>
		<set name="targetable" value="false"/>
		<set name="master_door" value="18150211"/>
	</door>
	<door id="18150273" name="Themepark_Valos_S.Valos_dungeon_doors_v" hp="158250" pdef="644" mdef="518">
		<pos x="-46126" y="-80960" z="-8352"/>
		<shape ax="-46135" ay="-81019" bx="-46117" by="-81020" cx="-46117" cy="-80900" dx="-46136" dy="-80899" minz="-8352" maxz="-8202"/>
		<set name="opened" value="false"/>
		<set name="unlockable" value="false"/>
		<set name="key" value="0"/>
		<set name="show_hp" value="false"/>
		<set name="open_time" value="30"/>
		<set name="random_time" value="10"/>
		<set name="close_time" value="15"/>
		<set name="targetable" value="false"/>
	</door>
	<door id="18150272" name="Themepark_Valos_S.Valos_dungeon_doors_v" hp="158250" pdef="644" mdef="518">
		<pos x="-47314" y="-80960" z="-8352"/>
		<shape ax="-47324" ay="-81021" bx="-47305" by="-81021" cx="-47303" cy="-80897" dx="-47325" dy="-80896" minz="-8352" maxz="-8202"/>
		<set name="opened" value="false"/>
		<set name="unlockable" value="false"/>
		<set name="key" value="0"/>
		<set name="show_hp" value="false"/>
		<set name="targetable" value="false"/>
		<set name="master_door" value="18150271"/>
	</door>
	<door id="18150293" name="Themepark_Valos_S.Valos_dungeon_doors_v" hp="158250" pdef="644" mdef="518">
		<pos x="-46126" y="-78960" z="-8352"/>
		<shape ax="-46136" ay="-79020" bx="-46117" by="-79020" cx="-46117" cy="-78899" dx="-46135" dy="-78899" minz="-8352" maxz="-8202"/>
		<set name="opened" value="false"/>
		<set name="unlockable" value="false"/>
		<set name="key" value="0"/>
		<set name="show_hp" value="false"/>
		<set name="open_time" value="30"/>
		<set name="random_time" value="10"/>
		<set name="close_time" value="15"/>
		<set name="targetable" value="false"/>
	</door>
	<door id="18150292" name="Themepark_Valos_S.Valos_dungeon_doors_v" hp="158250" pdef="644" mdef="518">
		<pos x="-47314" y="-78960" z="-8352"/>
		<shape ax="-47323" ay="-79020" bx="-47305" by="-79019" cx="-47305" cy="-78901" dx="-47322" dy="-78900" minz="-8352" maxz="-8202"/>
		<set name="opened" value="false"/>
		<set name="unlockable" value="false"/>
		<set name="key" value="0"/>
		<set name="show_hp" value="false"/>
		<set name="targetable" value="false"/>
		<set name="master_door" value="18150291"/>
	</door>
	<door id="18150260" name="Themepark_Valos_S.Valos_dungeon_doors" hp="158250" pdef="644" mdef="518">
		<pos x="-44720" y="-82366" z="-8352"/>
		<shape ax="-44780" ay="-82380" bx="-44657" by="-82381" cx="-44656" cy="-82352" dx="-44784" dy="-82352" minz="-8352" maxz="-8202"/>
		<set name="opened" value="false"/>
		<set name="unlockable" value="false"/>
		<set name="key" value="0"/>
		<set name="show_hp" value="false"/>
		<set name="open_time" value="20"/>
		<set name="random_time" value="10"/>
		<set name="close_time" value="15"/>
		<set name="targetable" value="false"/>
	</door>
	<door id="18150245" name="Themepark_Valos_S.Valos_dungeon_doors" hp="158250" pdef="644" mdef="518">
		<pos x="-44720" y="-83554" z="-8352"/>
		<shape ax="-44799" ay="-83566" bx="-44640" by="-83567" cx="-44640" cy="-83544" dx="-44799" dy="-83544" minz="-8352" maxz="-8202"/>
		<set name="opened" value="false"/>
		<set name="unlockable" value="false"/>
		<set name="key" value="0"/>
		<set name="show_hp" value="false"/>
		<set name="targetable" value="false"/>
		<set name="master_door" value="18150240"/>
	</door>
	<door id="18150255" name="Themepark_Valos_S.Valos_dungeon_doors_v" hp="158250" pdef="644" mdef="518">
		<pos x="-44126" y="-82960" z="-8352"/>
		<shape ax="-44140" ay="-83040" bx="-44114" by="-83040" cx="-44114" cy="-82880" dx="-44139" dy="-82880" minz="-8352" maxz="-8202"/>
		<set name="opened" value="false"/>
		<set name="unlockable" value="false"/>
		<set name="key" value="0"/>
		<set name="show_hp" value="false"/>
		<set name="targetable" value="false"/>
	</door>
	<door id="18150295" name="Themepark_Valos_S.Valos_dungeon_doors_v" hp="158250" pdef="644" mdef="518">
		<pos x="-44126" y="-78960" z="-8352"/>
		<shape ax="-44136" ay="-79020" bx="-44117" by="-79020" cx="-44117" cy="-78899" dx="-44135" dy="-78899" minz="-8352" maxz="-8202"/>
		<set name="opened" value="false"/>
		<set name="unlockable" value="false"/>
		<set name="key" value="0"/>
		<set name="show_hp" value="false"/>
		<set name="targetable" value="false"/>
	</door>
	<door id="18150294" name="Themepark_Valos_S.Valos_dungeon_doors_v" hp="158250" pdef="644" mdef="518">
		<pos x="-45314" y="-78960" z="-8352"/>
		<shape ax="-45323" ay="-79020" bx="-45305" by="-79019" cx="-45305" cy="-78901" dx="-45322" dy="-78900" minz="-8352" maxz="-8202"/>
		<set name="opened" value="false"/>
		<set name="unlockable" value="false"/>
		<set name="key" value="0"/>
		<set name="show_hp" value="false"/>
		<set name="targetable" value="false"/>
		<set name="master_door" value="18150293"/>
	</door>
	<door id="18150303" name="Themepark_Valos_S.Valos_dungeon_doors" hp="158250" pdef="644" mdef="518">
		<pos x="-53852" y="-82370" z="-8352"/>
		<shape ax="-53911" ay="-82378" bx="-53792" by="-82378" cx="-53792" cy="-82360" dx="-53911" dy="-82361" minz="-8352" maxz="-8202"/>
		<set name="opened" value="false"/>
		<set name="unlockable" value="false"/>
		<set name="key" value="0"/>
		<set name="show_hp" value="false"/>
		<set name="targetable" value="false"/>
	</door>
	<door id="18150225" name="Themepark_Valos_S.Valos_dungeon_doors" hp="158250" pdef="644" mdef="518">
		<pos x="-44720" y="-85554" z="-8352"/>
		<shape ax="-44785" ay="-85565" bx="-44656" by="-85566" cx="-44656" cy="-85543" dx="-44784" dy="-85540" minz="-8352" maxz="-8202"/>
		<set name="opened" value="false"/>
		<set name="unlockable" value="false"/>
		<set name="key" value="0"/>
		<set name="show_hp" value="false"/>
		<set name="targetable" value="false"/>
		<set name="master_door" value="18150220"/>
	</door>
	<door id="18150280" name="Themepark_Valos_S.Valos_dungeon_doors" hp="158250" pdef="644" mdef="518">
		<pos x="-44720" y="-80366" z="-8352"/>
		<shape ax="-44785" ay="-80375" bx="-44657" by="-80375" cx="-44657" cy="-80354" dx="-44785" dy="-80355" minz="-8352" maxz="-8202"/>
		<set name="opened" value="false"/>
		<set name="unlockable" value="false"/>
		<set name="key" value="0"/>
		<set name="show_hp" value="false"/>
		<set name="open_time" value="20"/>
		<set name="random_time" value="10"/>
		<set name="close_time" value="15"/>
		<set name="targetable" value="false"/>
	</door>
	<door id="18150274" name="Themepark_Valos_S.Valos_dungeon_doors_v" hp="158250" pdef="644" mdef="518">
		<pos x="-45314" y="-80960" z="-8352"/>
		<shape ax="-45324" ay="-81021" bx="-45305" by="-81021" cx="-45303" cy="-80897" dx="-45325" dy="-80896" minz="-8352" maxz="-8202"/>
		<set name="opened" value="false"/>
		<set name="unlockable" value="false"/>
		<set name="key" value="0"/>
		<set name="show_hp" value="false"/>
		<set name="targetable" value="false"/>
		<set name="master_door" value="18150273"/>
	</door>
	<door id="18150215" name="Themepark_Valos_S.Valos_dungeon_doors_v" hp="158250" pdef="644" mdef="518">
		<pos x="-44126" y="-86960" z="-8352"/>
		<shape ax="-44136" ay="-87019" bx="-44117" by="-87019" cx="-44116" cy="-86899" dx="-44135" dy="-86899" minz="-8352" maxz="-8202"/>
		<set name="opened" value="false"/>
		<set name="unlockable" value="false"/>
		<set name="key" value="0"/>
		<set name="show_hp" value="false"/>
		<set name="targetable" value="false"/>
	</door>
	<door id="18150275" name="Themepark_Valos_S.Valos_dungeon_doors_v" hp="158250" pdef="644" mdef="518">
		<pos x="-44126" y="-80960" z="-8352"/>
		<shape ax="-44135" ay="-81019" bx="-44117" by="-81020" cx="-44117" cy="-80900" dx="-44136" dy="-80899" minz="-8352" maxz="-8202"/>
		<set name="opened" value="false"/>
		<set name="unlockable" value="false"/>
		<set name="key" value="0"/>
		<set name="show_hp" value="false"/>
		<set name="targetable" value="false"/>
	</door>
	<door id="18150263" name="Themepark_Valos_S.Valos_dungeon_doors" hp="158250" pdef="644" mdef="518">
		<pos x="-48720" y="-81554" z="-8352"/>
		<shape ax="-48784" ay="-81565" bx="-48656" by="-81566" cx="-48657" cy="-81541" dx="-48783" dy="-81541" minz="-8352" maxz="-8202"/>
		<set name="opened" value="false"/>
		<set name="unlockable" value="false"/>
		<set name="key" value="0"/>
		<set name="show_hp" value="false"/>
		<set name="targetable" value="false"/>
		<set name="master_door" value="18150258"/>
	</door>
	<door id="18150302" name="Themepark_Valos_S.Valos_dungeon_doors_v" hp="158250" pdef="644" mdef="518">
		<pos x="-53361" y="-82960" z="-8352"/>
		<shape ax="-53375" ay="-83029" bx="-53348" by="-83029" cx="-53349" cy="-82888" dx="-53373" dy="-82888" minz="-8352" maxz="-8202"/>
		<set name="opened" value="false"/>
		<set name="unlockable" value="false"/>
		<set name="key" value="0"/>
		<set name="show_hp" value="false"/>
		<set name="targetable" value="false"/>
	</door>
</list>
