<?xml version="1.0" encoding="UTF-8"?><!DOCTYPE list SYSTEM "doors.dtd">

<list>
	<door id="18250001" name="Steel_castle_Ctower_S.Iron_C_top_door_01" hp="158250" pdef="644" mdef="518">
		<pos x="-46957" y="246121" z="-9063"/>
		<shape ax="-46985" ay="246046" bx="-46937" by="246048" cx="-46931" cy="246198" dx="-46984" dy="246197" minz="-9160" maxz="-9010"/>
		<set name="opened" value="false"/>
		<set name="unlockable" value="false"/>
		<set name="key" value="0"/>
		<set name="show_hp" value="false"/>
	</door>
	<door id="18250002" name="Steel_castle_Ctower_S.Iron_C_top_door_01" hp="158250" pdef="644" mdef="518">
		<pos x="-45874" y="246878" z="-9062"/>
		<shape ax="-45809" ay="246861" bx="-45808" by="246897" cx="-45941" cy="246902" dx="-45940" dy="246857" minz="-9159" maxz="-9009"/>
		<set name="opened" value="false"/>
		<set name="unlockable" value="false"/>
		<set name="key" value="0"/>
		<set name="show_hp" value="false"/>
	</door>
	<door id="18250003" name="Steel_castle_Ctower_S.Iron_C_top_door_01" hp="158250" pdef="644" mdef="518">
		<pos x="-47869" y="249166" z="-9063"/>
		<shape ax="-47897" ay="249091" bx="-47849" by="249093" cx="-47843" cy="249243" dx="-47896" dy="249242" minz="-9160" maxz="-9010"/>
		<set name="opened" value="false"/>
		<set name="unlockable" value="false"/>
		<set name="key" value="0"/>
		<set name="show_hp" value="false"/>
	</door>
	<door id="18250004" name="Steel_castle_Ctower_S.Iron_C_top_door_01" hp="158250" pdef="644" mdef="518">
		<pos x="-49943" y="249168" z="-9063"/>
		<shape ax="-49971" ay="249093" bx="-49923" by="249095" cx="-49917" cy="249245" dx="-49970" dy="249244" minz="-9160" maxz="-9010"/>
		<set name="opened" value="false"/>
		<set name="unlockable" value="false"/>
		<set name="key" value="0"/>
		<set name="show_hp" value="false"/>
	</door>
	<door id="18250005" name="Steel_castle_Ctower_S.Iron_C_top_door_01" hp="158250" pdef="644" mdef="518">
		<pos x="-51953" y="246882" z="-9926"/>
		<shape ax="-51888" ay="246865" bx="-51887" by="246901" cx="-52020" cy="246906" dx="-52019" dy="246861" minz="-10023" maxz="-9873"/>
		<set name="opened" value="false"/>
		<set name="unlockable" value="false"/>
		<set name="key" value="0"/>
		<set name="show_hp" value="false"/>
	</door>
	<door id="18250006" name="Steel_castle_Ctower_S.Iron_C_top_door_01" hp="158250" pdef="644" mdef="518">
		<pos x="-51304" y="245352" z="-9926"/>
		<shape ax="-51239" ay="245335" bx="-51238" by="245371" cx="-51371" cy="245376" dx="-51370" dy="245331" minz="-10023" maxz="-9873"/>
		<set name="opened" value="false"/>
		<set name="unlockable" value="false"/>
		<set name="key" value="0"/>
		<set name="show_hp" value="false"/>
	</door>
	<door id="18250007" name="Steel_castle_Ctower_S.Iron_C_top_door_01" hp="158250" pdef="644" mdef="518">
		<pos x="-49997" y="243410" z="-9929"/>
		<shape ax="-50025" ay="243335" bx="-49977" by="243337" cx="-49971" cy="243487" dx="-50024" dy="243486" minz="-10026" maxz="-9876"/>
		<set name="opened" value="false"/>
		<set name="unlockable" value="false"/>
		<set name="key" value="0"/>
		<set name="show_hp" value="false"/>
	</door>
	<door id="18250008" name="Steel_castle_Ctower_S.Iron_C_top_door_01" hp="158250" pdef="644" mdef="518">
		<pos x="-47920" y="243407" z="-9929"/>
		<shape ax="-47948" ay="243332" bx="-47900" by="243334" cx="-47894" cy="243484" dx="-47947" dy="243483" minz="-10026" maxz="-9876"/>
		<set name="opened" value="false"/>
		<set name="unlockable" value="false"/>
		<set name="key" value="0"/>
		<set name="show_hp" value="false"/>
	</door>
	<door id="18250009" name="Steel_castle_Ctower_S.Iron_C_top_door_01" hp="158250" pdef="644" mdef="518">
		<pos x="-46524" y="245356" z="-9926"/>
		<shape ax="-46459" ay="245339" bx="-46458" by="245375" cx="-46591" cy="245380" dx="-46590" dy="245335" minz="-10023" maxz="-9873"/>
		<set name="opened" value="false"/>
		<set name="unlockable" value="false"/>
		<set name="key" value="0"/>
		<set name="show_hp" value="false"/>
	</door>
	<door id="18250010" name="Steel_castle_Ctower_S.Iron_C_top_door_01" hp="158250" pdef="644" mdef="518">
		<pos x="-45874" y="246878" z="-9926"/>
		<shape ax="-45809" ay="246861" bx="-45808" by="246897" cx="-45941" cy="246902" dx="-45940" dy="246857" minz="-10023" maxz="-9873"/>
		<set name="opened" value="false"/>
		<set name="unlockable" value="false"/>
		<set name="key" value="0"/>
		<set name="show_hp" value="false"/>
	</door>
	<door id="18250011" name="Steel_castle_Ctower_S.Iron_C_top_door_01" hp="158250" pdef="644" mdef="518">
		<pos x="-48406" y="248490" z="-9927"/>
		<shape ax="-48434" ay="248415" bx="-48386" by="248417" cx="-48380" cy="248567" dx="-48433" dy="248566" minz="-10024" maxz="-9874"/>
		<set name="opened" value="false"/>
		<set name="unlockable" value="false"/>
		<set name="key" value="0"/>
		<set name="show_hp" value="false"/>
	</door>
	<door id="18250013" name="Steel_castle_Ctower_S.Iron_C_top_door_01" hp="158250" pdef="644" mdef="518">
		<pos x="-51960" y="246886" z="-10787"/>
		<shape ax="-51895" ay="246869" bx="-51894" by="246905" cx="-52027" cy="246910" dx="-52026" dy="246865" minz="-10884" maxz="-10734"/>
		<set name="opened" value="false"/>
		<set name="unlockable" value="false"/>
		<set name="key" value="0"/>
		<set name="show_hp" value="false"/>
	</door>
	<door id="18250014" name="Steel_castle_Ctower_S.Iron_C_top_door_01" hp="158250" pdef="644" mdef="518">
		<pos x="-51308" y="245351" z="-10787"/>
		<shape ax="-51243" ay="245334" bx="-51242" by="245370" cx="-51375" cy="245375" dx="-51374" dy="245330" minz="-10884" maxz="-10734"/>
		<set name="opened" value="false"/>
		<set name="unlockable" value="false"/>
		<set name="key" value="0"/>
		<set name="show_hp" value="false"/>
	</door>
	<door id="18250015" name="Steel_castle_Ctower_S.Iron_C_top_door_01" hp="158250" pdef="644" mdef="518">
		<pos x="-49453" y="243765" z="-10788"/>
		<shape ax="-49481" ay="243690" bx="-49433" by="243692" cx="-49427" cy="243842" dx="-49480" dy="243841" minz="-10885" maxz="-10735"/>
		<set name="opened" value="false"/>
		<set name="unlockable" value="false"/>
		<set name="key" value="0"/>
		<set name="show_hp" value="false"/>
	</door>
	<door id="18250017" name="Steel_castle_Ctower_S.Iron_C_top_door_01" hp="158250" pdef="644" mdef="518">
		<pos x="-45902" y="245343" z="-11650"/>
		<shape ax="-45837" ay="245326" bx="-45836" by="245362" cx="-45969" cy="245367" dx="-45968" dy="245322" minz="-11747" maxz="-11597"/>
		<set name="opened" value="false"/>
		<set name="unlockable" value="false"/>
		<set name="key" value="0"/>
		<set name="show_hp" value="false"/>
	</door>
	<door id="18250018" name="Steel_castle_Ctower_S.Iron_C_top_door_01" hp="158250" pdef="644" mdef="518">
		<pos x="-46552" y="246875" z="-11650"/>
		<shape ax="-46487" ay="246858" bx="-46486" by="246894" cx="-46619" cy="246899" dx="-46618" dy="246854" minz="-11747" maxz="-11597"/>
		<set name="opened" value="false"/>
		<set name="unlockable" value="false"/>
		<set name="key" value="0"/>
		<set name="show_hp" value="false"/>
	</door>
	<door id="18250019" name="Steel_castle_Ctower_S.Iron_C_top_door_01" hp="158250" pdef="644" mdef="518">
		<pos x="-48405" y="248490" z="-11649"/>
		<shape ax="-48433" ay="248415" bx="-48385" by="248417" cx="-48379" cy="248567" dx="-48432" dy="248566" minz="-11746" maxz="-11596"/>
		<set name="opened" value="false"/>
		<set name="unlockable" value="false"/>
		<set name="key" value="0"/>
		<set name="show_hp" value="false"/>
	</door>
	<door id="18250021" name="Steel_castle_Ctower_S.Iron_C_top_door_01" hp="158250" pdef="644" mdef="518">
		<pos x="-51957" y="246910" z="-12511"/>
		<shape ax="-51892" ay="246893" bx="-51891" by="246929" cx="-52024" cy="246934" dx="-52023" dy="246889" minz="-12608" maxz="-12458"/>
		<set name="opened" value="false"/>
		<set name="unlockable" value="false"/>
		<set name="key" value="0"/>
		<set name="show_hp" value="false"/>
	</door>
	<door id="18250022" name="Steel_castle_Ctower_S.Iron_C_top_door_01" hp="158250" pdef="644" mdef="518">
		<pos x="-51305" y="245388" z="-12511"/>
		<shape ax="-51240" ay="245371" bx="-51239" by="245407" cx="-51372" cy="245412" dx="-51371" dy="245367" minz="-12608" maxz="-12458"/>
		<set name="opened" value="false"/>
		<set name="unlockable" value="false"/>
		<set name="key" value="0"/>
		<set name="show_hp" value="false"/>
	</door>
	<door id="18250023" name="Steel_castle_Ctower_S.Iron_C_top_door_01" hp="158250" pdef="644" mdef="518">
		<pos x="-49028" y="243324" z="-13316"/>
		<shape ax="-49056" ay="243249" bx="-49008" by="243251" cx="-49002" cy="243401" dx="-49055" dy="243400" minz="-13413" maxz="-13263"/>
		<set name="opened" value="false"/>
		<set name="unlockable" value="false"/>
		<set name="key" value="0"/>
		<set name="show_hp" value="false"/>
	</door>
	<door id="18250024" name="Steel_castle_Ctower_S.Iron_C_top_door_01" hp="158250" pdef="644" mdef="518">
		<pos x="-47490" y="243973" z="-13316"/>
		<shape ax="-47518" ay="243898" bx="-47470" by="243900" cx="-47464" cy="244050" dx="-47517" dy="244049" minz="-13413" maxz="-13263"/>
		<set name="opened" value="false"/>
		<set name="unlockable" value="false"/>
		<set name="key" value="0"/>
		<set name="show_hp" value="false"/>
	</door>
	<door id="18250025" name="Steel_castle_Ctower_S.Iron_C_top_door_01" hp="158250" pdef="644" mdef="518">
		<pos x="-45480" y="245970" z="-14122"/>
		<shape ax="-45415" ay="245953" bx="-45414" by="245989" cx="-45547" cy="245994" dx="-45546" dy="245949" minz="-14219" maxz="-14069"/>
		<set name="opened" value="true"/>
		<set name="unlockable" value="false"/>
		<set name="key" value="0"/>
		<set name="show_hp" value="false"/>
	</door>
	<door id="18250101" name="Steel_castle_Ctower_S.Iron_C_trap_door" hp="158250" pdef="644" mdef="518">
		<pos x="-48931" y="247719" z="-10019"/>
		<shape ax="-49042" ay="247687" bx="-48810" by="247689" cx="-48810" cy="247750" dx="-49045" dy="247751" minz="-10031" maxz="-9881"/>
		<set name="opened" value="false"/>
		<set name="unlockable" value="false"/>
		<set name="key" value="0"/>
		<set name="show_hp" value="false"/>
	</door>
	<door id="18250102" name="Steel_castle_Ctower_S.Iron_C_trap_door" hp="158250" pdef="644" mdef="518">
		<pos x="-48926" y="244536" z="-10880"/>
		<shape ax="-48802" ay="244589" bx="-49042" by="244595" cx="-49052" cy="244488" dx="-48801" dy="244499" minz="-10892" maxz="-10742"/>
		<set name="opened" value="false"/>
		<set name="unlockable" value="false"/>
		<set name="key" value="0"/>
		<set name="show_hp" value="false"/>
	</door>
	<door id="18250103" name="Steel_castle_Ctower_S.Iron_C_trap_door" hp="158250" pdef="644" mdef="518">
		<pos x="-48931" y="247719" z="-11741"/>
		<shape ax="-49042" ay="247687" bx="-48810" by="247689" cx="-48810" cy="247750" dx="-49045" dy="247751" minz="-11753" maxz="-11603"/>
		<set name="opened" value="false"/>
		<set name="unlockable" value="false"/>
		<set name="key" value="0"/>
		<set name="show_hp" value="false"/>
	</door>
</list>
