<?xml version="1.0" encoding="UTF-8"?><!DOCTYPE list SYSTEM "doors.dtd">

<list>
	<door id="19260001" name="Steel_castlein2_s.Steel_castle_Broom.Iron_B_5F_door" hp="158250" pdef="644" mdef="518">
		<pos x="-13381" y="276039" z="-9066"/>
		<shape ax="-13344" ay="275981" bx="-13397" by="276108" cx="-13418" cy="276097" dx="-13366" dy="275971" minz="-9066" maxz="-8916"/>
		<set name="opened" value="false"/>
		<set name="unlockable" value="false"/>
		<set name="key" value="0"/>
		<set name="show_hp" value="false"/>
		<set name="close_time" value="120"/>
	</door>
	<door id="19260002" name="Steel_castlein2_s.Steel_castle_Broom.Iron_B_5F_door" hp="158250" pdef="644" mdef="518">
		<pos x="-13463" y="275658" z="-9066"/>
		<shape ax="-13429" ay="275722" bx="-13527" by="275624" cx="-13495" cy="275594" dx="-13399" dy="275692" minz="-9066" maxz="-8916"/>
		<set name="opened" value="false"/>
		<set name="unlockable" value="false"/>
		<set name="key" value="0"/>
		<set name="show_hp" value="false"/>
		<set name="close_time" value="120"/>
	</door>
	<door id="19260003" name="Steel_castlein2_s.Steel_castle_Broom.Iron_B_5F_door" hp="158250" pdef="644" mdef="518">
		<pos x="-11975" y="275812" z="-9066"/>
		<shape ax="-12050" ay="275792" bx="-11902" by="275790" cx="-11901" cy="275832" dx="-12049" dy="275834" minz="-9066" maxz="-8916"/>
		<set name="opened" value="false"/>
		<set name="unlockable" value="false"/>
		<set name="key" value="0"/>
		<set name="show_hp" value="false"/>
		<set name="close_time" value="120"/>
	</door>
	<door id="19260004" name="Steel_castlein2_s.Steel_castle_Broom.Iron_B_5F_door" hp="158250" pdef="644" mdef="518">
		<pos x="-11808" y="275635" z="-9066"/>
		<shape ax="-11822" ay="275566" bx="-11770" by="275695" cx="-11793" cy="275704" dx="-11846" dy="275574" minz="-9066" maxz="-8916"/>
		<set name="opened" value="false"/>
		<set name="unlockable" value="false"/>
		<set name="key" value="0"/>
		<set name="show_hp" value="false"/>
		<set name="close_time" value="120"/>
	</door>
	<door id="19260005" name="Steel_castlein2_s.Steel_castle_Broom.Iron_B_5F_door" hp="158250" pdef="644" mdef="518">
		<pos x="-12188" y="275473" z="-9066"/>
		<shape ax="-12263" ay="275453" bx="-12115" by="275451" cx="-12114" cy="275493" dx="-12262" dy="275495" minz="-9066" maxz="-8916"/>
		<set name="opened" value="false"/>
		<set name="unlockable" value="false"/>
		<set name="key" value="0"/>
		<set name="show_hp" value="false"/>
		<set name="close_time" value="120"/>
	</door>
	<door id="19260006" name="Steel_castlein2_s.Steel_castle_Broom.Iron_B_5F_door" hp="158250" pdef="644" mdef="518">
		<pos x="-10421" y="274796" z="-9066"/>
		<shape ax="-10479" ay="274758" bx="-10352" by="274812" cx="-10362" cy="274835" dx="-10490" dy="274781" minz="-9066" maxz="-8916"/>
		<set name="opened" value="false"/>
		<set name="unlockable" value="false"/>
		<set name="key" value="0"/>
		<set name="show_hp" value="false"/>
		<set name="close_time" value="120"/>
	</door>
	<door id="19260007" name="Steel_castlein2_s.Steel_castle_Broom.Iron_B_5F_door" hp="158250" pdef="644" mdef="518">
		<pos x="-10655" y="274496" z="-9066"/>
		<shape ax="-10630" ay="274424" bx="-10630" by="274567" cx="-10681" cy="274568" dx="-10681" dy="274424" minz="-9066" maxz="-8916"/>
		<set name="opened" value="false"/>
		<set name="unlockable" value="false"/>
		<set name="key" value="0"/>
		<set name="show_hp" value="false"/>
		<set name="close_time" value="120"/>
	</door>
	<door id="19260008" name="Steel_castlein2_s.Steel_castle_Broom.Iron_B_5F_door" hp="158250" pdef="644" mdef="518">
		<pos x="-10996" y="274280" z="-9066"/>
		<shape ax="-10971" ay="274208" bx="-10971" by="274351" cx="-11022" cy="274352" dx="-11022" dy="274208" minz="-9066" maxz="-8916"/>
		<set name="opened" value="false"/>
		<set name="unlockable" value="false"/>
		<set name="key" value="0"/>
		<set name="show_hp" value="false"/>
		<set name="close_time" value="120"/>
	</door>
	<door id="19260009" name="Steel_castlein2_s.Steel_castle_Broom.Iron_B_5F_door" hp="158250" pdef="644" mdef="518">
		<pos x="-10826" y="273222" z="-9066"/>
		<shape ax="-10896" ay="273235" bx="-10765" by="273184" cx="-10755" cy="273209" dx="-10886" dy="273261" minz="-9066" maxz="-8916"/>
		<set name="opened" value="false"/>
		<set name="unlockable" value="false"/>
		<set name="key" value="0"/>
		<set name="show_hp" value="false"/>
		<set name="close_time" value="120"/>
	</door>
	<door id="19260010" name="Steel_castlein2_s.Steel_castle_Broom.Iron_B_5F_door" hp="158250" pdef="644" mdef="518">
		<pos x="-11167" y="273363" z="-9066"/>
		<shape ax="-11237" ay="273376" bx="-11106" by="273325" cx="-11096" cy="273350" dx="-11227" dy="273402" minz="-9066" maxz="-8916"/>
		<set name="opened" value="false"/>
		<set name="unlockable" value="false"/>
		<set name="key" value="0"/>
		<set name="show_hp" value="false"/>
		<set name="close_time" value="120"/>
	</door>
	<door id="19260011" name="Steel_castlein2_s.Steel_castle_Broom.Iron_B_5F_door" hp="158250" pdef="644" mdef="518">
		<pos x="-10802" y="273010" z="-9066"/>
		<shape ax="-10768" ay="273074" bx="-10866" by="272976" cx="-10834" cy="272946" dx="-10738" dy="273044" minz="-9066" maxz="-8916"/>
		<set name="opened" value="false"/>
		<set name="unlockable" value="false"/>
		<set name="key" value="0"/>
		<set name="show_hp" value="false"/>
		<set name="close_time" value="120"/>
	</door>
	<door id="19260012" name="Steel_castlein2_s.Steel_castle_Broom.Iron_B_5F_door" hp="158250" pdef="644" mdef="518">
		<pos x="-11041" y="272456" z="-9066"/>
		<shape ax="-11100" ay="272496" bx="-10999" by="272397" cx="-10982" cy="272415" dx="-11079" dy="272517" minz="-9066" maxz="-8916"/>
		<set name="opened" value="false"/>
		<set name="unlockable" value="false"/>
		<set name="key" value="0"/>
		<set name="show_hp" value="false"/>
		<set name="close_time" value="120"/>
	</door>
	<door id="19260013" name="Steel_castlein2_s.Steel_castle_Broom.Iron_B_5F_door" hp="158250" pdef="644" mdef="518">
		<pos x="-13084" y="272064" z="-9066"/>
		<shape ax="-13159" ay="272044" bx="-13011" by="272042" cx="-13010" cy="272084" dx="-13158" dy="272086" minz="-9066" maxz="-8916"/>
		<set name="opened" value="false"/>
		<set name="unlockable" value="false"/>
		<set name="key" value="0"/>
		<set name="show_hp" value="false"/>
		<set name="close_time" value="120"/>
	</door>
	<door id="19260014" name="Steel_castlein2_s.Steel_castle_Broom.Iron_B_5F_door" hp="158250" pdef="644" mdef="518">
		<pos x="-12869" y="272404" z="-9066"/>
		<shape ax="-12944" ay="272384" bx="-12796" by="272382" cx="-12795" cy="272424" dx="-12943" dy="272426" minz="-9066" maxz="-8916"/>
		<set name="opened" value="false"/>
		<set name="unlockable" value="false"/>
		<set name="key" value="0"/>
		<set name="show_hp" value="false"/>
		<set name="close_time" value="120"/>
	</door>
	<door id="19260015" name="Steel_castlein2_s.Steel_castle_Broom.Iron_B_5F_door" hp="158250" pdef="644" mdef="518">
		<pos x="-13455" y="272218" z="-9066"/>
		<shape ax="-13521" ay="272252" bx="-13419" by="272153" cx="-13390" cy="272184" dx="-13488" dy="272285" minz="-9066" maxz="-8916"/>
		<set name="opened" value="false"/>
		<set name="unlockable" value="false"/>
		<set name="key" value="0"/>
		<set name="show_hp" value="false"/>
		<set name="close_time" value="120"/>
	</door>
	<door id="19260016" name="Steel_castlein2_s.Steel_castle_Broom.Iron_B_5F_door" hp="158250" pdef="644" mdef="518">
		<pos x="-14625" y="273080" z="-9066"/>
		<shape ax="-14565" ay="273118" bx="-14694" by="273065" cx="-14684" cy="273043" dx="-14557" dy="273096" minz="-9066" maxz="-8916"/>
		<set name="opened" value="false"/>
		<set name="unlockable" value="false"/>
		<set name="key" value="0"/>
		<set name="show_hp" value="false"/>
		<set name="close_time" value="120"/>
	</door>
	<door id="19260017" name="Steel_castlein2_s.Steel_castle_Broom.Iron_B_5F_door" hp="158250" pdef="644" mdef="518">
		<pos x="-14229" y="273244" z="-9066"/>
		<shape ax="-14169" ay="273282" bx="-14298" by="273229" cx="-14288" cy="273207" dx="-14161" dy="273260" minz="-9066" maxz="-8916"/>
		<set name="opened" value="false"/>
		<set name="unlockable" value="false"/>
		<set name="key" value="0"/>
		<set name="show_hp" value="false"/>
		<set name="close_time" value="120"/>
	</door>
	<door id="19260018" name="Steel_castlein2_s.Steel_castle_Broom.Iron_B_5F_door" hp="158250" pdef="644" mdef="518">
		<pos x="-14061" y="273597" z="-9066"/>
		<shape ax="-14036" ay="273525" bx="-14036" by="273668" cx="-14087" cy="273669" dx="-14087" dy="273525" minz="-9066" maxz="-8916"/>
		<set name="opened" value="false"/>
		<set name="unlockable" value="false"/>
		<set name="key" value="0"/>
		<set name="show_hp" value="false"/>
		<set name="close_time" value="120"/>
	</door>
	<door id="19260019" name="Steel_castlein2_s.Steel_castle_Broom.Iron_B_5F_door" hp="158250" pdef="644" mdef="518">
		<pos x="-14619" y="273938" z="-9066"/>
		<shape ax="-14549" ay="273950" bx="-14688" by="273951" cx="-14688" cy="273926" dx="-14549" dy="273926" minz="-9066" maxz="-8916"/>
		<set name="opened" value="false"/>
		<set name="unlockable" value="false"/>
		<set name="key" value="0"/>
		<set name="show_hp" value="false"/>
		<set name="close_time" value="120"/>
	</door>
	<door id="19260020" name="Steel_castlein2_s.Steel_castle_Broom.Iron_B_5F_door" hp="158250" pdef="644" mdef="518">
		<pos x="-14061" y="274283" z="-9066"/>
		<shape ax="-14036" ay="274211" bx="-14036" by="274354" cx="-14087" cy="274355" dx="-14087" dy="274211" minz="-9066" maxz="-8916"/>
		<set name="opened" value="false"/>
		<set name="unlockable" value="false"/>
		<set name="key" value="0"/>
		<set name="show_hp" value="false"/>
		<set name="close_time" value="120"/>
	</door>
	<door id="19260021" name="Steel_castlein2_s.Steel_castle_Broom.Iron_B_5F_door" hp="158250" pdef="644" mdef="518">
		<pos x="-14220" y="274653" z="-9066"/>
		<shape ax="-14152" ay="274637" bx="-14278" by="274690" cx="-14287" cy="274667" dx="-14160" dy="274617" minz="-9066" maxz="-8916"/>
		<set name="opened" value="false"/>
		<set name="unlockable" value="false"/>
		<set name="key" value="0"/>
		<set name="show_hp" value="false"/>
		<set name="close_time" value="120"/>
	</door>
	<door id="19260022" name="Steel_castlein2_s.Steel_castle_Broom.Iron_B_5F_door" hp="158250" pdef="644" mdef="518">
		<pos x="-13879" y="274514" z="-9066"/>
		<shape ax="-13811" ay="274498" bx="-13937" by="274551" cx="-13946" cy="274528" dx="-13819" dy="274478" minz="-9066" maxz="-8916"/>
		<set name="opened" value="false"/>
		<set name="unlockable" value="false"/>
		<set name="key" value="0"/>
		<set name="show_hp" value="false"/>
		<set name="close_time" value="120"/>
	</door>
	<door id="19260023" name="Steel_castlein2_s.Steel_castle_Broom.Iron_B_5F_door" hp="158250" pdef="644" mdef="518">
		<pos x="-13239" y="272241" z="-9066"/>
		<shape ax="-13224" ay="272310" bx="-13276" by="272181" cx="-13253" cy="272172" dx="-13201" dy="272299" minz="-9066" maxz="-8916"/>
		<set name="opened" value="false"/>
		<set name="unlockable" value="false"/>
		<set name="key" value="0"/>
		<set name="show_hp" value="false"/>
		<set name="close_time" value="120"/>
	</door>
	<door id="19260051" name="Steel_castlein2_s.Steel_castle_Broom.Iron_B_5F_door" hp="158250" pdef="644" mdef="518">
		<pos x="-13614" y="273336" z="-9066"/>
		<shape ax="-13676" ay="273370" bx="-13578" by="273273" cx="-13550" cy="273302" dx="-13646" dy="273401" minz="-9066" maxz="-8916"/>
		<set name="opened" value="false"/>
		<set name="unlockable" value="false"/>
		<set name="key" value="0"/>
		<set name="show_hp" value="false"/>
		<set name="close_time" value="120"/>
	</door>
	<door id="19260052" name="Steel_castlein2_s.Steel_castle_Broom.Iron_B_5F_door" hp="158250" pdef="644" mdef="518">
		<pos x="-11924" y="272856" z="-9066"/>
		<shape ax="-11890" ay="272920" bx="-11988" by="272822" cx="-11956" cy="272792" dx="-11860" dy="272890" minz="-9066" maxz="-8916"/>
		<set name="opened" value="false"/>
		<set name="unlockable" value="false"/>
		<set name="key" value="0"/>
		<set name="show_hp" value="false"/>
		<set name="close_time" value="120"/>
	</door>
	<door id="19260053" name="Steel_castlein2_s.Steel_castle_Broom.Iron_B_1F_door" hp="158250" pdef="644" mdef="518">
		<pos x="-13955" y="273258" z="-15216"/>
		<shape ax="-14035" ay="273250" bx="-13875" by="273250" cx="-13875" cy="273265" dx="-14035" dy="273265" minz="-15334" maxz="-15184"/>
		<set name="opened" value="false"/>
		<set name="unlockable" value="false"/>
		<set name="key" value="0"/>
		<set name="show_hp" value="false"/>
		<set name="close_time" value="120"/>
	</door>
	<door id="19260054" name="Steel_castlein2_s.Steel_castle_Broom.Iron_B_1F_door" hp="158250" pdef="644" mdef="518">
		<pos x="-13307" y="274610" z="-15216"/>
		<shape ax="-13387" ay="274602" bx="-13227" by="274602" cx="-13227" cy="274617" dx="-13387" dy="274617" minz="-15334" maxz="-15184"/>
		<set name="opened" value="false"/>
		<set name="unlockable" value="false"/>
		<set name="key" value="0"/>
		<set name="show_hp" value="false"/>
		<set name="close_time" value="120"/>
	</door>
</list>
