<?xml version="1.0" encoding="UTF-8"?><!DOCTYPE list SYSTEM "doors.dtd">

<list>
	<door id="19250001" name="hellbound_01_s.Native.Hell_native013" hp="158250" pdef="644" mdef="518">
		<pos x="-28564" y="249888" z="-3505"/>
		<shape ax="-28502" ay="249878" bx="-28567" by="249880" cx="-28568" cy="249903" dx="-28500" dy="249903" minz="-3505" maxz="-3355"/>
		<set name="opened" value="false"/>
		<set name="unlockable" value="false"/>
		<set name="key" value="0"/>
		<set name="show_hp" value="false"/>
	</door>
	<door id="19250002" name="hellbound_01_s.Native.Hell_native013" hp="158250" pdef="644" mdef="518">
		<pos x="-28438" y="249888" z="-3505"/>
		<shape ax="-28513" ay="249875" bx="-28417" by="249873" cx="-28417" cy="249903" dx="-28514" dy="249902" minz="-3505" maxz="-3355"/>
		<set name="opened" value="false"/>
		<set name="unlockable" value="false"/>
		<set name="key" value="0"/>
		<set name="show_hp" value="false"/>
	</door>
	<door id="19250003" name="hellbound_01_s.Native.Hell_native013" hp="158250" pdef="644" mdef="518">
		<pos x="-27410" y="252390" z="-3550"/>
		<shape ax="-27426" ay="252457" bx="-27428" by="252383" cx="-27391" cy="252382" dx="-27390" dy="252459" minz="-3550" maxz="-3400"/>
		<set name="opened" value="false"/>
		<set name="unlockable" value="false"/>
		<set name="key" value="0"/>
		<set name="show_hp" value="false"/>
		<set name="close_time" value="300"/>
	</door>
	<door id="19250004" name="hellbound_01_s.Native.Hell_native013" hp="158250" pdef="644" mdef="518">
		<pos x="-27410" y="252516" z="-3550"/>
		<shape ax="-27428" ay="252450" bx="-27422" by="252522" cx="-27393" cy="252526" dx="-27390" dy="252450" minz="-3550" maxz="-3400"/>
		<set name="opened" value="false"/>
		<set name="unlockable" value="false"/>
		<set name="key" value="0"/>
		<set name="show_hp" value="false"/>
		<set name="close_time" value="300"/>
	</door>
</list>
