<?xml version="1.0" encoding="UTF-8"?><!DOCTYPE list SYSTEM "doors.dtd">

<list>
	<door id="20250001" name="Steel_castle_s.enter_gate.Hell_gate_door" hp="158250" pdef="644" mdef="518">
		<pos x="6020" y="244628" z="-1958"/>
		<shape ax="6045" ay="244477" bx="6127" by="244531" cx="5997" cy="244775" dx="5912" dy="244721" minz="-1958" maxz="-1808"/>
		<set name="opened" value="false"/>
		<set name="unlockable" value="false"/>
		<set name="key" value="0"/>
		<set name="show_hp" value="false"/>
	</door>
	<door id="20250002" name="FX_E_S.theme_park_e_s.door_trans_mesh00" hp="158250" pdef="644" mdef="518">
		<pos x="153" y="235135" z="-3296"/>
		<shape ax="195" ay="234487" bx="247" by="234487" cx="114" cy="235793" dx="61" dy="235789" minz="-3296" maxz="-3146"/>
		<set name="opened" value="false"/>
		<set name="unlockable" value="false"/>
		<set name="key" value="0"/>
		<set name="show_hp" value="false"/>
	</door>
	<door id="20250004" name="Steel_castle_s.Steel_castle_outer.S_castle_B_doorB" hp="158250" pdef="644" mdef="518">
		<pos x="20631" y="244037" z="11050"/>
		<shape ax="20623" ay="244037" bx="20636" by="244037" cx="20643" cy="244110" dx="20630" dy="244111" minz="11050" maxz="11200"/>
		<set name="opened" value="true"/>
		<set name="unlockable" value="false"/>
		<set name="key" value="0"/>
		<set name="show_hp" value="false"/>
	</door>
	<door id="20250005" name="Steel_castle_s.Steel_castle_outer.S_castle_B_doorA" hp="158250" pdef="644" mdef="518">
		<pos x="20631" y="244037" z="11050"/>
		<shape ax="20617" ay="243964" bx="20630" by="243963" cx="20637" cy="244037" dx="20623" dy="244038" minz="11050" maxz="11200"/>
		<set name="opened" value="true"/>
		<set name="unlockable" value="false"/>
		<set name="key" value="0"/>
		<set name="show_hp" value="false"/>
	</door>
	<door id="20250006" name="Steel_castle_s.Steel_castle_outer.S_castle_C_doorB" hp="158250" pdef="644" mdef="518">
		<pos x="18122" y="244274" z="11587"/>
		<shape ax="18114" ay="244274" bx="18130" by="244274" cx="18138" cy="244371" dx="18123" dy="244373" minz="11587" maxz="11737"/>
		<set name="opened" value="true"/>
		<set name="unlockable" value="false"/>
		<set name="key" value="0"/>
		<set name="show_hp" value="false"/>
	</door>
	<door id="20250007" name="Steel_castle_s.Steel_castle_outer.S_castle_C_doorA" hp="158250" pdef="644" mdef="518">
		<pos x="18122" y="244274" z="11587"/>
		<shape ax="18106" ay="244178" bx="18121" by="244177" cx="18130" cy="244274" dx="18114" dy="244274" minz="11587" maxz="11737"/>
		<set name="opened" value="true"/>
		<set name="unlockable" value="false"/>
		<set name="key" value="0"/>
		<set name="show_hp" value="false"/>
	</door>
	<door id="20250008" name="Steel_castle_s.Steel_castle_outer.S_castle_Tdoor" hp="158250" pdef="644" mdef="518">
		<pos x="18114" y="244274" z="11706"/>
		<shape ax="18089" ay="244053" bx="18097" by="244052" cx="18139" cy="244494" dx="18131" dy="244495" minz="11449" maxz="11599"/>
		<set name="opened" value="false"/>
		<set name="unlockable" value="false"/>
		<set name="key" value="0"/>
		<set name="show_hp" value="false"/>
	</door>
	<door id="20250009" name="Steel_castle_s.Steel_castle_outer.S_castle_Tdoor" hp="158250" pdef="644" mdef="518">
		<pos x="20641" y="244037" z="11181"/>
		<shape ax="20615" ay="243815" bx="20625" by="243814" cx="20668" cy="244260" dx="20658" dy="244259" minz="11181" maxz="11331"/>
		<set name="opened" value="true"/>
		<set name="unlockable" value="false"/>
		<set name="key" value="0"/>
		<set name="show_hp" value="false"/>
	</door>
</list>
