<?xml version="1.0" encoding="UTF-8"?><!DOCTYPE list SYSTEM "doors.dtd">

<list>
	<door id="20210001" name="kuruma002" hp="187500" pdef="476" mdef="518">
		<pos x="17624" y="112427" z="-6456"/>
		<shape ax="17506" ay="112406" bx="17741" by="112402" cx="17741" cy="112452" dx="17506" dy="112449" minz="-6625" maxz="-6287"/>
		<set name="opened" value="false"/>
		<set name="unlockable" value="true"/>
		<set name="key" value="0"/>
		<set name="show_hp" value="false"/>
		<set name="close_time" value="300"/>
	</door>
	<door id="20210002" name="kuruma001" hp="187500" pdef="476" mdef="518">
		<pos x="17820" y="112427" z="-6456"/>
		<shape ax="17705" ay="112402" bx="17938" by="112406" cx="17938" cy="112448" dx="17705" dy="112452" minz="-6627" maxz="-6289"/>
		<set name="opened" value="false"/>
		<set name="unlockable" value="true"/>
		<set name="key" value="0"/>
		<set name="show_hp" value="false"/>
		<set name="close_time" value="300"/>
	</door>
	<door id="20210003" name="kuruma003" hp="187500" pdef="476" mdef="518">
		<pos x="17721" y="112427" z="-6579"/>
		<shape ax="17624" ay="112397" bx="17818" by="112396" cx="17819" cy="112458" dx="17623" dy="112459" minz="-6628" maxz="-6530"/>
		<set name="opened" value="false"/>
		<set name="unlockable" value="true"/>
		<set name="key" value="0"/>
		<set name="show_hp" value="false"/>
		<set name="close_time" value="300"/>
	</door>
</list>
