<?xml version="1.0" encoding="UTF-8"?><!DOCTYPE list SYSTEM "doors.dtd">

<list>
	<door id="21240001" name="Devil.opendoor_001" hp="187500" pdef="100000" mdef="10000">
		<pos x="42000" y="208377" z="-3666"/>
		<shape ax="41864" ay="208294" bx="41868" by="208287" cx="42006" cy="208377" dx="42002" dy="208383" minz="-3785" maxz="-3540"/>
		<set name="opened" value="false"/>
		<set name="unlockable" value="false"/>
		<set name="key" value="0"/>
		<set name="show_hp" value="false"/>
		<set name="open_time" value="120"/>
		<set name="random_time" value="30"/>
		<set name="close_time" value="120"/>
	</door>
	<door id="21240002" name="Devil.opendoor_002" hp="187500" pdef="100000" mdef="10000">
		<pos x="43745" y="212594" z="-3623"/>
		<shape ax="43741" ay="212433" bx="43749" by="212433" cx="43749" cy="212600" dx="43741" dy="212600" minz="-3742" maxz="-3497"/>
		<set name="opened" value="false"/>
		<set name="unlockable" value="false"/>
		<set name="key" value="0"/>
		<set name="show_hp" value="false"/>
		<set name="open_time" value="120"/>
		<set name="random_time" value="30"/>
		<set name="close_time" value="120"/>
	</door>
	<door id="21240003" name="Devil_003" hp="187500" pdef="100000" mdef="518">
		<pos x="42166" y="213285" z="-3643"/>
		<shape ax="42246" ay="213285" bx="42246" by="213285" cx="42085" cy="213285" dx="42085" dy="213285" minz="-3760" maxz="-3515"/>
		<set name="opened" value="false"/>
		<set name="unlockable" value="true"/>
		<set name="key" value="0"/>
		<set name="show_hp" value="false"/>
		<set name="close_time" value="120"/>
	</door>
	<door id="21240004" name="Devil.opendoor_004" hp="187500" pdef="100000" mdef="518">
		<pos x="51110" y="206106" z="-3912"/>
		<shape ax="51270" ay="206103" bx="51270" by="206110" cx="51105" cy="206110" dx="51105" dy="206102" minz="-4031" maxz="-3786"/>
		<set name="opened" value="false"/>
		<set name="unlockable" value="true"/>
		<set name="key" value="0"/>
		<set name="show_hp" value="false"/>
		<set name="close_time" value="120"/>
	</door>
	<door id="21240005" name="Giran_Devil_island_S.devil_ob_door044" hp="187500" pdef="100000" mdef="518">
		<pos x="52910" y="206720" z="-3692"/>
		<shape ax="52910" ay="206638" bx="52910" by="206638" cx="52910" cy="206801" dx="52910" dy="206801" minz="-3808" maxz="-3563"/>
		<set name="opened" value="false"/>
		<set name="unlockable" value="true"/>
		<set name="key" value="0"/>
		<set name="show_hp" value="false"/>
		<set name="close_time" value="120"/>
	</door>
	<door id="21240006" name="Giran_Devil_island_S.devil_ob_door055" hp="187500" pdef="100000" mdef="518">
		<pos x="52423" y="219103" z="-3209"/>
		<shape ax="52423" ay="219032" bx="52423" by="219032" cx="52423" cy="219174" dx="52423" dy="219174" minz="-3312" maxz="-3067"/>
		<set name="opened" value="false"/>
		<set name="unlockable" value="true"/>
		<set name="key" value="0"/>
		<set name="show_hp" value="false"/>
		<set name="close_time" value="3600"/>
	</door>
</list>
