<?xml version="1.0" encoding="UTF-8"?><!DOCTYPE list SYSTEM "doors.dtd">

<list>
	<door id="22230001" name="L2fortress_02_s.fort02_wall_door" hp="474750" pdef="644" mdef="518">
		<pos x="73057" y="184177" z="-2630"/>
		<shape ax="73011" ay="184084" bx="73166" by="184188" cx="73109" cy="184271" dx="72951" dy="184169" minz="-2630" maxz="-2480"/>
		<set name="opened" value="false"/>
		<set name="unlockable" value="false"/>
		<set name="key" value="0"/>
		<set name="show_hp" value="true"/>
		<set name="close_time" value="60"/>
	</door>
	<door id="22230002" name="L2fortress_02_s.Fort02_indoor" hp="474750" pdef="644" mdef="518">
		<pos x="71908" y="185170" z="-2581"/>
		<shape ax="71945" ay="185091" bx="71896" by="185169" cx="71916" cy="185181" dx="71964" dy="185106" minz="-2581" maxz="-2431"/>
		<set name="opened" value="false"/>
		<set name="unlockable" value="false"/>
		<set name="key" value="0"/>
		<set name="show_hp" value="true"/>
		<set name="close_time" value="60"/>
		<set name="ai" value="ResidenceDoor"/>
		<ai_params>
			<set name="residence_id" value="119"/>
		</ai_params>
	</door>
	<door id="22230003" name="L2fortress_02_s.Fort02_indoor" hp="474750" pdef="644" mdef="518">
		<pos x="71995" y="185040" z="-2581"/>
		<shape ax="72005" ay="185044" bx="71957" by="185114" cx="71938" cy="185099" dx="71988" dy="185032" minz="-2581" maxz="-2431"/>
		<set name="opened" value="false"/>
		<set name="unlockable" value="false"/>
		<set name="key" value="0"/>
		<set name="show_hp" value="true"/>
		<set name="close_time" value="60"/>
		<set name="ai" value="ResidenceDoor"/>
		<ai_params>
			<set name="residence_id" value="119"/>
		</ai_params>
	</door>
	<door id="22230004" name="L2fortress_02_s.Fort02_indoor" hp="474750" pdef="644" mdef="518">
		<pos x="73382" y="185443" z="-2609"/>
		<shape ax="73460" ay="185476" bx="73389" by="185427" cx="73371" cy="185452" dx="73442" dy="185501" minz="-2609" maxz="-2459"/>
		<set name="opened" value="false"/>
		<set name="unlockable" value="false"/>
		<set name="key" value="0"/>
		<set name="show_hp" value="false"/>
		<set name="close_time" value="60"/>
	</door>
	<door id="22230005" name="L2fortress_02_s.Fort02_indoor" hp="474750" pdef="644" mdef="518">
		<pos x="73512" y="185530" z="-2609"/>
		<shape ax="73453" ay="185472" bx="73521" by="185519" cx="73505" cy="185542" dx="73433" dy="185497" minz="-2609" maxz="-2459"/>
		<set name="opened" value="false"/>
		<set name="unlockable" value="false"/>
		<set name="key" value="0"/>
		<set name="show_hp" value="false"/>
		<set name="close_time" value="60"/>
	</door>
	<door id="22230006" name="L2fortress_02_s.Fort02_indoor" hp="474750" pdef="644" mdef="518">
		<pos x="72715" y="186442" z="-2609"/>
		<shape ax="72788" ay="186476" bx="72721" by="186432" cx="72708" cy="186449" dx="72776" dy="186496" minz="-2609" maxz="-2459"/>
		<set name="opened" value="false"/>
		<set name="unlockable" value="false"/>
		<set name="key" value="0"/>
		<set name="show_hp" value="false"/>
		<set name="close_time" value="60"/>
	</door>
	<door id="22230007" name="L2fortress_02_s.Fort02_indoor" hp="474750" pdef="644" mdef="518">
		<pos x="72845" y="186528" z="-2609"/>
		<shape ax="72784" ay="186474" bx="72851" by="186521" cx="72839" cy="186537" dx="72771" dy="186493" minz="-2609" maxz="-2459"/>
		<set name="opened" value="false"/>
		<set name="unlockable" value="false"/>
		<set name="key" value="0"/>
		<set name="show_hp" value="false"/>
		<set name="close_time" value="60"/>
	</door>
	<door id="22230008" name="L2fortress_02_s.fort02_wall_door" hp="474750" pdef="644" mdef="518">
		<pos x="73037" y="187834" z="-2630"/>
		<shape ax="72997" ay="187750" bx="73130" by="187839" cx="73080" cy="187923" dx="72945" dy="187829" minz="-2630" maxz="-2480"/>
		<set name="opened" value="false"/>
		<set name="unlockable" value="false"/>
		<set name="key" value="0"/>
		<set name="show_hp" value="true"/>
		<set name="close_time" value="60"/>
	</door>
</list>
