<?xml version="1.0" encoding="UTF-8"?><!DOCTYPE list SYSTEM "doors.dtd">

<list>
	<door id="22250001" name="Eva_001" hp="187500" pdef="476" mdef="518">
		<pos x="86225" y="247062" z="-8584"/>
		<shape ax="86087" ay="246961" bx="86364" by="247159" cx="86362" cy="247162" dx="86085" dy="246964" minz="-8845" maxz="-8333"/>
		<set name="opened" value="false"/>
		<set name="unlockable" value="false"/>
		<set name="key" value="0"/>
		<set name="show_hp" value="false"/>
		<set name="open_time" value="300"/>
		<set name="random_time" value="120"/>
		<set name="close_time" value="20"/>
	</door>
	<door id="22250002" name="Eva_002" hp="187500" pdef="476" mdef="518">
		<pos x="88490" y="253870" z="-8584"/>
		<shape ax="88546" ay="253708" bx="88440" by="254031" cx="88436" cy="254030" dx="88539" dy="253707" minz="-8845" maxz="-8333"/>
		<set name="opened" value="false"/>
		<set name="unlockable" value="false"/>
		<set name="key" value="0"/>
		<set name="show_hp" value="false"/>
		<set name="open_time" value="300"/>
		<set name="random_time" value="120"/>
		<set name="close_time" value="20"/>
	</door>
	<door id="22250003" name="Eva_003" hp="187500" pdef="476" mdef="518">
		<pos x="76872" y="253953" z="-8584"/>
		<shape ax="76928" ay="254117" bx="76816" by="253789" cx="76820" cy="253788" dx="76925" dy="254118" minz="-8856" maxz="-8344"/>
		<set name="opened" value="false"/>
		<set name="unlockable" value="false"/>
		<set name="key" value="0"/>
		<set name="show_hp" value="false"/>
		<set name="open_time" value="300"/>
		<set name="random_time" value="120"/>
		<set name="close_time" value="20"/>
	</door>
	<door id="22250004" name="Eva_004" hp="187500" pdef="476" mdef="518">
		<pos x="79032" y="247128" z="-8583"/>
		<shape ax="78897" ay="247225" bx="79164" by="247032" cx="79162" cy="247031" dx="78900" dy="247228" minz="-8838" maxz="-8326"/>
		<set name="opened" value="false"/>
		<set name="unlockable" value="false"/>
		<set name="key" value="0"/>
		<set name="show_hp" value="false"/>
		<set name="open_time" value="300"/>
		<set name="random_time" value="120"/>
		<set name="close_time" value="20"/>
	</door>
	<door id="22250005" name="Eva_005" hp="187500" pdef="476" mdef="518">
		<pos x="82738" y="246603" z="-9093"/>
		<shape ax="82578" ay="246602" bx="82896" by="246602" cx="82896" cy="246602" dx="82578" dy="246602" minz="-9359" maxz="-8847"/>
		<set name="opened" value="false"/>
		<set name="unlockable" value="false"/>
		<set name="key" value="0"/>
		<set name="show_hp" value="false"/>
		<set name="open_time" value="300"/>
		<set name="random_time" value="120"/>
		<set name="close_time" value="20"/>
	</door>
	<door id="22250006" name="Eva_006" hp="187500" pdef="476" mdef="518">
		<pos x="87902" y="250377" z="-9092"/>
		<shape ax="87851" ay="250218" bx="87963" by="250535" cx="87952" cy="250540" dx="87845" dy="250221" minz="-9361" maxz="-8849"/>
		<set name="opened" value="false"/>
		<set name="unlockable" value="false"/>
		<set name="key" value="0"/>
		<set name="show_hp" value="false"/>
		<set name="open_time" value="300"/>
		<set name="random_time" value="120"/>
		<set name="close_time" value="20"/>
	</door>
	<door id="22250007" name="Eva_007" hp="187500" pdef="476" mdef="518">
		<pos x="85913" y="256377" z="-9092"/>
		<shape ax="86047" ay="256280" bx="85779" by="256477" cx="85778" cy="256475" dx="86046" dy="256278" minz="-9352" maxz="-8840"/>
		<set name="opened" value="false"/>
		<set name="unlockable" value="false"/>
		<set name="key" value="0"/>
		<set name="show_hp" value="false"/>
		<set name="open_time" value="300"/>
		<set name="random_time" value="120"/>
		<set name="close_time" value="20"/>
	</door>
	<door id="22250008" name="Eva_008" hp="187500" pdef="476" mdef="518">
		<pos x="79561" y="256348" z="-9092"/>
		<shape ax="79696" ay="256447" bx="79427" by="256254" cx="79428" cy="256253" dx="79699" dy="256444" minz="-9348" maxz="-8836"/>
		<set name="opened" value="false"/>
		<set name="unlockable" value="false"/>
		<set name="key" value="0"/>
		<set name="show_hp" value="false"/>
		<set name="open_time" value="300"/>
		<set name="random_time" value="120"/>
		<set name="close_time" value="20"/>
	</door>
	<door id="22250009" name="Eva_009" hp="187500" pdef="476" mdef="518">
		<pos x="77616" y="250360" z="-9093"/>
		<shape ax="77560" ay="250521" bx="77661" by="250195" cx="77671" cy="250197" dx="77570" dy="250525" minz="-9360" maxz="-8848"/>
		<set name="opened" value="false"/>
		<set name="unlockable" value="false"/>
		<set name="key" value="0"/>
		<set name="show_hp" value="false"/>
		<set name="open_time" value="300"/>
		<set name="random_time" value="120"/>
		<set name="close_time" value="20"/>
	</door>
	<door id="22250010" name="Eva_010" hp="187500" pdef="476" mdef="518">
		<pos x="80101" y="248387" z="-9610"/>
		<shape ax="79968" ay="248483" bx="80232" by="248290" cx="80233" cy="248291" dx="79970" dy="248485" minz="-9883" maxz="-9371"/>
		<set name="opened" value="false"/>
		<set name="unlockable" value="false"/>
		<set name="key" value="0"/>
		<set name="show_hp" value="false"/>
		<set name="open_time" value="300"/>
		<set name="random_time" value="120"/>
		<set name="close_time" value="20"/>
	</door>
	<door id="22250011" name="Eva_011" hp="187500" pdef="476" mdef="518">
		<pos x="85343" y="248343" z="-9610"/>
		<shape ax="85206" ay="248243" bx="85481" by="248439" cx="85478" cy="248443" dx="85204" dy="248246" minz="-9869" maxz="-9357"/>
		<set name="opened" value="false"/>
		<set name="unlockable" value="false"/>
		<set name="key" value="0"/>
		<set name="show_hp" value="false"/>
		<set name="open_time" value="300"/>
		<set name="random_time" value="120"/>
		<set name="close_time" value="20"/>
	</door>
	<door id="22250012" name="Eva_012" hp="187500" pdef="476" mdef="518">
		<pos x="87018" y="253388" z="-9610"/>
		<shape ax="87076" ay="253226" bx="86969" by="253544" cx="86965" cy="253542" dx="87067" dy="253223" minz="-9875" maxz="-9363"/>
		<set name="opened" value="false"/>
		<set name="unlockable" value="false"/>
		<set name="key" value="0"/>
		<set name="show_hp" value="false"/>
		<set name="open_time" value="300"/>
		<set name="random_time" value="120"/>
		<set name="close_time" value="20"/>
	</door>
	<door id="22250013" name="Eva_013" hp="187500" pdef="476" mdef="518">
		<pos x="82767" y="256485" z="-9610"/>
		<shape ax="82932" ay="256486" bx="82603" by="256485" cx="82603" cy="256485" dx="82932" dy="256484" minz="-9873" maxz="-9361"/>
		<set name="opened" value="false"/>
		<set name="unlockable" value="false"/>
		<set name="key" value="0"/>
		<set name="show_hp" value="false"/>
		<set name="open_time" value="300"/>
		<set name="random_time" value="120"/>
		<set name="close_time" value="20"/>
	</door>
	<door id="22250014" name="Eva_014" hp="187500" pdef="476" mdef="518">
		<pos x="78490" y="253390" z="-9610"/>
		<shape ax="78539" ay="253551" bx="78435" by="253231" cx="78439" cy="253230" dx="78548" dy="253546" minz="-9884" maxz="-9372"/>
		<set name="opened" value="false"/>
		<set name="unlockable" value="false"/>
		<set name="key" value="0"/>
		<set name="show_hp" value="false"/>
		<set name="open_time" value="300"/>
		<set name="random_time" value="120"/>
		<set name="close_time" value="20"/>
	</door>
	<door id="22250015" name="Eva_015" hp="187500" pdef="476" mdef="518">
		<pos x="79252" y="253096" z="-10118"/>
		<shape ax="79302" ay="253256" bx="79196" by="252938" cx="79201" cy="252936" dx="79308" dy="253253" minz="-10386" maxz="-9874"/>
		<set name="opened" value="false"/>
		<set name="unlockable" value="false"/>
		<set name="key" value="0"/>
		<set name="show_hp" value="false"/>
		<set name="open_time" value="300"/>
		<set name="random_time" value="120"/>
		<set name="close_time" value="20"/>
	</door>
	<door id="22250016" name="Eva_016" hp="187500" pdef="476" mdef="518">
		<pos x="79275" y="250855" z="-10118"/>
		<shape ax="79220" ay="251014" bx="79326" by="250697" cx="79328" cy="250698" dx="79225" dy="251017" minz="-10386" maxz="-9874"/>
		<set name="opened" value="false"/>
		<set name="unlockable" value="false"/>
		<set name="key" value="0"/>
		<set name="show_hp" value="false"/>
		<set name="open_time" value="300"/>
		<set name="random_time" value="120"/>
		<set name="close_time" value="20"/>
	</door>
	<door id="22250017" name="Eva_017" hp="187500" pdef="476" mdef="518">
		<pos x="80600" y="249045" z="-10118"/>
		<shape ax="80464" ay="249140" bx="80733" by="248949" cx="80735" cy="248952" dx="80467" dy="249143" minz="-10370" maxz="-9858"/>
		<set name="opened" value="false"/>
		<set name="unlockable" value="false"/>
		<set name="key" value="0"/>
		<set name="show_hp" value="false"/>
		<set name="open_time" value="300"/>
		<set name="random_time" value="120"/>
		<set name="close_time" value="20"/>
	</door>
	<door id="22250018" name="Eva_018" hp="187500" pdef="476" mdef="518">
		<pos x="82836" y="248341" z="-10118"/>
		<shape ax="82672" ay="248340" bx="82999" by="248341" cx="82999" cy="248341" dx="82672" dy="248341" minz="-10391" maxz="-9879"/>
		<set name="opened" value="false"/>
		<set name="unlockable" value="false"/>
		<set name="key" value="0"/>
		<set name="show_hp" value="false"/>
		<set name="open_time" value="300"/>
		<set name="random_time" value="120"/>
		<set name="close_time" value="20"/>
	</door>
	<door id="22250019" name="Eva_019" hp="187500" pdef="476" mdef="518">
		<pos x="84906" y="249034" z="-10116"/>
		<shape ax="84770" ay="248927" bx="85050" by="249131" cx="85041" cy="249141" dx="84761" dy="248938" minz="-10379" maxz="-9867"/>
		<set name="opened" value="false"/>
		<set name="unlockable" value="false"/>
		<set name="key" value="0"/>
		<set name="show_hp" value="false"/>
		<set name="open_time" value="300"/>
		<set name="random_time" value="120"/>
		<set name="close_time" value="20"/>
	</door>
	<door id="22250020" name="Eva_020" hp="187500" pdef="476" mdef="518">
		<pos x="86246" y="250887" z="-10118"/>
		<shape ax="86298" ay="251048" bx="86186" by="250728" cx="86193" cy="250724" dx="86307" dy="251045" minz="-10368" maxz="-9856"/>
		<set name="opened" value="false"/>
		<set name="unlockable" value="false"/>
		<set name="key" value="0"/>
		<set name="show_hp" value="false"/>
		<set name="open_time" value="300"/>
		<set name="random_time" value="120"/>
		<set name="close_time" value="20"/>
	</door>
	<door id="22250021" name="Eva_021" hp="187500" pdef="476" mdef="518">
		<pos x="86213" y="253196" z="-10118"/>
		<shape ax="86157" ay="253357" bx="86260" by="253034" cx="86268" cy="253038" dx="86165" dy="253360" minz="-10380" maxz="-9868"/>
		<set name="opened" value="false"/>
		<set name="unlockable" value="false"/>
		<set name="key" value="0"/>
		<set name="show_hp" value="false"/>
		<set name="open_time" value="300"/>
		<set name="random_time" value="120"/>
		<set name="close_time" value="20"/>
	</door>
	<door id="22250022" name="Eva_022" hp="187500" pdef="476" mdef="518">
		<pos x="84889" y="254972" z="-10118"/>
		<shape ax="84750" ay="255068" bx="85023" by="254873" cx="85027" cy="254877" dx="84754" dy="255073" minz="-10376" maxz="-9864"/>
		<set name="opened" value="false"/>
		<set name="unlockable" value="false"/>
		<set name="key" value="0"/>
		<set name="show_hp" value="false"/>
		<set name="open_time" value="300"/>
		<set name="random_time" value="120"/>
		<set name="close_time" value="20"/>
	</door>
	<door id="22250023" name="Eva_023" hp="187500" pdef="476" mdef="518">
		<pos x="82726" y="255659" z="-10118"/>
		<shape ax="82561" ay="255659" bx="82891" by="255659" cx="82891" cy="255659" dx="82561" dy="255659" minz="-10387" maxz="-9875"/>
		<set name="opened" value="false"/>
		<set name="unlockable" value="false"/>
		<set name="key" value="0"/>
		<set name="show_hp" value="false"/>
		<set name="open_time" value="300"/>
		<set name="random_time" value="120"/>
		<set name="close_time" value="20"/>
	</door>
	<door id="22250024" name="Eva_024" hp="187500" pdef="476" mdef="518">
		<pos x="80590" y="254949" z="-10118"/>
		<shape ax="80724" ay="255050" bx="80454" by="254853" cx="80457" cy="254851" dx="80727" dy="255047" minz="-10372" maxz="-9860"/>
		<set name="opened" value="false"/>
		<set name="unlockable" value="false"/>
		<set name="key" value="0"/>
		<set name="show_hp" value="false"/>
		<set name="open_time" value="300"/>
		<set name="random_time" value="120"/>
		<set name="close_time" value="20"/>
	</door>
	<door id="22250025" name="Eva_025" hp="187500" pdef="476" mdef="518">
		<pos x="81959" y="255493" z="-10734"/>
		<shape ax="81657" ay="255505" bx="82264" by="255508" cx="82264" cy="255478" dx="81657" dy="255480" minz="-10888" maxz="-10376"/>
		<set name="opened" value="false"/>
		<set name="unlockable" value="true"/>
		<set name="key" value="0"/>
		<set name="show_hp" value="false"/>
		<set name="close_time" value="120"/>
	</door>
	<door id="22250026" name="Eva_026" hp="187500" pdef="476" mdef="518">
		<pos x="83496" y="255494" z="-10734"/>
		<shape ax="83194" ay="255511" bx="83795" by="255509" cx="83795" cy="255479" dx="83194" dy="255481" minz="-10891" maxz="-10379"/>
		<set name="opened" value="false"/>
		<set name="unlockable" value="true"/>
		<set name="key" value="0"/>
		<set name="show_hp" value="false"/>
		<set name="close_time" value="120"/>
	</door>
	<door id="22250027" name="Eva_027" hp="187500" pdef="476" mdef="518">
		<pos x="83549" y="248505" z="-10734"/>
		<shape ax="83247" ay="248523" bx="83848" by="248520" cx="83848" cy="248490" dx="83247" dy="248494" minz="-10886" maxz="-10374"/>
		<set name="opened" value="false"/>
		<set name="unlockable" value="true"/>
		<set name="key" value="0"/>
		<set name="show_hp" value="false"/>
		<set name="close_time" value="120"/>
	</door>
	<door id="22250028" name="Eva_028" hp="187500" pdef="476" mdef="518">
		<pos x="82012" y="248506" z="-10734"/>
		<shape ax="81713" ay="248521" bx="82312" by="248520" cx="82312" cy="248490" dx="81713" dy="248491" minz="-10888" maxz="-10376"/>
		<set name="opened" value="false"/>
		<set name="unlockable" value="true"/>
		<set name="key" value="0"/>
		<set name="show_hp" value="false"/>
		<set name="close_time" value="120"/>
	</door>
	<door id="22250029" name="Eva_029" hp="187500" pdef="476" mdef="518">
		<pos x="82560" y="254715" z="-10880"/>
		<shape ax="82395" ay="254712" bx="82727" by="254712" cx="82727" cy="254718" dx="82395" dy="254719" minz="-11183" maxz="-11033"/>
		<set name="opened" value="false"/>
		<set name="unlockable" value="true"/>
		<set name="key" value="0"/>
		<set name="show_hp" value="false"/>
	</door>
</list>
