<?xml version="1.0" encoding="UTF-8"?><!DOCTYPE list SYSTEM "doors.dtd">

<list>
	<door id="23170001" name="border_door_01" hp="158250" pdef="644" mdef="518">
		<pos x="112344" y="-16968" z="-992"/>
		<shape ax="112233" ay="-17023" bx="112460" by="-17016" cx="112460" cy="-16920" dx="112233" dy="-16918" minz="-1045" maxz="-895"/>
		<set name="opened" value="false"/>
		<set name="unlockable" value="true"/>
		<set name="key" value="0"/>
		<set name="show_hp" value="true"/>
		<set name="close_time" value="60"/>
	</door>
	<door id="23170002" name="L2fortress_02_s.Fort02_indoor" hp="474750" pdef="644" mdef="518">
		<pos x="109793" y="-15889" z="-995"/>
		<shape ax="109884" ay="-15900" bx="109788" by="-15900" cx="109786" cy="-15878" dx="109884" dy="-15876" minz="-995" maxz="-845"/>
		<set name="opened" value="false"/>
		<set name="unlockable" value="false"/>
		<set name="key" value="0"/>
		<set name="show_hp" value="true"/>
		<set name="close_time" value="60"/>
		<set name="ai" value="ResidenceDoor"/>
		<ai_params>
			<set name="residence_id" value="117"/>
		</ai_params>
	</door>
	<door id="23170003" name="L2fortress_02_s.Fort02_indoor" hp="474750" pdef="644" mdef="518">
		<pos x="109949" y="-15889" z="-995"/>
		<shape ax="109852" ay="-15900" bx="109958" by="-15900" cx="109958" cy="-15875" dx="109852" dy="-15876" minz="-995" maxz="-845"/>
		<set name="opened" value="false"/>
		<set name="unlockable" value="false"/>
		<set name="key" value="0"/>
		<set name="show_hp" value="true"/>
		<set name="close_time" value="60"/>
		<set name="ai" value="ResidenceDoor"/>
		<ai_params>
			<set name="residence_id" value="117"/>
		</ai_params>
	</door>
	<door id="23170004" name="L2fortress_02_s.Fort02_indoor" hp="474750" pdef="644" mdef="518">
		<pos x="111290" y="-15750" z="-1023"/>
		<shape ax="111375" ay="-15759" bx="111290" by="-15756" cx="111290" cy="-15743" dx="111375" dy="-15744" minz="-1023" maxz="-873"/>
		<set name="opened" value="false"/>
		<set name="unlockable" value="false"/>
		<set name="key" value="0"/>
		<set name="show_hp" value="false"/>
		<set name="close_time" value="60"/>
	</door>
	<door id="23170005" name="L2fortress_02_s.Fort02_indoor" hp="474750" pdef="644" mdef="518">
		<pos x="111446" y="-15750" z="-1023"/>
		<shape ax="111361" ay="-15759" bx="111456" by="-15759" cx="111457" cy="-15741" dx="111360" dy="-15745" minz="-1023" maxz="-873"/>
		<set name="opened" value="false"/>
		<set name="unlockable" value="false"/>
		<set name="key" value="0"/>
		<set name="show_hp" value="false"/>
		<set name="close_time" value="60"/>
	</door>
	<door id="23170006" name="L2fortress_02_s.Fort02_indoor" hp="474750" pdef="644" mdef="518">
		<pos x="109582" y="-14431" z="-1024"/>
		<shape ax="109586" ay="-14441" bx="109590" by="-14343" cx="109574" cy="-14344" dx="109575" dy="-14442" minz="-1024" maxz="-874"/>
		<set name="opened" value="false"/>
		<set name="unlockable" value="false"/>
		<set name="key" value="0"/>
		<set name="show_hp" value="false"/>
		<set name="close_time" value="60"/>
	</door>
	<door id="23170007" name="L2fortress_02_s.Fort02_indoor" hp="474750" pdef="644" mdef="518">
		<pos x="109582" y="-14275" z="-1024"/>
		<shape ax="109575" ay="-14363" bx="109577" by="-14266" cx="109590" cy="-14264" dx="109590" dy="-14362" minz="-1024" maxz="-874"/>
		<set name="opened" value="false"/>
		<set name="unlockable" value="false"/>
		<set name="key" value="0"/>
		<set name="show_hp" value="false"/>
		<set name="close_time" value="60"/>
	</door>
	<door id="23170008" name="L2fortress_02_s.Fort02_indoor" hp="474750" pdef="644" mdef="518">
		<pos x="111290" y="-14549" z="-1023"/>
		<shape ax="111375" ay="-14558" bx="111290" by="-14555" cx="111290" cy="-14542" dx="111375" dy="-14543" minz="-1023" maxz="-873"/>
		<set name="opened" value="false"/>
		<set name="unlockable" value="false"/>
		<set name="key" value="0"/>
		<set name="show_hp" value="false"/>
		<set name="close_time" value="60"/>
	</door>
	<door id="23170009" name="L2fortress_02_s.Fort02_indoor" hp="474750" pdef="644" mdef="518">
		<pos x="111446" y="-14549" z="-1023"/>
		<shape ax="111361" ay="-14558" bx="111456" by="-14558" cx="111457" cy="-14540" dx="111360" dy="-14544" minz="-1023" maxz="-873"/>
		<set name="opened" value="false"/>
		<set name="unlockable" value="false"/>
		<set name="key" value="0"/>
		<set name="show_hp" value="false"/>
		<set name="close_time" value="60"/>
	</door>
	<door id="23170010" name="L2fortress_02_s.Fort02_indoor" hp="474750" pdef="644" mdef="518">
		<pos x="113492" y="-14829" z="-987"/>
		<shape ax="113499" ay="-14734" bx="113484" by="-14841" cx="113499" cy="-14841" dx="113483" dy="-14736" minz="-987" maxz="-837"/>
		<set name="opened" value="false"/>
		<set name="unlockable" value="false"/>
		<set name="key" value="0"/>
		<set name="show_hp" value="true"/>
		<set name="close_time" value="60"/>
		<set name="ai" value="ResidenceDoor"/>
		<ai_params>
			<set name="residence_id" value="117"/>
		</ai_params>
	</door>
	<door id="23170011" name="L2fortress_02_s.Fort02_indoor" hp="474750" pdef="644" mdef="518">
		<pos x="113492" y="-14673" z="-987"/>
		<shape ax="113484" ay="-14760" bx="113485" by="-14659" cx="113501" cy="-14659" dx="113502" dy="-14760" minz="-987" maxz="-837"/>
		<set name="opened" value="false"/>
		<set name="unlockable" value="false"/>
		<set name="key" value="0"/>
		<set name="show_hp" value="true"/>
		<set name="close_time" value="60"/>
		<set name="ai" value="ResidenceDoor"/>
		<ai_params>
			<set name="residence_id" value="117"/>
		</ai_params>
	</door>
	<door id="23170012" name="L2fortress_02_s.fort02_wall_door" hp="474750" pdef="644" mdef="518">
		<pos x="110348" y="-13549" z="-1047"/>
		<shape ax="110232" ay="-13598" bx="110459" by="-13591" cx="110459" cy="-13495" dx="110232" dy="-13493" minz="-1047" maxz="-897"/>
		<set name="opened" value="false"/>
		<set name="unlockable" value="false"/>
		<set name="key" value="0"/>
		<set name="show_hp" value="true"/>
		<set name="close_time" value="60"/>
	</door>
</list>
