<?xml version="1.0" encoding="UTF-8"?><!DOCTYPE list SYSTEM "doors.dtd">

<list>
	<door id="23250001" name="innadrile_castle_outter_002" hp="633000" pdef="644" mdef="518">
		<pos x="116392" y="245462" z="-766"/>
		<shape ax="116399" ay="245469" bx="116254" by="245468" cx="116254" cy="245456" dx="116399" dy="245456" minz="-1090" maxz="-770"/>
		<set name="opened" value="false"/>
		<set name="unlockable" value="false"/>
		<set name="key" value="0"/>
		<set name="show_hp" value="true"/>
	</door>
	<door id="23250002" name="innadrile_castle_outter_001" hp="633000" pdef="644" mdef="518">
		<pos x="116130" y="245462" z="-766"/>
		<shape ax="116123" ay="245456" bx="116268" by="245456" cx="116268" cy="245468" dx="116123" dy="245468" minz="-1090" maxz="-770"/>
		<set name="opened" value="false"/>
		<set name="unlockable" value="false"/>
		<set name="key" value="0"/>
		<set name="show_hp" value="true"/>
	</door>
	<door id="23250003" name="innadrile_castle_wall_001" hp="1357680" pdef="837" mdef="674" type="WALL">
		<pos x="117824" y="247146" z="-978"/>
		<shape ax="117745" ay="246830" bx="117910" by="246832" cx="117910" cy="247462" dx="117747" dy="247467" minz="-1212" maxz="-752"/>
		<set name="opened" value="false"/>
		<set name="unlockable" value="false"/>
		<set name="key" value="0"/>
		<set name="show_hp" value="true"/>
	</door>
	<door id="23250004" name="innadrile_castle_wall_002" hp="1357680" pdef="837" mdef="674" type="WALL">
		<pos x="114497" y="247146" z="-978"/>
		<shape ax="114417" ay="246834" bx="114573" by="246833" cx="114576" cy="247457" dx="114419" dy="247461" minz="-1212" maxz="-752"/>
		<set name="opened" value="false"/>
		<set name="unlockable" value="false"/>
		<set name="key" value="0"/>
		<set name="show_hp" value="true"/>
	</door>
	<door id="23250005" name="innadrile_castle_inner_002" hp="316500" pdef="644" mdef="518">
		<pos x="116155" y="248008" z="-572"/>
		<shape ax="116162" ay="248014" bx="116018" by="248014" cx="116018" cy="248002" dx="116162" dy="248003" minz="-831" maxz="-576"/>
		<set name="opened" value="false"/>
		<set name="unlockable" value="false"/>
		<set name="key" value="0"/>
		<set name="show_hp" value="true"/>
	</door>
	<door id="23250006" name="innadrile_castle_inner_001" hp="316500" pdef="644" mdef="518">
		<pos x="115894" y="248008" z="-572"/>
		<shape ax="115886" ay="248002" bx="116033" by="248002" cx="116033" cy="248014" dx="115886" dy="248014" minz="-831" maxz="-576"/>
		<set name="opened" value="false"/>
		<set name="unlockable" value="false"/>
		<set name="key" value="0"/>
		<set name="show_hp" value="true"/>
	</door>
	<door id="23250007" name="innadrile_castle_small_001" hp="316500" pdef="644" mdef="518">
		<pos x="117145" y="250249" z="-579"/>
		<shape ax="117249" ay="250249" bx="117249" by="250249" cx="117138" cy="250249" dx="117138" dy="250249" minz="-698" maxz="-570"/>
		<set name="opened" value="false"/>
		<set name="unlockable" value="false"/>
		<set name="key" value="0"/>
		<set name="show_hp" value="true"/>
	</door>
	<door id="23250008" name="innadrile_castle_station" hp="316500" pdef="644" mdef="518">
		<pos x="116856" y="250326" z="-102"/>
		<shape ax="116862" ay="250315" bx="116862" by="250478" cx="116850" cy="250478" dx="116850" dy="250315" minz="-354" maxz="-104"/>
		<set name="opened" value="false"/>
		<set name="unlockable" value="false"/>
		<set name="key" value="0"/>
		<set name="show_hp" value="true"/>
	</door>
	<door id="23250009" name="Castle_Kent_Door_S.Castle_Wall_Back_DoorTower_Door" hp="316500" pdef="644" mdef="518">
		<pos x="115850" y="251517" z="-579"/>
		<shape ax="115849" ay="251411" bx="115849" by="251411" cx="115849" cy="251523" dx="115849" dy="251523" minz="-698" maxz="-570"/>
		<set name="opened" value="false"/>
		<set name="unlockable" value="false"/>
		<set name="key" value="0"/>
		<set name="show_hp" value="true"/>
	</door>
</list>
