<?xml version="1.0" encoding="UTF-8"?><!DOCTYPE list SYSTEM "doors.dtd">

<list>
	<door id="23240001" name="L2fortress_02_s.fort02_wall_door" hp="474750" pdef="644" mdef="518">
		<pos x="116614" y="203941" z="-3382"/>
		<shape ax="116565" ay="204003" bx="116637" by="203865" cx="116663" cy="203876" dx="116587" dy="204016" minz="-3382" maxz="-3232"/>
		<set name="opened" value="false"/>
		<set name="unlockable" value="false"/>
		<set name="key" value="0"/>
		<set name="show_hp" value="true"/>
		<set name="close_time" value="60"/>
	</door>
	<door id="23240002" name="L2fortress_02_s.Fort02_indoor" hp="474750" pdef="644" mdef="518">
		<pos x="117846" y="204706" z="-3361"/>
		<shape ax="117851" ay="204708" bx="117889" by="204639" cx="117876" cy="204632" dx="117841" dy="204702" minz="-3361" maxz="-3211"/>
		<set name="opened" value="false"/>
		<set name="unlockable" value="false"/>
		<set name="key" value="0"/>
		<set name="show_hp" value="false"/>
		<set name="close_time" value="60"/>
	</door>
	<door id="23240003" name="L2fortress_02_s.Fort02_indoor" hp="474750" pdef="644" mdef="518">
		<pos x="117920" y="204568" z="-3361"/>
		<shape ax="117925" ay="204570" bx="117889" by="204639" cx="117875" cy="204632" dx="117913" dy="204564" minz="-3361" maxz="-3211"/>
		<set name="opened" value="false"/>
		<set name="unlockable" value="false"/>
		<set name="key" value="0"/>
		<set name="show_hp" value="false"/>
		<set name="close_time" value="60"/>
	</door>
	<door id="23240004" name="L2fortress_02_s.Fort02_indoor" hp="474750" pdef="644" mdef="518">
		<pos x="119430" y="203983" z="-3333"/>
		<shape ax="119458" ay="203909" bx="119422" by="203978" cx="119437" cy="203987" dx="119475" dy="203918" minz="-3333" maxz="-3183"/>
		<set name="opened" value="false"/>
		<set name="unlockable" value="false"/>
		<set name="key" value="0"/>
		<set name="show_hp" value="true"/>
		<set name="close_time" value="60"/>
		<set name="ai" value="ResidenceDoor"/>
		<ai_params>
			<set name="residence_id" value="108"/>
		</ai_params>
	</door>
	<door id="23240005" name="L2fortress_02_s.Fort02_indoor" hp="474750" pdef="644" mdef="518">
		<pos x="119503" y="203846" z="-3333"/>
		<shape ax="119459" ay="203910" bx="119495" by="203841" cx="119513" cy="203849" dx="119476" dy="203919" minz="-3333" maxz="-3183"/>
		<set name="opened" value="false"/>
		<set name="unlockable" value="false"/>
		<set name="key" value="0"/>
		<set name="show_hp" value="true"/>
		<set name="close_time" value="60"/>
		<set name="ai" value="ResidenceDoor"/>
		<ai_params>
			<set name="residence_id" value="108"/>
		</ai_params>
	</door>
	<door id="23240006" name="L2fortress_02_s.Fort02_indoor" hp="474750" pdef="644" mdef="518">
		<pos x="117847" y="204708" z="-3361"/>
		<shape ax="118912" ay="205275" bx="118950" by="205205" cx="118934" cy="205198" dx="118899" dy="205268" minz="-3361" maxz="-3211"/>
		<set name="opened" value="false"/>
		<set name="unlockable" value="false"/>
		<set name="key" value="0"/>
		<set name="show_hp" value="false"/>
		<set name="close_time" value="60"/>
	</door>
	<door id="23240007" name="L2fortress_02_s.Fort02_indoor" hp="474750" pdef="644" mdef="518">
		<pos x="117922" y="204568" z="-3361"/>
		<shape ax="118985" ay="205137" bx="118949" by="205207" cx="118934" cy="205200" dx="118971" dy="205131" minz="-3361" maxz="-3211"/>
		<set name="opened" value="false"/>
		<set name="unlockable" value="false"/>
		<set name="key" value="0"/>
		<set name="show_hp" value="false"/>
		<set name="close_time" value="60"/>
	</door>
	<door id="23240008" name="L2fortress_02_s.fort02_wall_door" hp="474750" pdef="644" mdef="518">
		<pos x="120248" y="205879" z="-3382"/>
		<shape ax="120195" ay="205938" bx="120272" by="205801" cx="120297" cy="205815" dx="120225" dy="205954" minz="-3382" maxz="-3232"/>
		<set name="opened" value="false"/>
		<set name="unlockable" value="false"/>
		<set name="key" value="0"/>
		<set name="show_hp" value="true"/>
		<set name="close_time" value="60"/>
	</door>
</list>
