<?xml version="1.0" encoding="UTF-8"?><!DOCTYPE list SYSTEM "doors.dtd">

<list>
	<door id="23220001" name="giran_castle_outter_001" hp="633000" pdef="644" mdef="518">
		<pos x="112857" y="144729" z="-2540"/>
		<shape ax="112851" ay="144720" bx="112863" by="144867" cx="112850" cy="144867" dx="112863" dy="144720" minz="-2864" maxz="-2544"/>
		<set name="opened" value="false"/>
		<set name="unlockable" value="false"/>
		<set name="key" value="0"/>
		<set name="show_hp" value="true"/>
	</door>
	<door id="23220002" name="giran_castle_outter_002" hp="633000" pdef="644" mdef="518">
		<pos x="112857" y="144990" z="-2540"/>
		<shape ax="112851" ay="144997" bx="112851" by="144852" cx="112863" cy="144852" dx="112863" dy="144997" minz="-2864" maxz="-2544"/>
		<set name="opened" value="false"/>
		<set name="unlockable" value="false"/>
		<set name="key" value="0"/>
		<set name="show_hp" value="true"/>
	</door>
	<door id="23220003" name="giran_castle_wall_001" hp="1357680" pdef="837" mdef="674" type="WALL">
		<pos x="114540" y="143296" z="-2755"/>
		<shape ax="114232" ay="143359" bx="114232" by="143232" cx="114847" cy="143232" dx="114847" dy="143359" minz="-2991" maxz="-2531"/>
		<set name="opened" value="false"/>
		<set name="unlockable" value="false"/>
		<set name="key" value="0"/>
		<set name="show_hp" value="true"/>
	</door>
	<door id="23220004" name="giran_castle_wall_002" hp="1357680" pdef="837" mdef="674" type="WALL">
		<pos x="114540" y="146623" z="-2755"/>
		<shape ax="114232" ay="146687" bx="114232" by="146560" cx="114848" cy="146560" dx="114848" dy="146687" minz="-2989" maxz="-2529"/>
		<set name="opened" value="false"/>
		<set name="unlockable" value="false"/>
		<set name="key" value="0"/>
		<set name="show_hp" value="true"/>
	</door>
	<door id="23220005" name="giran_castle_inner_001" hp="316500" pdef="644" mdef="518">
		<pos x="115402" y="144965" z="-2349"/>
		<shape ax="115408" ay="144957" bx="115408" by="145104" cx="115396" cy="145104" dx="115396" dy="144957" minz="-2607" maxz="-2352"/>
		<set name="opened" value="false"/>
		<set name="unlockable" value="false"/>
		<set name="key" value="0"/>
		<set name="show_hp" value="true"/>
	</door>
	<door id="23220006" name="giran_castle_inner_002" hp="316500" pdef="644" mdef="518">
		<pos x="115402" y="145227" z="-2349"/>
		<shape ax="115396" ay="145235" bx="115396" by="145088" cx="115408" cy="145088" dx="115408" dy="145235" minz="-2607" maxz="-2352"/>
		<set name="opened" value="false"/>
		<set name="unlockable" value="false"/>
		<set name="key" value="0"/>
		<set name="show_hp" value="true"/>
	</door>
	<door id="23220007" name="Castle_Kent_Door_S.Castle_Wall_Back_DoorTower_Door" hp="316500" pdef="644" mdef="518">
		<pos x="117643" y="143974" z="-2356"/>
		<shape ax="117643" ay="143869" bx="117643" by="143869" cx="117643" cy="143981" dx="117643" dy="143981" minz="-2475" maxz="-2347"/>
		<set name="opened" value="false"/>
		<set name="unlockable" value="false"/>
		<set name="key" value="0"/>
		<set name="show_hp" value="true"/>
	</door>
	<door id="23220008" name="giran_castle_station" hp="316500" pdef="644" mdef="518">
		<pos x="117720" y="144242" z="-1877"/>
		<shape ax="117715" ay="144236" bx="117865" by="144236" cx="117865" cy="144248" dx="117715" dy="144248" minz="-2129" maxz="-1879"/>
		<set name="opened" value="false"/>
		<set name="unlockable" value="false"/>
		<set name="key" value="0"/>
		<set name="show_hp" value="true"/>
	</door>
	<door id="23220009" name="Castle_Kent_Door_S.Castle_Wall_Back_DoorTower_Door" hp="316500" pdef="644" mdef="518">
		<pos x="118811" y="145270" z="-2356"/>
		<shape ax="118916" ay="145270" bx="118916" by="145270" cx="118805" cy="145270" dx="118805" dy="145270" minz="-2475" maxz="-2347"/>
		<set name="opened" value="false"/>
		<set name="unlockable" value="false"/>
		<set name="key" value="0"/>
		<set name="show_hp" value="true"/>
	</door>
</list>
