<?xml version="1.0" encoding="UTF-8"?><!DOCTYPE list SYSTEM "doors.dtd">

<list>
	<door id="24230001" name="Oracle_beleth_S.beleth_door01" hp="158250" pdef="644" mdef="518">
		<pos x="147153" y="180447" z="-6145"/>
		<shape ax="147127" ay="180368" bx="147176" by="180370" cx="147176" cy="180528" dx="147127" dy="180527" minz="-6145" maxz="-5995"/>
		<set name="opened" value="false"/>
		<set name="unlockable" value="false"/>
		<set name="key" value="0"/>
		<set name="show_hp" value="false"/>
	</door>
	<door id="24230002" name="Oracle_beleth_S.beleth_door01" hp="158250" pdef="644" mdef="518">
		<pos x="147818" y="180022" z="-6146"/>
		<shape ax="147741" ay="180001" bx="147893" by="180000" cx="147895" cy="180042" dx="147741" dy="180042" minz="-6145" maxz="-5995"/>
		<set name="opened" value="false"/>
		<set name="unlockable" value="false"/>
		<set name="key" value="0"/>
		<set name="show_hp" value="false"/>
	</door>
	<door id="24230003" name="Oracle_beleth_S.beleth_door01" hp="158250" pdef="644" mdef="518">
		<pos x="148606" y="180447" z="-6145"/>
		<shape ax="148580" ay="180368" bx="148629" by="180370" cx="148629" cy="180528" dx="148580" dy="180527" minz="-6145" maxz="-5995"/>
		<set name="opened" value="false"/>
		<set name="unlockable" value="false"/>
		<set name="key" value="0"/>
		<set name="show_hp" value="false"/>
	</door>
	<door id="24230004" name="Oracle_beleth_S.beleth_door01" hp="158250" pdef="644" mdef="518">
		<pos x="148910" y="179902" z="-6145"/>
		<shape ax="148833" ay="179881" bx="148985" by="179880" cx="148987" cy="179922" dx="148833" dy="179922" minz="-6145" maxz="-5995"/>
		<set name="opened" value="false"/>
		<set name="unlockable" value="false"/>
		<set name="key" value="0"/>
		<set name="show_hp" value="false"/>
	</door>
	<door id="24230005" name="Oracle_beleth_S.beleth_door01" hp="158250" pdef="644" mdef="518">
		<pos x="147818" y="180992" z="-6145"/>
		<shape ax="147741" ay="180971" bx="147893" by="180970" cx="147895" cy="181012" dx="147741" dy="181012" minz="-6145" maxz="-5995"/>
		<set name="opened" value="false"/>
		<set name="unlockable" value="false"/>
		<set name="key" value="0"/>
		<set name="show_hp" value="false"/>
	</door>
	<door id="24230006" name="Oracle_beleth_S.beleth_door01" hp="158250" pdef="644" mdef="518">
		<pos x="148910" y="181282" z="-6145"/>
		<shape ax="148833" ay="181261" bx="148985" by="181260" cx="148987" cy="181302" dx="148833" dy="181302" minz="-6145" maxz="-5995"/>
		<set name="opened" value="false"/>
		<set name="unlockable" value="false"/>
		<set name="key" value="0"/>
		<set name="show_hp" value="false"/>
	</door>
	<door id="24230007" name="FX_E_S.theme_park_e_s.door_trans_mesh00" hp="158250" pdef="644" mdef="518">
		<pos x="148912" y="179201" z="-6164"/>
		<shape ax="148566" ay="179194" bx="149256" by="179192" cx="149256" cy="179210" dx="148567" dy="179207" minz="-6163" maxz="-6013"/>
		<set name="opened" value="false"/>
		<set name="unlockable" value="false"/>
		<set name="key" value="0"/>
		<set name="show_hp" value="false"/>
	</door>
	<door id="24230008" name="FX_E_S.theme_park_e_s.door_trans_mesh00" hp="158250" pdef="644" mdef="518">
		<pos x="148915" y="179087" z="-6165"/>
		<shape ax="148569" ay="179080" bx="149259" by="179078" cx="149259" cy="179096" dx="148570" dy="179093" minz="-6165" maxz="-6015"/>
		<set name="opened" value="false"/>
		<set name="unlockable" value="false"/>
		<set name="key" value="0"/>
		<set name="show_hp" value="false"/>
	</door>
	<door id="24230009" name="FX_E_S.theme_park_e_s.door_trans_mesh00" hp="158250" pdef="644" mdef="518">
		<pos x="148916" y="178962" z="-6164"/>
		<shape ax="148569" ay="178954" bx="149259" by="178952" cx="149259" cy="178970" dx="148570" dy="178967" minz="-6164" maxz="-6014"/>
		<set name="opened" value="false"/>
		<set name="unlockable" value="false"/>
		<set name="key" value="0"/>
		<set name="show_hp" value="false"/>
	</door>
	<door id="24230010" name="FX_E_S.theme_park_e_s.door_trans_mesh00" hp="158250" pdef="644" mdef="518">
		<pos x="148916" y="178835" z="-6165"/>
		<shape ax="148569" ay="178827" bx="149259" by="178825" cx="149259" cy="178843" dx="148570" dy="178840" minz="-6165" maxz="-6015"/>
		<set name="opened" value="false"/>
		<set name="unlockable" value="false"/>
		<set name="key" value="0"/>
		<set name="show_hp" value="false"/>
	</door>
	<door id="24230011" name="FX_E_S.theme_park_e_s.door_trans_mesh00" hp="158250" pdef="644" mdef="518">
		<pos x="148914" y="178711" z="-6163"/>
		<shape ax="148567" ay="178703" bx="149257" by="178701" cx="149257" cy="178719" dx="148568" dy="178716" minz="-6163" maxz="-6013"/>
		<set name="opened" value="false"/>
		<set name="unlockable" value="false"/>
		<set name="key" value="0"/>
		<set name="show_hp" value="false"/>
	</door>
	<door id="24230012" name="FX_E_S.theme_park_e_s.door_trans_mesh00" hp="158250" pdef="644" mdef="518">
		<pos x="148916" y="178586" z="-6164"/>
		<shape ax="148570" ay="178578" bx="149260" by="178576" cx="149260" cy="178594" dx="148571" dy="178591" minz="-6164" maxz="-6014"/>
		<set name="opened" value="false"/>
		<set name="unlockable" value="false"/>
		<set name="key" value="0"/>
		<set name="show_hp" value="false"/>
	</door>
	<door id="24230013" name="FX_E_S.theme_park_e_s.door_trans_mesh00" hp="158250" pdef="644" mdef="518">
		<pos x="148912" y="178464" z="-6163"/>
		<shape ax="148565" ay="178457" bx="149255" by="178455" cx="149255" cy="178473" dx="148566" dy="178470" minz="-6163" maxz="-6013"/>
		<set name="opened" value="false"/>
		<set name="unlockable" value="false"/>
		<set name="key" value="0"/>
		<set name="show_hp" value="false"/>
	</door>
</list>
