<?xml version="1.0" encoding="UTF-8"?><!DOCTYPE list SYSTEM "doors.dtd">

<list>
	<door id="24220001" name="Coral_garden_01" hp="158250" pdef="644" mdef="518">
		<pos x="143674" y="142348" z="-11879"/>
		<shape ax="143564" ay="142327" bx="143787" by="142331" cx="143789" cy="142372" dx="143566" dy="142368" minz="-11918" maxz="-11768"/>
		<set name="opened" value="false"/>
		<set name="unlockable" value="false"/>
		<set name="key" value="9694"/>
		<set name="show_hp" value="false"/>
	</door>
	<door id="24220002" name="Coral_garden_02" hp="158250" pdef="644" mdef="518">
		<pos x="144468" y="142473" z="-11880"/>
		<shape ax="144455" ay="142375" bx="144487" by="142376" cx="144489" cy="142593" dx="144455" dy="142592" minz="-11918" maxz="-11768"/>
		<set name="opened" value="false"/>
		<set name="unlockable" value="false"/>
		<set name="key" value="9694"/>
		<set name="show_hp" value="false"/>
	</door>
	<door id="24220003" name="Coral_garden_03" hp="158250" pdef="644" mdef="518">
		<pos x="147292" y="143712" z="-12203"/>
		<shape ax="147268" ay="143600" bx="147304" by="143598" cx="147307" cy="143826" dx="147269" dy="143826" minz="-12303" maxz="-12153"/>
		<set name="opened" value="false"/>
		<set name="unlockable" value="false"/>
		<set name="key" value="9694"/>
		<set name="show_hp" value="false"/>
	</door>
	<door id="24220004" name="Coral_garden_04" hp="158250" pdef="644" mdef="518">
		<pos x="149588" y="143457" z="-12088"/>
		<shape ax="149490" ay="143369" bx="149528" by="143341" cx="149694" cy="143535" dx="149658" dy="143566" minz="-12132" maxz="-11982"/>
		<set name="opened" value="false"/>
		<set name="unlockable" value="false"/>
		<set name="key" value="9694"/>
		<set name="show_hp" value="false"/>
	</door>
	<door id="24220005" name="Coral_garden_05" hp="158250" pdef="644" mdef="518">
		<pos x="149711" y="147254" z="-12365"/>
		<shape ax="149737" ay="147139" bx="149790" by="147166" cx="149701" cy="147373" dx="149653" dy="147356" minz="-12405" maxz="-12255"/>
		<set name="opened" value="false"/>
		<set name="unlockable" value="false"/>
		<set name="key" value="0"/>
		<set name="show_hp" value="false"/>
	</door>
	<door id="24220006" name="Coral_garden_06" hp="158250" pdef="644" mdef="518">
		<pos x="152762" y="146913" z="-12604"/>
		<shape ax="152655" ay="146847" bx="152869" by="146849" cx="152870" cy="146892" dx="152657" dy="146889" minz="-12617" maxz="-12467"/>
		<set name="opened" value="false"/>
		<set name="unlockable" value="false"/>
		<set name="key" value="0"/>
		<set name="show_hp" value="false"/>
	</door>
	<door id="24220007" name="Coral_garden_07" hp="158250" pdef="644" mdef="518">
		<pos x="153710" y="145940" z="-12564"/>
		<shape ax="153677" ay="145838" bx="153718" by="145841" cx="153719" cy="146054" dx="153679" dy="146053" minz="-12609" maxz="-12459"/>
		<set name="opened" value="false"/>
		<set name="unlockable" value="false"/>
		<set name="key" value="0"/>
		<set name="show_hp" value="false"/>
	</door>
	<door id="24220008" name="Coral_garden_08" hp="158250" pdef="644" mdef="518">
		<pos x="153573" y="143621" z="-12675"/>
		<shape ax="153463" ay="143603" bx="153681" by="143605" cx="153681" cy="143638" dx="153463" dy="143637" minz="-12736" maxz="-12586"/>
		<set name="opened" value="false"/>
		<set name="unlockable" value="false"/>
		<set name="key" value="0"/>
		<set name="show_hp" value="false"/>
	</door>
	<door id="24220009" name="Coral_garden_09" hp="158250" pdef="644" mdef="518">
		<pos x="152822" y="143377" z="-12706"/>
		<shape ax="152740" ay="143304" bx="152925" by="143409" cx="152904" cy="143442" dx="152725" dy="143336" minz="-12735" maxz="-12585"/>
		<set name="opened" value="false"/>
		<set name="unlockable" value="false"/>
		<set name="key" value="0"/>
		<set name="show_hp" value="false"/>
		<set name="close_time" value="10"/>
	</door>
	<door id="24220010" name="Coral_garden_10" hp="158250" pdef="644" mdef="518">
		<pos x="152270" y="142832" z="-12706"/>
		<shape ax="152196" ay="142743" bx="152226" by="142725" cx="152338" cy="142921" dx="152312" dy="142937" minz="-12742" maxz="-12592"/>
		<set name="opened" value="false"/>
		<set name="unlockable" value="false"/>
		<set name="key" value="0"/>
		<set name="show_hp" value="false"/>
	</door>
	<door id="24220011" name="Coral_garden_11" hp="158250" pdef="644" mdef="518">
		<pos x="152071" y="142076" z="-12732"/>
		<shape ax="152049" ay="141975" bx="152096" by="141973" cx="152097" cy="142182" dx="152048" dy="142179" minz="-12736" maxz="-12586"/>
		<set name="opened" value="false"/>
		<set name="unlockable" value="false"/>
		<set name="key" value="0"/>
		<set name="show_hp" value="false"/>
		<set name="close_time" value="10"/>
	</door>
	<door id="24220012" name="Coral_garden_12" hp="158250" pdef="644" mdef="518">
		<pos x="152269" y="141323" z="-12732"/>
		<shape ax="152197" ay="141400" bx="152335" by="141245" cx="152299" cy="141223" dx="152232" dy="141423" minz="-12736" maxz="-12586"/>
		<set name="opened" value="false"/>
		<set name="unlockable" value="false"/>
		<set name="key" value="0"/>
		<set name="show_hp" value="false"/>
		<set name="close_time" value="10"/>
	</door>
	<door id="24220013" name="Coral_garden_13" hp="158250" pdef="644" mdef="518">
		<pos x="152819" y="140775" z="-12706"/>
		<shape ax="152712" ay="140823" bx="152909" by="140708" cx="152922" cy="140727" dx="152725" dy="140844" minz="-12745" maxz="-12595"/>
		<set name="opened" value="false"/>
		<set name="unlockable" value="false"/>
		<set name="key" value="0"/>
		<set name="show_hp" value="false"/>
	</door>
	<door id="24220014" name="Coral_garden_14" hp="158250" pdef="644" mdef="518">
		<pos x="153574" y="140570" z="-12732"/>
		<shape ax="153470" ay="140530" bx="153671" by="140531" cx="153672" cy="140586" dx="153468" dy="140587" minz="-12736" maxz="-12586"/>
		<set name="opened" value="false"/>
		<set name="unlockable" value="false"/>
		<set name="key" value="0"/>
		<set name="show_hp" value="false"/>
		<set name="close_time" value="10"/>
	</door>
	<door id="24220015" name="Coral_garden_15" hp="158250" pdef="644" mdef="518">
		<pos x="154325" y="140775" z="-12710"/>
		<shape ax="154252" ay="140698" bx="154426" by="140797" cx="154402" cy="140844" dx="154226" dy="140742" minz="-12735" maxz="-12585"/>
		<set name="opened" value="false"/>
		<set name="unlockable" value="false"/>
		<set name="key" value="0"/>
		<set name="show_hp" value="false"/>
		<set name="close_time" value="10"/>
	</door>
	<door id="24220016" name="Coral_garden_16" hp="158250" pdef="644" mdef="518">
		<pos x="154873" y="141326" z="-12732"/>
		<shape ax="154808" ay="141242" bx="154844" by="141224" cx="154944" cy="141400" dx="154904" dy="141422" minz="-12736" maxz="-12586"/>
		<set name="opened" value="false"/>
		<set name="unlockable" value="false"/>
		<set name="key" value="0"/>
		<set name="show_hp" value="false"/>
		<set name="close_time" value="10"/>
	</door>
	<door id="24220017" name="Coral_garden_17" hp="158250" pdef="644" mdef="518">
		<pos x="155075" y="142077" z="-12732"/>
		<shape ax="155055" ay="141974" bx="155105" by="141976" cx="155106" cy="142176" dx="155054" dy="142178" minz="-12736" maxz="-12586"/>
		<set name="opened" value="false"/>
		<set name="unlockable" value="false"/>
		<set name="key" value="0"/>
		<set name="show_hp" value="false"/>
		<set name="close_time" value="10"/>
	</door>
	<door id="24220018" name="Coral_garden_18" hp="158250" pdef="644" mdef="518">
		<pos x="154876" y="142827" z="-12732"/>
		<shape ax="154947" ay="142741" bx="154919" by="142725" cx="154833" cy="142931" dx="154810" dy="142918" minz="-12740" maxz="-12590"/>
		<set name="opened" value="false"/>
		<set name="unlockable" value="false"/>
		<set name="key" value="0"/>
		<set name="show_hp" value="false"/>
	</door>
	<door id="24220019" name="Coral_garden_19" hp="158250" pdef="644" mdef="518">
		<pos x="154324" y="143379" z="-12732"/>
		<shape ax="154253" ay="143457" bx="154429" by="143359" cx="154404" cy="143312" dx="154220" dy="143406" minz="-12735" maxz="-12585"/>
		<set name="opened" value="false"/>
		<set name="unlockable" value="false"/>
		<set name="key" value="0"/>
		<set name="show_hp" value="false"/>
		<set name="close_time" value="10"/>
	</door>
	<door id="24220020" name="Coral_garden_20" hp="158250" pdef="644" mdef="518">
		<pos x="144287" y="148923" z="-12136"/>
		<shape ax="144188" ay="148896" bx="144389" by="148897" cx="144390" cy="148933" dx="144188" dy="148932" minz="-12164" maxz="-12014"/>
		<set name="opened" value="false"/>
		<set name="unlockable" value="false"/>
		<set name="key" value="9698"/>
		<set name="show_hp" value="false"/>
	</door>
	<door id="24220021" name="Coral_garden_21" hp="158250" pdef="644" mdef="518">
		<pos x="143874" y="150287" z="-12137"/>
		<shape ax="143857" ay="150194" bx="143902" by="150193" cx="143904" cy="150392" dx="143857" dy="150393" minz="-12164" maxz="-12014"/>
		<set name="opened" value="false"/>
		<set name="unlockable" value="false"/>
		<set name="key" value="0"/>
		<set name="show_hp" value="false"/>
	</door>
	<door id="24220022" name="Coral_garden_22" hp="158250" pdef="644" mdef="518">
		<pos x="144290" y="151654" z="-12136"/>
		<shape ax="144186" ay="151632" bx="144388" by="151635" cx="144388" cy="151680" dx="144187" dy="151681" minz="-12164" maxz="-12014"/>
		<set name="opened" value="false"/>
		<set name="unlockable" value="false"/>
		<set name="key" value="9699"/>
		<set name="show_hp" value="false"/>
	</door>
	<door id="24220023" name="Crystal_Palace_S.door_01_B" hp="158250" pdef="644" mdef="518">
		<pos x="153278" y="149537" z="-12160"/>
		<shape ax="153249" ay="149430" bx="153303" by="149430" cx="153309" cy="149646" dx="153249" dy="149648" minz="-12160" maxz="-12010"/>
		<set name="opened" value="false"/>
		<set name="unlockable" value="false"/>
		<set name="key" value="0"/>
		<set name="show_hp" value="false"/>
	</door>
	<door id="24220024" name="Coral_garden_23" hp="158250" pdef="644" mdef="518">
		<pos x="141825" y="148893" z="-11834"/>
		<shape ax="141802" ay="148790" bx="141851" by="148789" cx="141851" cy="149004" dx="141805" dy="149003" minz="-11838" maxz="-11688"/>
		<set name="opened" value="false"/>
		<set name="unlockable" value="false"/>
		<set name="key" value="0"/>
		<set name="show_hp" value="false"/>
	</door>
	<door id="24220025" name="Coral_garden_24" hp="158250" pdef="644" mdef="518">
		<pos x="141254" y="149546" z="-11836"/>
		<shape ax="141144" ay="149527" bx="141359" by="149526" cx="141359" cy="149567" dx="141144" dy="149575" minz="-11838" maxz="-11688"/>
		<set name="opened" value="false"/>
		<set name="unlockable" value="false"/>
		<set name="key" value="0"/>
		<set name="show_hp" value="false"/>
	</door>
	<door id="24220026" name="Coral_garden_25" hp="158250" pdef="644" mdef="518">
		<pos x="143111" y="154426" z="-11808"/>
		<shape ax="143088" ay="154321" bx="143137" by="154320" cx="143137" cy="154535" dx="143091" dy="154534" minz="-11838" maxz="-11688"/>
		<set name="opened" value="false"/>
		<set name="unlockable" value="false"/>
		<set name="key" value="0"/>
		<set name="show_hp" value="false"/>
	</door>
	<door id="24220030" name="Crystal_Palace_S.door_01_B" hp="158250" pdef="644" mdef="518">
		<pos x="141282" y="140493" z="-15295"/>
		<shape ax="141257" ay="140392" bx="141304" by="140392" cx="141304" cy="140591" dx="141258" dy="140591" minz="-15294" maxz="-15144"/>
		<set name="opened" value="false"/>
		<set name="unlockable" value="false"/>
		<set name="key" value="0"/>
		<set name="show_hp" value="false"/>
	</door>
	<door id="24220031" name="Crystal_Palace_S.door_01_B" hp="158250" pdef="644" mdef="518">
		<pos x="141814" y="140494" z="-15295"/>
		<shape ax="141792" ay="140391" bx="141839" by="140392" cx="141840" cy="140599" dx="141793" dy="140599" minz="-15294" maxz="-15144"/>
		<set name="opened" value="false"/>
		<set name="unlockable" value="false"/>
		<set name="key" value="0"/>
		<set name="show_hp" value="false"/>
	</door>
	<door id="24220032" name="Crystal_Palace_S.door_01_B" hp="158250" pdef="644" mdef="518">
		<pos x="143587" y="140494" z="-15295"/>
		<shape ax="143565" ay="140383" bx="143611" by="140384" cx="143612" cy="140599" dx="143566" dy="140599" minz="-15294" maxz="-15144"/>
		<set name="opened" value="false"/>
		<set name="unlockable" value="false"/>
		<set name="key" value="0"/>
		<set name="show_hp" value="false"/>
	</door>
	<door id="24220033" name="Crystal_Palace_S.door_01_B" hp="158250" pdef="644" mdef="518">
		<pos x="144106" y="140494" z="-15295"/>
		<shape ax="144084" ay="140383" bx="144128" by="140383" cx="144130" cy="140599" dx="144084" dy="140599" minz="-15294" maxz="-15144"/>
		<set name="opened" value="false"/>
		<set name="unlockable" value="false"/>
		<set name="key" value="0"/>
		<set name="show_hp" value="false"/>
	</door>
	<door id="24220034" name="Crystal_Palace_S.door_01_B" hp="158250" pdef="644" mdef="518">
		<pos x="140405" y="141370" z="-15295"/>
		<shape ax="140297" ay="141345" bx="140511" by="141345" cx="140512" cy="141392" dx="140296" dy="141391" minz="-15294" maxz="-15144"/>
		<set name="opened" value="false"/>
		<set name="unlockable" value="false"/>
		<set name="key" value="0"/>
		<set name="show_hp" value="false"/>
	</door>
	<door id="24220035" name="Crystal_Palace_S.door_01_B" hp="158250" pdef="644" mdef="518">
		<pos x="142697" y="141373" z="-15295"/>
		<shape ax="142592" ay="141348" bx="142807" by="141347" cx="142807" cy="141398" dx="142594" dy="141397" minz="-15294" maxz="-15144"/>
		<set name="opened" value="false"/>
		<set name="unlockable" value="false"/>
		<set name="key" value="0"/>
		<set name="show_hp" value="false"/>
	</door>
	<door id="24220036" name="Crystal_Palace_S.door_01_B" hp="158250" pdef="644" mdef="518">
		<pos x="144984" y="141372" z="-15295"/>
		<shape ax="144873" ay="141347" bx="145098" by="141346" cx="145097" cy="141393" dx="144875" dy="141395" minz="-15294" maxz="-15144"/>
		<set name="opened" value="false"/>
		<set name="unlockable" value="false"/>
		<set name="key" value="0"/>
		<set name="show_hp" value="false"/>
	</door>
	<door id="24220037" name="Crystal_Palace_S.door_01_B" hp="158250" pdef="644" mdef="518">
		<pos x="140405" y="141937" z="-15295"/>
		<shape ax="140296" ay="141913" bx="140512" by="141913" cx="140512" cy="141959" dx="140298" dy="141960" minz="-15294" maxz="-15144"/>
		<set name="opened" value="false"/>
		<set name="unlockable" value="false"/>
		<set name="key" value="0"/>
		<set name="show_hp" value="false"/>
	</door>
	<door id="24220038" name="Crystal_Palace_S.door_01_B" hp="158250" pdef="644" mdef="518">
		<pos x="144985" y="141938" z="-15295"/>
		<shape ax="144880" ay="141916" bx="145095" by="141913" cx="145096" cy="141959" dx="144880" dy="141961" minz="-15294" maxz="-15144"/>
		<set name="opened" value="false"/>
		<set name="unlockable" value="false"/>
		<set name="key" value="0"/>
		<set name="show_hp" value="false"/>
	</door>
	<door id="24220039" name="Crystal_Palace_S.door_01_B" hp="158250" pdef="644" mdef="518">
		<pos x="141282" y="142824" z="-15295"/>
		<shape ax="141256" ay="142719" bx="141304" by="142719" cx="141304" cy="142927" dx="141258" dy="142926" minz="-15294" maxz="-15144"/>
		<set name="opened" value="false"/>
		<set name="unlockable" value="false"/>
		<set name="key" value="0"/>
		<set name="show_hp" value="false"/>
	</door>
	<door id="24220040" name="Crystal_Palace_S.door_01_B" hp="158250" pdef="644" mdef="518">
		<pos x="143735" y="142823" z="-15653"/>
		<shape ax="143714" ay="142716" bx="143759" by="142714" cx="143758" cy="142930" dx="143713" dy="142930" minz="-15652" maxz="-15502"/>
		<set name="opened" value="false"/>
		<set name="unlockable" value="false"/>
		<set name="key" value="0"/>
		<set name="show_hp" value="false"/>
	</door>
	<door id="24220041" name="Crystal_Palace_S.door_01_B" hp="158250" pdef="644" mdef="518">
		<pos x="144106" y="142824" z="-15295"/>
		<shape ax="144085" ay="142719" bx="144128" by="142719" cx="144130" cy="142927" dx="144082" dy="142928" minz="-15294" maxz="-15144"/>
		<set name="opened" value="false"/>
		<set name="unlockable" value="false"/>
		<set name="key" value="0"/>
		<set name="show_hp" value="false"/>
	</door>
	<door id="24220042" name="Crystal_Palace_S.Door_05" hp="158250" pdef="644" mdef="518">
		<pos x="146662" y="142824" z="-15913"/>
		<shape ax="146627" ay="142722" bx="146704" by="142722" cx="146707" cy="142926" dx="146628" dy="142927" minz="-15913" maxz="-15763"/>
		<set name="opened" value="false"/>
		<set name="unlockable" value="false"/>
		<set name="key" value="0"/>
		<set name="show_hp" value="false"/>
	</door>
	<door id="24220043" name="Crystal_Palace_S.door_01_B" hp="158250" pdef="644" mdef="518">
		<pos x="140405" y="143708" z="-15295"/>
		<shape ax="140300" ay="143682" bx="140511" by="143682" cx="140512" cy="143726" dx="140301" dy="143726" minz="-15294" maxz="-15144"/>
		<set name="opened" value="false"/>
		<set name="unlockable" value="false"/>
		<set name="key" value="0"/>
		<set name="show_hp" value="false"/>
	</door>
	<door id="24220044" name="Crystal_Palace_S.door_01_B" hp="158250" pdef="644" mdef="518">
		<pos x="140405" y="144274" z="-15295"/>
		<shape ax="140303" ay="144250" bx="140511" by="144250" cx="140511" cy="144297" dx="140304" dy="144296" minz="-15294" maxz="-15144"/>
		<set name="opened" value="false"/>
		<set name="unlockable" value="false"/>
		<set name="key" value="0"/>
		<set name="show_hp" value="false"/>
	</door>
	<door id="24220045" name="Crystal_Palace_S.door_01_B" hp="158250" pdef="644" mdef="518">
		<pos x="142698" y="144274" z="-15295"/>
		<shape ax="142593" ay="144252" bx="142801" by="144247" cx="142801" cy="144300" dx="142592" dy="144299" minz="-15294" maxz="-15144"/>
		<set name="opened" value="false"/>
		<set name="unlockable" value="false"/>
		<set name="key" value="0"/>
		<set name="show_hp" value="false"/>
	</door>
	<door id="24220046" name="Crystal_Palace_S.door_01_B" hp="158250" pdef="644" mdef="518">
		<pos x="144984" y="144275" z="-15295"/>
		<shape ax="144878" ay="144251" bx="145088" by="144252" cx="145088" cy="144301" dx="144881" dy="144301" minz="-15294" maxz="-15144"/>
		<set name="opened" value="false"/>
		<set name="unlockable" value="false"/>
		<set name="key" value="0"/>
		<set name="show_hp" value="false"/>
	</door>
	<door id="24220047" name="Crystal_Palace_S.door_01_B" hp="158250" pdef="644" mdef="518">
		<pos x="141285" y="145154" z="-15295"/>
		<shape ax="141262" ay="145048" bx="141309" by="145048" cx="141310" cy="145263" dx="141265" dy="145262" minz="-15294" maxz="-15144"/>
		<set name="opened" value="false"/>
		<set name="unlockable" value="false"/>
		<set name="key" value="0"/>
		<set name="show_hp" value="false"/>
	</door>
	<door id="24220048" name="Crystal_Palace_S.door_01_B" hp="158250" pdef="644" mdef="518">
		<pos x="141801" y="145155" z="-15295"/>
		<shape ax="141774" ay="145048" bx="141826" by="145048" cx="141824" cy="145262" dx="141777" dy="145263" minz="-15294" maxz="-15144"/>
		<set name="opened" value="false"/>
		<set name="unlockable" value="false"/>
		<set name="key" value="0"/>
		<set name="show_hp" value="false"/>
	</door>
	<door id="24220049" name="Crystal_Palace_S.door_01_B" hp="158250" pdef="644" mdef="518">
		<pos x="143575" y="145155" z="-15295"/>
		<shape ax="143552" ay="145056" bx="143600" by="145056" cx="143601" cy="145256" dx="143552" dy="145255" minz="-15294" maxz="-15144"/>
		<set name="opened" value="false"/>
		<set name="unlockable" value="false"/>
		<set name="key" value="0"/>
		<set name="show_hp" value="false"/>
	</door>
	<door id="24220050" name="Crystal_Palace_S.door_01_B" hp="158250" pdef="644" mdef="518">
		<pos x="144090" y="145154" z="-15295"/>
		<shape ax="144065" ay="145050" bx="144112" by="145049" cx="144114" cy="145256" dx="144065" dy="145256" minz="-15294" maxz="-15144"/>
		<set name="opened" value="false"/>
		<set name="unlockable" value="false"/>
		<set name="key" value="0"/>
		<set name="show_hp" value="false"/>
	</door>
	<door id="24220060" name="Crystal_Palace_S.door_01_B" hp="158250" pdef="644" mdef="518">
		<pos x="144984" y="143699" z="-15293"/>
		<shape ax="144878" ay="143675" bx="145088" by="143676" cx="145088" cy="143725" dx="144881" dy="143725" minz="-15292" maxz="-15142"/>
		<set name="opened" value="false"/>
		<set name="unlockable" value="false"/>
		<set name="key" value="0"/>
		<set name="show_hp" value="false"/>
	</door>
	<door id="24220061" name="Crystal_Palace_S.door_01_B" hp="158250" pdef="644" mdef="518">
		<pos x="152287" y="149987" z="-12160"/>
		<shape ax="152262" ay="149881" bx="152303" by="149884" cx="152304" cy="150097" dx="152264" dy="150096" minz="-12160" maxz="-12010"/>
		<set name="opened" value="false"/>
		<set name="unlockable" value="false"/>
		<set name="key" value="0"/>
		<set name="show_hp" value="false"/>
	</door>
</list>
