<?xml version="1.0" encoding="UTF-8"?><!DOCTYPE list SYSTEM "doors.dtd">

<list>
	<door id="25150001" name="royal_rush_door_2" hp="158250" pdef="644" mdef="518">
		<pos x="179512" y="-88979" z="-7067"/>
		<shape ax="179509" ay="-89162" bx="179570" by="-89164" cx="179571" cy="-88815" dx="179510" dy="-88814" minz="-7254" maxz="-6998"/>
		<set name="opened" value="false"/>
		<set name="unlockable" value="false"/>
		<set name="key" value="0"/>
		<set name="show_hp" value="false"/>
	</door>
	<door id="25150002" name="royal_rush_door_2a" hp="158250" pdef="644" mdef="518">
		<pos x="181248" y="-88979" z="-7066"/>
		<shape ax="181247" ay="-89155" bx="181307" by="-89154" cx="181305" cy="-88804" dx="181243" dy="-88805" minz="-7257" maxz="-7001"/>
		<set name="opened" value="false"/>
		<set name="unlockable" value="false"/>
		<set name="key" value="0"/>
		<set name="show_hp" value="false"/>
	</door>
	<door id="25150003" name="royal_rush_door_2b" hp="158250" pdef="644" mdef="518">
		<pos x="183053" y="-88979" z="-7071"/>
		<shape ax="183040" ay="-89164" bx="183115" by="-89166" cx="183122" cy="-88798" dx="183041" dy="-88796" minz="-7255" maxz="-6999"/>
		<set name="opened" value="false"/>
		<set name="unlockable" value="false"/>
		<set name="key" value="0"/>
		<set name="show_hp" value="false"/>
	</door>
	<door id="25150004" name="royal_rush_door_2c" hp="158250" pdef="644" mdef="518">
		<pos x="184884" y="-88968" z="-7054"/>
		<shape ax="184870" ay="-89149" bx="184943" by="-89149" cx="184940" cy="-88791" dx="184868" dy="-88791" minz="-7257" maxz="-7001"/>
		<set name="opened" value="false"/>
		<set name="unlockable" value="false"/>
		<set name="key" value="0"/>
		<set name="show_hp" value="false"/>
	</door>
	<door id="25150005" name="royal_rush_door_2d" hp="158250" pdef="644" mdef="518">
		<pos x="186685" y="-88965" z="-7072"/>
		<shape ax="186678" ay="-89151" bx="186741" by="-89146" cx="186742" cy="-88788" dx="186680" dy="-88793" minz="-7253" maxz="-6997"/>
		<set name="opened" value="false"/>
		<set name="unlockable" value="false"/>
		<set name="key" value="0"/>
		<set name="show_hp" value="false"/>
	</door>
	<door id="25150006" name="royal_rush_door_2e" hp="158250" pdef="644" mdef="518">
		<pos x="188472" y="-88968" z="-7070"/>
		<shape ax="188466" ay="-89146" bx="188529" by="-89147" cx="188528" cy="-88793" dx="188465" dy="-88793" minz="-7257" maxz="-7001"/>
		<set name="opened" value="false"/>
		<set name="unlockable" value="false"/>
		<set name="key" value="0"/>
		<set name="show_hp" value="false"/>
	</door>
	<door id="25150011" name="royal_rush_door_1" hp="158250" pdef="644" mdef="518">
		<pos x="181195" y="-85594" z="-7069"/>
		<shape ax="181185" ay="-85775" bx="181256" by="-85772" cx="181254" cy="-85412" dx="181184" dy="-85414" minz="-7256" maxz="-7000"/>
		<set name="opened" value="false"/>
		<set name="unlockable" value="false"/>
		<set name="key" value="0"/>
		<set name="show_hp" value="false"/>
	</door>
	<door id="25150012" name="royal_rush_door_1a" hp="158250" pdef="644" mdef="518">
		<pos x="182981" y="-85580" z="-7071"/>
		<shape ax="182971" ay="-85759" bx="183041" by="-85755" cx="183045" cy="-85401" dx="182970" dy="-85399" minz="-7255" maxz="-6999"/>
		<set name="opened" value="false"/>
		<set name="unlockable" value="false"/>
		<set name="key" value="0"/>
		<set name="show_hp" value="false"/>
	</door>
	<door id="25150013" name="royal_rush_door_1b" hp="158250" pdef="644" mdef="518">
		<pos x="184798" y="-85582" z="-7070"/>
		<shape ax="184787" ay="-85758" bx="184854" by="-85759" cx="184857" cy="-85401" dx="184790" dy="-85401" minz="-7253" maxz="-6997"/>
		<set name="opened" value="false"/>
		<set name="unlockable" value="false"/>
		<set name="key" value="0"/>
		<set name="show_hp" value="false"/>
	</door>
	<door id="25150014" name="royal_rush_door_1c" hp="158250" pdef="644" mdef="518">
		<pos x="186575" y="-85576" z="-7073"/>
		<shape ax="186560" ay="-85758" bx="186639" by="-85755" cx="186643" cy="-85390" dx="186564" dy="-85391" minz="-7258" maxz="-7002"/>
		<set name="opened" value="false"/>
		<set name="unlockable" value="false"/>
		<set name="key" value="0"/>
		<set name="show_hp" value="false"/>
	</door>
	<door id="25150015" name="royal_rush_door_1d" hp="158250" pdef="644" mdef="518">
		<pos x="188363" y="-85576" z="-7067"/>
		<shape ax="188342" ay="-85767" bx="188423" by="-85772" cx="188424" cy="-85388" dx="188344" dy="-85383" minz="-7258" maxz="-7002"/>
		<set name="opened" value="false"/>
		<set name="unlockable" value="false"/>
		<set name="key" value="0"/>
		<set name="show_hp" value="false"/>
	</door>
	<door id="25150016" name="royal_rush_door_1e" hp="158250" pdef="644" mdef="518">
		<pos x="190165" y="-85576" z="-7072"/>
		<shape ax="190179" ay="-85760" bx="190255" by="-85754" cx="190258" cy="-85393" dx="190177" dy="-85398" minz="-7257" maxz="-7001"/>
		<set name="opened" value="false"/>
		<set name="unlockable" value="false"/>
		<set name="key" value="0"/>
		<set name="show_hp" value="false"/>
	</door>
	<door id="25150021" name="royal_rush_door_4" hp="158250" pdef="644" mdef="518">
		<pos x="175610" y="-82701" z="-7061"/>
		<shape ax="175429" ay="-82761" bx="175788" by="-82759" cx="175790" cy="-82691" dx="175429" dy="-82693" minz="-7247" maxz="-6991"/>
		<set name="opened" value="false"/>
		<set name="unlockable" value="false"/>
		<set name="key" value="0"/>
		<set name="show_hp" value="false"/>
	</door>
	<door id="25150022" name="royal_rush_door_4a" hp="158250" pdef="644" mdef="518">
		<pos x="175610" y="-80956" z="-7070"/>
		<shape ax="175417" ay="-81018" bx="175798" by="-81024" cx="175801" cy="-80943" dx="175420" dy="-80937" minz="-7265" maxz="-7009"/>
		<set name="opened" value="false"/>
		<set name="unlockable" value="false"/>
		<set name="key" value="0"/>
		<set name="show_hp" value="false"/>
	</door>
	<door id="25150023" name="royal_rush_door_4b" hp="158250" pdef="644" mdef="518">
		<pos x="175601" y="-79162" z="-7069"/>
		<shape ax="175427" ay="-79217" bx="175777" by="-79217" cx="175778" cy="-79155" dx="175429" dy="-79155" minz="-7261" maxz="-7005"/>
		<set name="opened" value="false"/>
		<set name="unlockable" value="false"/>
		<set name="key" value="0"/>
		<set name="show_hp" value="false"/>
	</door>
	<door id="25150024" name="royal_rush_door_4c" hp="158250" pdef="644" mdef="518">
		<pos x="175602" y="-77330" z="-7074"/>
		<shape ax="175425" ay="-77384" bx="175776" by="-77387" cx="175778" cy="-77322" dx="175426" dy="-77319" minz="-7265" maxz="-7009"/>
		<set name="opened" value="false"/>
		<set name="unlockable" value="false"/>
		<set name="key" value="0"/>
		<set name="show_hp" value="false"/>
	</door>
	<door id="25150025" name="royal_rush_door_4d" hp="158250" pdef="644" mdef="518">
		<pos x="175597" y="-75538" z="-7069"/>
		<shape ax="175415" ay="-75595" bx="175773" by="-75595" cx="175777" cy="-75529" dx="175419" dy="-75530" minz="-7250" maxz="-6994"/>
		<set name="opened" value="false"/>
		<set name="unlockable" value="false"/>
		<set name="key" value="0"/>
		<set name="show_hp" value="false"/>
	</door>
	<door id="25150026" name="royal_rush_door_4e" hp="158250" pdef="644" mdef="518">
		<pos x="175588" y="-73721" z="-7067"/>
		<shape ax="175405" ay="-73778" bx="175771" by="-73781" cx="175771" cy="-73712" dx="175410" dy="-73714" minz="-7253" maxz="-6997"/>
		<set name="opened" value="false"/>
		<set name="unlockable" value="false"/>
		<set name="key" value="0"/>
		<set name="show_hp" value="false"/>
	</door>
	<door id="25150031" name="royal_rush_door_3" hp="158250" pdef="644" mdef="518">
		<pos x="173218" y="-86614" z="-7073"/>
		<shape ax="173033" ay="-86673" bx="173397" by="-86673" cx="173400" cy="-86604" dx="173036" dy="-86604" minz="-7271" maxz="-7015"/>
		<set name="opened" value="false"/>
		<set name="unlockable" value="false"/>
		<set name="key" value="0"/>
		<set name="show_hp" value="false"/>
	</door>
	<door id="25150032" name="royal_rush_door_3a" hp="158250" pdef="644" mdef="518">
		<pos x="173218" y="-84780" z="-7069"/>
		<shape ax="173032" ay="-84846" bx="173399" by="-84844" cx="173404" cy="-84768" dx="173032" dy="-84770" minz="-7271" maxz="-7015"/>
		<set name="opened" value="false"/>
		<set name="unlockable" value="false"/>
		<set name="key" value="0"/>
		<set name="show_hp" value="false"/>
	</door>
	<door id="25150033" name="royal_rush_door_3b" hp="158250" pdef="644" mdef="518">
		<pos x="173210" y="-82974" z="-7069"/>
		<shape ax="173038" ay="-83033" bx="173389" by="-83033" cx="173392" cy="-82967" dx="173038" dy="-82966" minz="-7262" maxz="-7006"/>
		<set name="opened" value="false"/>
		<set name="unlockable" value="false"/>
		<set name="key" value="0"/>
		<set name="show_hp" value="false"/>
	</door>
	<door id="25150034" name="royal_rush_door_3c" hp="158250" pdef="644" mdef="518">
		<pos x="173212" y="-81165" z="-7067"/>
		<shape ax="173034" ay="-81217" bx="173387" by="-81221" cx="173388" cy="-81156" dx="173035" dy="-81152" minz="-7253" maxz="-6997"/>
		<set name="opened" value="false"/>
		<set name="unlockable" value="false"/>
		<set name="key" value="0"/>
		<set name="show_hp" value="false"/>
	</door>
	<door id="25150035" name="royal_rush_door_3d" hp="158250" pdef="644" mdef="518">
		<pos x="173215" y="-79393" z="-7062"/>
		<shape ax="173029" ay="-79450" bx="173384" by="-79449" cx="173384" cy="-79384" dx="173028" dy="-79385" minz="-7252" maxz="-6996"/>
		<set name="opened" value="false"/>
		<set name="unlockable" value="false"/>
		<set name="key" value="0"/>
		<set name="show_hp" value="false"/>
	</door>
	<door id="25150036" name="royal_rush_door_3e" hp="158250" pdef="644" mdef="518">
		<pos x="173196" y="-77563" z="-7065"/>
		<shape ax="173021" ay="-77619" bx="173370" by="-77621" cx="173371" cy="-77559" dx="173022" dy="-77558" minz="-7251" maxz="-6995"/>
		<set name="opened" value="false"/>
		<set name="unlockable" value="false"/>
		<set name="key" value="0"/>
		<set name="show_hp" value="false"/>
	</door>
	<door id="25150042" name="Godad_Catacomb_S.cataking_door02" hp="158250" pdef="644" mdef="518">
		<pos x="174064" y="-77591" z="-4968"/>
		<shape ax="173886" ay="-77647" bx="174242" by="-77648" cx="174241" cy="-77586" dx="173886" dy="-77586" minz="-5160" maxz="-4904"/>
		<set name="opened" value="false"/>
		<set name="unlockable" value="true"/>
		<set name="key" value="0"/>
		<set name="show_hp" value="false"/>
	</door>
	<door id="25150043" name="Godad_Catacomb_S.cataking_door02" hp="158250" pdef="644" mdef="518">
		<pos x="174063" y="-80203" z="-4968"/>
		<shape ax="173885" ay="-80259" bx="174241" by="-80260" cx="174240" cy="-80198" dx="173885" dy="-80198" minz="-5160" maxz="-4904"/>
		<set name="opened" value="false"/>
		<set name="unlockable" value="true"/>
		<set name="key" value="0"/>
		<set name="show_hp" value="false"/>
	</door>
	<door id="25150045" name="Godad_Catacomb_S.cataking_door02" hp="158250" pdef="644" mdef="518">
		<pos x="174063" y="-83355" z="-4961"/>
		<shape ax="173885" ay="-83411" bx="174241" by="-83412" cx="174240" cy="-83350" dx="173885" dy="-83350" minz="-5153" maxz="-4897"/>
		<set name="opened" value="false"/>
		<set name="unlockable" value="true"/>
		<set name="key" value="0"/>
		<set name="show_hp" value="false"/>
	</door>
	<door id="25150046" name="Godad_Catacomb_S.catabossroomDoor" hp="158250" pdef="644" mdef="518">
		<pos x="174237" y="-86037" z="-4923"/>
		<shape ax="173998" ay="-86080" bx="174475" by="-86080" cx="174475" cy="-85991" dx="173998" dy="-85992" minz="-5152" maxz="-4896"/>
		<set name="opened" value="false"/>
		<set name="unlockable" value="true"/>
		<set name="key" value="0"/>
		<set name="show_hp" value="false"/>
	</door>
	<door id="25150051" name="Godad_Catacomb_S.cataboss_door01" hp="158250" pdef="644" mdef="518">
		<pos x="173133" y="-76024" z="-4884"/>
		<shape ax="173060" ay="-76455" bx="173219" by="-76455" cx="173215" cy="-75593" dx="173056" dy="-75593" minz="-5165" maxz="-4909"/>
		<set name="opened" value="false"/>
		<set name="unlockable" value="true"/>
		<set name="key" value="0"/>
		<set name="show_hp" value="false"/>
	</door>
	<door id="25150052" name="Godad_Catacomb_S.cataboss_door01" hp="158250" pdef="644" mdef="518">
		<pos x="173402" y="-76721" z="-4884"/>
		<shape ax="173649" ay="-77060" bx="173713" by="-76935" cx="173198" cy="-76411" dx="173051" dy="-76483" minz="-5165" maxz="-4909"/>
		<set name="opened" value="false"/>
		<set name="unlockable" value="true"/>
		<set name="key" value="0"/>
		<set name="show_hp" value="false"/>
	</door>
	<door id="25150053" name="Godad_Catacomb_S.cataboss_door01" hp="158250" pdef="644" mdef="518">
		<pos x="174100" y="-77007" z="-4884"/>
		<shape ax="174532" ay="-77061" bx="174484" by="-76949" cx="173727" cy="-76941" dx="173672" dy="-77063" minz="-5165" maxz="-4909"/>
		<set name="opened" value="false"/>
		<set name="unlockable" value="true"/>
		<set name="key" value="0"/>
		<set name="show_hp" value="false"/>
	</door>
	<door id="25150054" name="Godad_Catacomb_S.cataboss_door01" hp="158250" pdef="644" mdef="518">
		<pos x="174792" y="-76730" z="-4884"/>
		<shape ax="175130" ay="-76445" bx="175023" by="-76423" cx="174475" cy="-76956" dx="174532" dy="-77073" minz="-5165" maxz="-4909"/>
		<set name="opened" value="false"/>
		<set name="unlockable" value="true"/>
		<set name="key" value="0"/>
		<set name="show_hp" value="false"/>
	</door>
	<door id="25150055" name="Godad_Catacomb_S.cataboss_door01" hp="158250" pdef="644" mdef="518">
		<pos x="175076" y="-76037" z="-4884"/>
		<shape ax="175134" ay="-75608" bx="175012" by="-75654" cx="175019" cy="-76423" dx="175133" dy="-76464" minz="-5165" maxz="-4909"/>
		<set name="opened" value="false"/>
		<set name="unlockable" value="true"/>
		<set name="key" value="0"/>
		<set name="show_hp" value="false"/>
	</door>
	<door id="25150056" name="Godad_Catacomb_S.cataboss_door01" hp="158250" pdef="644" mdef="518">
		<pos x="174805" y="-75336" z="-4884"/>
		<shape ax="174538" ay="-74997" bx="174492" by="-75110" cx="175030" cy="-75654" dx="175148" dy="-75601" minz="-5165" maxz="-4909"/>
		<set name="opened" value="false"/>
		<set name="unlockable" value="true"/>
		<set name="key" value="0"/>
		<set name="show_hp" value="false"/>
	</door>
	<door id="25150057" name="Godad_Catacomb_S.cataboss_door01" hp="158250" pdef="644" mdef="518">
		<pos x="174108" y="-75056" z="-4884"/>
		<shape ax="173673" ay="-74996" bx="173719" by="-75120" cx="174493" cy="-75125" dx="174548" dy="-74988" minz="-5165" maxz="-4909"/>
		<set name="opened" value="false"/>
		<set name="unlockable" value="true"/>
		<set name="key" value="0"/>
		<set name="show_hp" value="false"/>
	</door>
	<door id="25150058" name="Godad_Catacomb_S.cataboss_door01" hp="158250" pdef="644" mdef="518">
		<pos x="173416" y="-75326" z="-4884"/>
		<shape ax="173072" ay="-75585" bx="173191" by="-75649" cx="173736" cy="-75103" dx="173681" dy="-74984" minz="-5165" maxz="-4909"/>
		<set name="opened" value="false"/>
		<set name="unlockable" value="true"/>
		<set name="key" value="0"/>
		<set name="show_hp" value="false"/>
	</door>
	<door id="25150061" name="Godad_Catacomb_S.cataboss_door02_2" hp="158250" pdef="644" mdef="518">
		<pos x="174507" y="-83018" z="-4891"/>
		<shape ax="174448" ay="-83266" bx="174562" by="-83260" cx="174565" cy="-82758" dx="174449" dy="-82752" minz="-5159" maxz="-4903"/>
		<set name="opened" value="false"/>
		<set name="unlockable" value="true"/>
		<set name="key" value="0"/>
		<set name="show_hp" value="false"/>
	</door>
	<door id="25150062" name="Godad_Catacomb_S.cataboss_door02_1" hp="158250" pdef="644" mdef="518">
		<pos x="174631" y="-82513" z="-4891"/>
		<shape ax="174423" ay="-82765" bx="174845" by="-82199" cx="174544" cy="-82817" dx="174703" dy="-82142" minz="-5157" maxz="-4901"/>
		<set name="opened" value="false"/>
		<set name="unlockable" value="true"/>
		<set name="key" value="0"/>
		<set name="show_hp" value="false"/>
	</door>
	<door id="25150063" name="Godad_Catacomb_S.cataboss_door02" hp="158250" pdef="644" mdef="518">
		<pos x="174766" y="-81794" z="-4877"/>
		<shape ax="174701" ay="-82173" bx="174829" by="-82219" cx="174832" cy="-81378" dx="174709" dy="-81432" minz="-5159" maxz="-4903"/>
		<set name="opened" value="false"/>
		<set name="unlockable" value="true"/>
		<set name="key" value="0"/>
		<set name="show_hp" value="false"/>
	</door>
	<door id="25150064" name="Godad_Catacomb_S.cataboss_door02_1" hp="158250" pdef="644" mdef="518">
		<pos x="174641" y="-81073" z="-4891"/>
		<shape ax="174716" ay="-81441" bx="174847" by="-81380" cx="174560" cy="-80769" dx="174442" dy="-80824" minz="-5158" maxz="-4902"/>
		<set name="opened" value="false"/>
		<set name="unlockable" value="true"/>
		<set name="key" value="0"/>
		<set name="show_hp" value="false"/>
	</door>
	<door id="25150065" name="Godad_Catacomb_S.cataboss_door02_2" hp="158250" pdef="644" mdef="518">
		<pos x="174508" y="-80552" z="-4891"/>
		<shape ax="174452" ay="-80810" bx="174568" by="-80821" cx="174567" cy="-80307" dx="174449" dy="-80304" minz="-5159" maxz="-4903"/>
		<set name="opened" value="false"/>
		<set name="unlockable" value="true"/>
		<set name="key" value="0"/>
		<set name="show_hp" value="false"/>
	</door>
	<door id="25150066" name="Godad_Catacomb_S.cataboss_door02_2" hp="158250" pdef="644" mdef="518">
		<pos x="173635" y="-80552" z="-4891"/>
		<shape ax="173581" ay="-80805" bx="173690" by="-80807" cx="173691" cy="-80297" dx="173583" dy="-80297" minz="-5159" maxz="-4903"/>
		<set name="opened" value="false"/>
		<set name="unlockable" value="true"/>
		<set name="key" value="0"/>
		<set name="show_hp" value="false"/>
	</door>
	<door id="25150067" name="Godad_Catacomb_S.cataboss_door02_1" hp="158250" pdef="644" mdef="518">
		<pos x="173511" y="-81056" z="-4891"/>
		<shape ax="173320" ay="-81356" bx="173434" by="-81420" cx="173708" cy="-80802" dx="173585" dy="-80767" minz="-5168" maxz="-4912"/>
		<set name="opened" value="false"/>
		<set name="unlockable" value="true"/>
		<set name="key" value="0"/>
		<set name="show_hp" value="false"/>
	</door>
	<door id="25150068" name="Godad_Catacomb_S.cataboss_door02" hp="158250" pdef="644" mdef="518">
		<pos x="173376" y="-81776" z="-4877"/>
		<shape ax="173308" ay="-82195" bx="173449" by="-82190" cx="173443" cy="-81388" dx="173312" dy="-81387" minz="-5160" maxz="-4904"/>
		<set name="opened" value="false"/>
		<set name="unlockable" value="true"/>
		<set name="key" value="0"/>
		<set name="show_hp" value="false"/>
	</door>
	<door id="25150069" name="Godad_Catacomb_S.cataboss_door02_1" hp="158250" pdef="644" mdef="518">
		<pos x="173501" y="-82497" z="-4891"/>
		<shape ax="173588" ay="-82774" bx="173701" by="-82734" cx="173446" cy="-82171" dx="173308" dy="-82179" minz="-5157" maxz="-4901"/>
		<set name="opened" value="false"/>
		<set name="unlockable" value="true"/>
		<set name="key" value="0"/>
		<set name="show_hp" value="false"/>
	</door>
	<door id="25150070" name="Godad_Catacomb_S.cataboss_door02_2" hp="158250" pdef="644" mdef="518">
		<pos x="173634" y="-83018" z="-4891"/>
		<shape ax="173574" ay="-83267" bx="173687" by="-83264" cx="173691" cy="-82764" dx="173578" dy="-82767" minz="-5160" maxz="-4904"/>
		<set name="opened" value="false"/>
		<set name="unlockable" value="true"/>
		<set name="key" value="0"/>
		<set name="show_hp" value="false"/>
	</door>
</list>
